ObjectId,Country,ISO3,Year,Temperature
1,"Afghanistan, Islamic Rep. of",AFG,1961,-0.113
1,"Afghanistan, Islamic Rep. of",AFG,1962,-0.164
1,"Afghanistan, Islamic Rep. of",AFG,1963,0.847
1,"Afghanistan, Islamic Rep. of",AFG,1964,-0.764
1,"Afghanistan, Islamic Rep. of",AFG,1965,-0.244
1,"Afghanistan, Islamic Rep. of",AFG,1966,0.226
1,"Afghanistan, Islamic Rep. of",AFG,1967,-0.371
1,"Afghanistan, Islamic Rep. of",AFG,1968,-0.423
1,"Afghanistan, Islamic Rep. of",AFG,1969,-0.539
1,"Afghanistan, Islamic Rep. of",AFG,1970,0.813
1,"Afghanistan, Islamic Rep. of",AFG,1971,0.619
1,"Afghanistan, Islamic Rep. of",AFG,1972,-1.124
1,"Afghanistan, Islamic Rep. of",AFG,1973,0.232
1,"Afghanistan, Islamic Rep. of",AFG,1974,-0.489
1,"Afghanistan, Islamic Rep. of",AFG,1975,-0.445
1,"Afghanistan, Islamic Rep. of",AFG,1976,-0.286
1,"Afghanistan, Islamic Rep. of",AFG,1977,0.513
1,"Afghanistan, Islamic Rep. of",AFG,1978,0.129
1,"Afghanistan, Islamic Rep. of",AFG,1979,0.361
1,"Afghanistan, Islamic Rep. of",AFG,1980,0.6
1,"Afghanistan, Islamic Rep. of",AFG,1981,0.483
1,"Afghanistan, Islamic Rep. of",AFG,1982,-0.346
1,"Afghanistan, Islamic Rep. of",AFG,1983,0.164
1,"Afghanistan, Islamic Rep. of",AFG,1984,0.145
1,"Afghanistan, Islamic Rep. of",AFG,1985,0.283
1,"Afghanistan, Islamic Rep. of",AFG,1986,-0.141
1,"Afghanistan, Islamic Rep. of",AFG,1987,0.391
1,"Afghanistan, Islamic Rep. of",AFG,1988,0.919
1,"Afghanistan, Islamic Rep. of",AFG,1989,-0.205
1,"Afghanistan, Islamic Rep. of",AFG,1990,0.73
1,"Afghanistan, Islamic Rep. of",AFG,1991,-0.168
1,"Afghanistan, Islamic Rep. of",AFG,1992,-0.294
1,"Afghanistan, Islamic Rep. of",AFG,1993,0.22
1,"Afghanistan, Islamic Rep. of",AFG,1994,0.43
1,"Afghanistan, Islamic Rep. of",AFG,1995,0.359
1,"Afghanistan, Islamic Rep. of",AFG,1996,-0.116
1,"Afghanistan, Islamic Rep. of",AFG,1997,0.471
1,"Afghanistan, Islamic Rep. of",AFG,1998,0.675
1,"Afghanistan, Islamic Rep. of",AFG,1999,1.198
1,"Afghanistan, Islamic Rep. of",AFG,2000,0.993
1,"Afghanistan, Islamic Rep. of",AFG,2001,1.311
1,"Afghanistan, Islamic Rep. of",AFG,2002,1.365
1,"Afghanistan, Islamic Rep. of",AFG,2003,0.587
1,"Afghanistan, Islamic Rep. of",AFG,2004,1.373
1,"Afghanistan, Islamic Rep. of",AFG,2005,0.401
1,"Afghanistan, Islamic Rep. of",AFG,2006,1.72
1,"Afghanistan, Islamic Rep. of",AFG,2007,0.675
1,"Afghanistan, Islamic Rep. of",AFG,2008,0.704
1,"Afghanistan, Islamic Rep. of",AFG,2009,0.895
1,"Afghanistan, Islamic Rep. of",AFG,2010,1.613
1,"Afghanistan, Islamic Rep. of",AFG,2011,1.397
1,"Afghanistan, Islamic Rep. of",AFG,2012,0.223
1,"Afghanistan, Islamic Rep. of",AFG,2013,1.281
1,"Afghanistan, Islamic Rep. of",AFG,2014,0.456
1,"Afghanistan, Islamic Rep. of",AFG,2015,1.093
1,"Afghanistan, Islamic Rep. of",AFG,2016,1.555
1,"Afghanistan, Islamic Rep. of",AFG,2017,1.54
1,"Afghanistan, Islamic Rep. of",AFG,2018,1.544
1,"Afghanistan, Islamic Rep. of",AFG,2019,0.91
1,"Afghanistan, Islamic Rep. of",AFG,2020,0.498
1,"Afghanistan, Islamic Rep. of",AFG,2021,1.327
1,"Afghanistan, Islamic Rep. of",AFG,2022,2.012
2,Albania,ALB,1961,0.627
2,Albania,ALB,1962,0.326
2,Albania,ALB,1963,0.075
2,Albania,ALB,1964,-0.166
2,Albania,ALB,1965,-0.388
2,Albania,ALB,1966,0.559
2,Albania,ALB,1967,-0.074
2,Albania,ALB,1968,0.081
2,Albania,ALB,1969,-0.013
2,Albania,ALB,1970,-0.106
2,Albania,ALB,1971,-0.195
2,Albania,ALB,1972,-0.069
2,Albania,ALB,1973,-0.288
2,Albania,ALB,1974,-0.139
2,Albania,ALB,1975,-0.211
2,Albania,ALB,1976,-0.683
2,Albania,ALB,1977,0.545
2,Albania,ALB,1978,-0.814
2,Albania,ALB,1979,0.203
2,Albania,ALB,1980,-0.414
2,Albania,ALB,1981,-0.351
2,Albania,ALB,1982,0.173
2,Albania,ALB,1983,-0.128
2,Albania,ALB,1984,-0.27
2,Albania,ALB,1985,-0.103
2,Albania,ALB,1986,0.569
2,Albania,ALB,1987,-0.106
2,Albania,ALB,1988,0.37
2,Albania,ALB,1989,-0.066
2,Albania,ALB,1990,0.795
2,Albania,ALB,1991,-0.269
2,Albania,ALB,1992,0.106
2,Albania,ALB,1993,0.076
2,Albania,ALB,1994,1.33
2,Albania,ALB,1995,-0.172
2,Albania,ALB,1996,-0.038
2,Albania,ALB,1997,0.075
2,Albania,ALB,1998,0.795
2,Albania,ALB,1999,0.67
2,Albania,ALB,2000,1.065
2,Albania,ALB,2001,1.532
2,Albania,ALB,2002,0.492
2,Albania,ALB,2003,0.97
2,Albania,ALB,2004,0.444
2,Albania,ALB,2005,0.189
2,Albania,ALB,2006,0.345
2,Albania,ALB,2007,1.316
2,Albania,ALB,2008,0.978
2,Albania,ALB,2009,0.91
2,Albania,ALB,2010,1.191
2,Albania,ALB,2011,1.055
2,Albania,ALB,2012,1.487
2,Albania,ALB,2013,1.333
2,Albania,ALB,2014,1.198
2,Albania,ALB,2015,1.569
2,Albania,ALB,2016,1.464
2,Albania,ALB,2017,1.121
2,Albania,ALB,2018,2.028
2,Albania,ALB,2019,1.675
2,Albania,ALB,2020,1.498
2,Albania,ALB,2021,1.536
2,Albania,ALB,2022,1.518
3,Algeria,DZA,1961,0.164
3,Algeria,DZA,1962,0.114
3,Algeria,DZA,1963,0.077
3,Algeria,DZA,1964,0.25
3,Algeria,DZA,1965,-0.1
3,Algeria,DZA,1966,0.433
3,Algeria,DZA,1967,-0.026
3,Algeria,DZA,1968,-0.067
3,Algeria,DZA,1969,0.291
3,Algeria,DZA,1970,0.116
3,Algeria,DZA,1971,-0.385
3,Algeria,DZA,1972,-0.348
3,Algeria,DZA,1973,-0.015
3,Algeria,DZA,1974,-0.503
3,Algeria,DZA,1975,-0.539
3,Algeria,DZA,1976,-0.782
3,Algeria,DZA,1977,0.504
3,Algeria,DZA,1978,0.012
3,Algeria,DZA,1979,0.654
3,Algeria,DZA,1980,0.232
3,Algeria,DZA,1981,0.215
3,Algeria,DZA,1982,0.399
3,Algeria,DZA,1983,0.56
3,Algeria,DZA,1984,-0.004
3,Algeria,DZA,1985,0.508
3,Algeria,DZA,1986,0.296
3,Algeria,DZA,1987,0.975
3,Algeria,DZA,1988,1.304
3,Algeria,DZA,1989,0.386
3,Algeria,DZA,1990,1.266
3,Algeria,DZA,1991,0.031
3,Algeria,DZA,1992,-0.312
3,Algeria,DZA,1993,0.552
3,Algeria,DZA,1994,0.732
3,Algeria,DZA,1995,0.595
3,Algeria,DZA,1996,0.846
3,Algeria,DZA,1997,1.059
3,Algeria,DZA,1998,1.109
3,Algeria,DZA,1999,1.476
3,Algeria,DZA,2000,0.82
3,Algeria,DZA,2001,1.856
3,Algeria,DZA,2002,1.258
3,Algeria,DZA,2003,1.585
3,Algeria,DZA,2004,0.988
3,Algeria,DZA,2005,1.264
3,Algeria,DZA,2006,1.395
3,Algeria,DZA,2007,1.22
3,Algeria,DZA,2008,1.185
3,Algeria,DZA,2009,0.945
3,Algeria,DZA,2010,2.265
3,Algeria,DZA,2011,1.398
3,Algeria,DZA,2012,1.147
3,Algeria,DZA,2013,1.192
3,Algeria,DZA,2014,1.69
3,Algeria,DZA,2015,1.121
3,Algeria,DZA,2016,1.757
3,Algeria,DZA,2017,1.512
3,Algeria,DZA,2018,1.21
3,Algeria,DZA,2019,1.115
3,Algeria,DZA,2020,1.926
3,Algeria,DZA,2021,2.33
3,Algeria,DZA,2022,1.688
4,American Samoa,ASM,1961,0.079
4,American Samoa,ASM,1962,-0.042
4,American Samoa,ASM,1963,0.169
4,American Samoa,ASM,1964,-0.14
4,American Samoa,ASM,1965,-0.562
4,American Samoa,ASM,1966,0.181
4,American Samoa,ASM,1967,-0.368
4,American Samoa,ASM,1968,-0.187
4,American Samoa,ASM,1969,0.132
4,American Samoa,ASM,1970,-0.047
4,American Samoa,ASM,1971,-0.477
4,American Samoa,ASM,1972,-0.067
4,American Samoa,ASM,1973,0.33
4,American Samoa,ASM,1974,-0.308
4,American Samoa,ASM,1975,-0.118
4,American Samoa,ASM,1976,-0.177
4,American Samoa,ASM,1977,0.156
4,American Samoa,ASM,1978,0.092
4,American Samoa,ASM,1979,0.341
4,American Samoa,ASM,1980,0.35
4,American Samoa,ASM,1981,0.179
4,American Samoa,ASM,1982,0.28
4,American Samoa,ASM,1983,0.313
4,American Samoa,ASM,1984,0.277
4,American Samoa,ASM,1985,0.256
4,American Samoa,ASM,1986,0.394
4,American Samoa,ASM,1987,0.354
4,American Samoa,ASM,1988,0.509
4,American Samoa,ASM,1989,0.143
4,American Samoa,ASM,1990,0.497
4,American Samoa,ASM,1991,0.641
4,American Samoa,ASM,1992,0.344
4,American Samoa,ASM,1993,-0.069
4,American Samoa,ASM,1994,0.189
4,American Samoa,ASM,1995,0.755
4,American Samoa,ASM,1996,0.784
4,American Samoa,ASM,1999,0.242
4,American Samoa,ASM,2000,0.626
4,American Samoa,ASM,2001,0.904
4,American Samoa,ASM,2002,1.152
4,American Samoa,ASM,2003,0.716
4,American Samoa,ASM,2004,0.191
4,American Samoa,ASM,2005,0.801
4,American Samoa,ASM,2006,0.403
4,American Samoa,ASM,2007,1.032
4,American Samoa,ASM,2008,0.67
4,American Samoa,ASM,2010,1.311
4,American Samoa,ASM,2011,0.854
4,American Samoa,ASM,2012,0.924
4,American Samoa,ASM,2013,1.257
4,American Samoa,ASM,2014,1.17
4,American Samoa,ASM,2015,1.009
4,American Samoa,ASM,2016,1.539
4,American Samoa,ASM,2017,1.435
4,American Samoa,ASM,2018,1.189
4,American Samoa,ASM,2019,1.539
4,American Samoa,ASM,2020,1.43
4,American Samoa,ASM,2021,1.268
4,American Samoa,ASM,2022,1.256
5,"Andorra, Principality of",AND,1961,0.736
5,"Andorra, Principality of",AND,1962,0.112
5,"Andorra, Principality of",AND,1963,-0.752
5,"Andorra, Principality of",AND,1964,0.308
5,"Andorra, Principality of",AND,1965,-0.49
5,"Andorra, Principality of",AND,1966,0.415
5,"Andorra, Principality of",AND,1967,0.637
5,"Andorra, Principality of",AND,1968,0.018
5,"Andorra, Principality of",AND,1969,-0.137
5,"Andorra, Principality of",AND,1970,0.121
5,"Andorra, Principality of",AND,1971,-0.326
5,"Andorra, Principality of",AND,1972,-0.499
5,"Andorra, Principality of",AND,1973,0.025
5,"Andorra, Principality of",AND,1974,-0.371
5,"Andorra, Principality of",AND,1975,0.246
5,"Andorra, Principality of",AND,1976,-0.045
5,"Andorra, Principality of",AND,1977,-0.093
5,"Andorra, Principality of",AND,1978,-0.163
5,"Andorra, Principality of",AND,1979,0.058
5,"Andorra, Principality of",AND,1980,-0.188
5,"Andorra, Principality of",AND,1981,0.178
5,"Andorra, Principality of",AND,1982,1.044
5,"Andorra, Principality of",AND,1983,0.859
5,"Andorra, Principality of",AND,1984,-0.157
5,"Andorra, Principality of",AND,1985,0.059
5,"Andorra, Principality of",AND,1986,0.387
5,"Andorra, Principality of",AND,1987,0.397
5,"Andorra, Principality of",AND,1988,0.883
5,"Andorra, Principality of",AND,1989,1.162
5,"Andorra, Principality of",AND,1990,1.736
5,"Andorra, Principality of",AND,1991,0.231
5,"Andorra, Principality of",AND,1992,0.386
5,"Andorra, Principality of",AND,1993,0.174
5,"Andorra, Principality of",AND,1994,1.508
5,"Andorra, Principality of",AND,1995,1.279
5,"Andorra, Principality of",AND,1996,0.57
5,"Andorra, Principality of",AND,1997,1.788
5,"Andorra, Principality of",AND,1998,1.018
5,"Andorra, Principality of",AND,1999,1.055
5,"Andorra, Principality of",AND,2000,1.05
5,"Andorra, Principality of",AND,2001,1.48
5,"Andorra, Principality of",AND,2002,0.835
5,"Andorra, Principality of",AND,2003,1.949
5,"Andorra, Principality of",AND,2004,0.936
5,"Andorra, Principality of",AND,2005,0.851
5,"Andorra, Principality of",AND,2006,1.485
5,"Andorra, Principality of",AND,2007,1.024
5,"Andorra, Principality of",AND,2008,0.946
5,"Andorra, Principality of",AND,2009,1.413
5,"Andorra, Principality of",AND,2010,0.471
5,"Andorra, Principality of",AND,2011,1.677
5,"Andorra, Principality of",AND,2012,1.265
5,"Andorra, Principality of",AND,2013,0.831
5,"Andorra, Principality of",AND,2014,1.946
5,"Andorra, Principality of",AND,2015,1.69
5,"Andorra, Principality of",AND,2016,1.99
5,"Andorra, Principality of",AND,2017,1.925
5,"Andorra, Principality of",AND,2018,1.919
5,"Andorra, Principality of",AND,2019,1.964
5,"Andorra, Principality of",AND,2020,2.562
5,"Andorra, Principality of",AND,2021,1.533
5,"Andorra, Principality of",AND,2022,3.243
6,Angola,AGO,1961,0.041
6,Angola,AGO,1962,-0.152
6,Angola,AGO,1963,-0.19
6,Angola,AGO,1964,-0.229
6,Angola,AGO,1965,-0.196
6,Angola,AGO,1966,0.175
6,Angola,AGO,1967,-0.081
6,Angola,AGO,1968,-0.193
6,Angola,AGO,1969,0.188
6,Angola,AGO,1970,0.248
6,Angola,AGO,1971,-0.097
6,Angola,AGO,1972,-0.035
6,Angola,AGO,1973,0.475
6,Angola,AGO,1974,-0.158
6,Angola,AGO,1975,-0.029
6,Angola,AGO,1976,-0.313
6,Angola,AGO,1977,0.272
6,Angola,AGO,1978,0.037
6,Angola,AGO,1979,0.291
6,Angola,AGO,1980,0.279
6,Angola,AGO,1981,-0.071
6,Angola,AGO,1982,0.164
6,Angola,AGO,1983,0.487
6,Angola,AGO,1984,0.631
6,Angola,AGO,1985,0.694
6,Angola,AGO,1986,0.176
6,Angola,AGO,1987,0.689
6,Angola,AGO,1988,0.572
6,Angola,AGO,1989,-0.055
6,Angola,AGO,1990,0.687
6,Angola,AGO,1991,0.341
6,Angola,AGO,1992,0.466
6,Angola,AGO,1993,0.256
6,Angola,AGO,1994,0.212
6,Angola,AGO,1995,0.753
6,Angola,AGO,1996,0.37
6,Angola,AGO,1997,0.107
6,Angola,AGO,1998,1.064
6,Angola,AGO,1999,0.417
6,Angola,AGO,2000,0.169
6,Angola,AGO,2001,0.295
6,Angola,AGO,2002,0.735
6,Angola,AGO,2003,0.889
6,Angola,AGO,2004,0.414
6,Angola,AGO,2005,1.021
6,Angola,AGO,2006,0.561
6,Angola,AGO,2007,0.885
6,Angola,AGO,2008,0.501
6,Angola,AGO,2009,0.708
6,Angola,AGO,2010,1.194
6,Angola,AGO,2011,0.88
6,Angola,AGO,2012,0.552
6,Angola,AGO,2013,1.044
6,Angola,AGO,2014,0.828
6,Angola,AGO,2015,1.331
6,Angola,AGO,2016,1.609
6,Angola,AGO,2017,0.87
6,Angola,AGO,2018,1.395
6,Angola,AGO,2019,1.752
6,Angola,AGO,2020,1.162
6,Angola,AGO,2021,1.553
6,Angola,AGO,2022,1.212
7,Anguilla,AIA,1961,0.086
7,Anguilla,AIA,1962,-0.024
7,Anguilla,AIA,1963,0.234
7,Anguilla,AIA,1964,0.189
7,Anguilla,AIA,1965,-0.365
7,Anguilla,AIA,1966,-0.001
7,Anguilla,AIA,1967,-0.257
7,Anguilla,AIA,1968,-0.2
7,Anguilla,AIA,1969,0.317
7,Anguilla,AIA,1970,0.082
7,Anguilla,AIA,1971,-0.269
7,Anguilla,AIA,1972,-0.179
7,Anguilla,AIA,1973,0.17
7,Anguilla,AIA,1974,-0.37
7,Anguilla,AIA,1975,-0.334
7,Anguilla,AIA,1976,-0.426
7,Anguilla,AIA,1977,0.096
7,Anguilla,AIA,1978,0.13
7,Anguilla,AIA,1979,0.034
7,Anguilla,AIA,1980,0.698
7,Anguilla,AIA,1981,0.532
7,Anguilla,AIA,1982,0.097
7,Anguilla,AIA,1983,0.524
7,Anguilla,AIA,1984,0.105
7,Anguilla,AIA,1985,0.006
7,Anguilla,AIA,1986,0.013
7,Anguilla,AIA,1987,0.569
7,Anguilla,AIA,1988,0.457
7,Anguilla,AIA,1989,-0.002
7,Anguilla,AIA,1990,0.432
7,Anguilla,AIA,1991,0.441
7,Anguilla,AIA,1992,0.365
7,Anguilla,AIA,1993,0.535
7,Anguilla,AIA,1994,0.575
7,Anguilla,AIA,1995,0.651
7,Anguilla,AIA,1996,0.35
7,Anguilla,AIA,1997,0.459
7,Anguilla,AIA,1998,1.06
7,Anguilla,AIA,1999,0.532
7,Anguilla,AIA,2000,0.264
7,Anguilla,AIA,2001,0.587
7,Anguilla,AIA,2002,0.706
7,Anguilla,AIA,2003,0.816
7,Anguilla,AIA,2004,0.521
7,Anguilla,AIA,2005,0.828
7,Anguilla,AIA,2006,0.691
7,Anguilla,AIA,2007,0.957
7,Anguilla,AIA,2008,0.411
7,Anguilla,AIA,2009,0.566
7,Anguilla,AIA,2010,1.09
7,Anguilla,AIA,2011,0.489
7,Anguilla,AIA,2012,0.64
7,Anguilla,AIA,2013,0.77
7,Anguilla,AIA,2014,0.814
7,Anguilla,AIA,2015,1.051
7,Anguilla,AIA,2016,1.125
7,Anguilla,AIA,2017,0.96
7,Anguilla,AIA,2018,0.664
7,Anguilla,AIA,2019,0.843
7,Anguilla,AIA,2020,1.224
7,Anguilla,AIA,2021,0.893
7,Anguilla,AIA,2022,0.839
8,Antigua and Barbuda,ATG,1961,0.09
8,Antigua and Barbuda,ATG,1962,0.031
8,Antigua and Barbuda,ATG,1963,0.288
8,Antigua and Barbuda,ATG,1964,0.214
8,Antigua and Barbuda,ATG,1965,-0.385
8,Antigua and Barbuda,ATG,1966,0.097
8,Antigua and Barbuda,ATG,1967,-0.192
8,Antigua and Barbuda,ATG,1968,-0.225
8,Antigua and Barbuda,ATG,1969,0.271
8,Antigua and Barbuda,ATG,1970,0.109
8,Antigua and Barbuda,ATG,1971,-0.233
8,Antigua and Barbuda,ATG,1972,-0.214
8,Antigua and Barbuda,ATG,1973,0.164
8,Antigua and Barbuda,ATG,1974,-0.377
8,Antigua and Barbuda,ATG,1975,-0.419
8,Antigua and Barbuda,ATG,1976,-0.467
8,Antigua and Barbuda,ATG,1977,0.076
8,Antigua and Barbuda,ATG,1978,0.161
8,Antigua and Barbuda,ATG,1979,0.16
8,Antigua and Barbuda,ATG,1980,0.646
8,Antigua and Barbuda,ATG,1981,0.564
8,Antigua and Barbuda,ATG,1982,0.162
8,Antigua and Barbuda,ATG,1983,0.489
8,Antigua and Barbuda,ATG,1984,0.009
8,Antigua and Barbuda,ATG,1985,-0.051
8,Antigua and Barbuda,ATG,1986,-0.023
8,Antigua and Barbuda,ATG,1987,0.649
8,Antigua and Barbuda,ATG,1988,0.395
8,Antigua and Barbuda,ATG,1989,-0.077
8,Antigua and Barbuda,ATG,1990,0.417
8,Antigua and Barbuda,ATG,1991,0.459
8,Antigua and Barbuda,ATG,1992,0.445
8,Antigua and Barbuda,ATG,1993,0.528
8,Antigua and Barbuda,ATG,1994,0.493
8,Antigua and Barbuda,ATG,1995,0.677
8,Antigua and Barbuda,ATG,1996,0.377
8,Antigua and Barbuda,ATG,1997,0.455
8,Antigua and Barbuda,ATG,1998,1.046
8,Antigua and Barbuda,ATG,1999,0.541
8,Antigua and Barbuda,ATG,2000,0.335
8,Antigua and Barbuda,ATG,2002,0.634
8,Antigua and Barbuda,ATG,2003,0.783
8,Antigua and Barbuda,ATG,2004,0.501
8,Antigua and Barbuda,ATG,2005,0.843
8,Antigua and Barbuda,ATG,2006,0.659
8,Antigua and Barbuda,ATG,2007,0.934
8,Antigua and Barbuda,ATG,2008,0.394
8,Antigua and Barbuda,ATG,2009,0.498
8,Antigua and Barbuda,ATG,2010,1.153
8,Antigua and Barbuda,ATG,2011,0.586
8,Antigua and Barbuda,ATG,2012,0.696
8,Antigua and Barbuda,ATG,2013,0.783
8,Antigua and Barbuda,ATG,2014,0.744
8,Antigua and Barbuda,ATG,2015,1.035
8,Antigua and Barbuda,ATG,2016,1.097
8,Antigua and Barbuda,ATG,2017,0.958
8,Antigua and Barbuda,ATG,2018,0.627
8,Antigua and Barbuda,ATG,2019,0.797
8,Antigua and Barbuda,ATG,2020,1.131
8,Antigua and Barbuda,ATG,2021,0.862
8,Antigua and Barbuda,ATG,2022,0.77
9,Argentina,ARG,1961,0.122
9,Argentina,ARG,1962,-0.046
9,Argentina,ARG,1963,0.162
9,Argentina,ARG,1964,-0.343
9,Argentina,ARG,1965,0.09
9,Argentina,ARG,1966,-0.163
9,Argentina,ARG,1967,0.0
9,Argentina,ARG,1968,0.472
9,Argentina,ARG,1969,0.292
9,Argentina,ARG,1970,0.438
9,Argentina,ARG,1971,-0.26
9,Argentina,ARG,1972,-0.008
9,Argentina,ARG,1973,-0.139
9,Argentina,ARG,1974,-0.106
9,Argentina,ARG,1975,-0.021
9,Argentina,ARG,1976,-0.321
9,Argentina,ARG,1977,0.432
9,Argentina,ARG,1978,0.362
9,Argentina,ARG,1979,0.266
9,Argentina,ARG,1980,0.373
9,Argentina,ARG,1981,0.378
9,Argentina,ARG,1982,0.359
9,Argentina,ARG,1983,0.046
9,Argentina,ARG,1984,-0.1
9,Argentina,ARG,1985,0.308
9,Argentina,ARG,1986,0.46
9,Argentina,ARG,1987,0.446
9,Argentina,ARG,1988,-0.192
9,Argentina,ARG,1989,0.611
9,Argentina,ARG,1990,0.436
9,Argentina,ARG,1991,0.261
9,Argentina,ARG,1992,-0.261
9,Argentina,ARG,1993,0.086
9,Argentina,ARG,1994,0.487
9,Argentina,ARG,1995,0.259
9,Argentina,ARG,1996,0.512
9,Argentina,ARG,1997,0.759
9,Argentina,ARG,1998,0.351
9,Argentina,ARG,1999,0.16
9,Argentina,ARG,2000,-0.186
9,Argentina,ARG,2001,0.425
9,Argentina,ARG,2002,0.278
9,Argentina,ARG,2003,0.635
9,Argentina,ARG,2004,0.47
9,Argentina,ARG,2005,0.281
9,Argentina,ARG,2006,0.596
9,Argentina,ARG,2007,-0.169
9,Argentina,ARG,2008,0.601
9,Argentina,ARG,2009,0.857
9,Argentina,ARG,2010,0.135
9,Argentina,ARG,2011,0.386
9,Argentina,ARG,2012,0.798
9,Argentina,ARG,2013,0.442
9,Argentina,ARG,2014,0.951
9,Argentina,ARG,2015,0.957
9,Argentina,ARG,2016,0.488
9,Argentina,ARG,2017,1.095
9,Argentina,ARG,2018,0.878
9,Argentina,ARG,2019,0.76
9,Argentina,ARG,2020,1.123
9,Argentina,ARG,2021,1.031
9,Argentina,ARG,2022,0.643
10,"Armenia, Rep. of",ARM,1992,-1.31
10,"Armenia, Rep. of",ARM,1993,-0.932
10,"Armenia, Rep. of",ARM,1994,0.481
10,"Armenia, Rep. of",ARM,1995,0.697
10,"Armenia, Rep. of",ARM,1996,0.47
10,"Armenia, Rep. of",ARM,1997,0.599
10,"Armenia, Rep. of",ARM,1998,1.316
10,"Armenia, Rep. of",ARM,1999,1.488
10,"Armenia, Rep. of",ARM,2000,1.031
10,"Armenia, Rep. of",ARM,2001,1.395
10,"Armenia, Rep. of",ARM,2002,1.194
10,"Armenia, Rep. of",ARM,2003,0.141
10,"Armenia, Rep. of",ARM,2004,1.162
10,"Armenia, Rep. of",ARM,2005,0.48
10,"Armenia, Rep. of",ARM,2006,1.621
10,"Armenia, Rep. of",ARM,2007,0.706
10,"Armenia, Rep. of",ARM,2008,0.861
10,"Armenia, Rep. of",ARM,2009,0.706
10,"Armenia, Rep. of",ARM,2010,2.775
10,"Armenia, Rep. of",ARM,2011,0.65
10,"Armenia, Rep. of",ARM,2012,1.247
10,"Armenia, Rep. of",ARM,2013,1.407
10,"Armenia, Rep. of",ARM,2014,1.283
10,"Armenia, Rep. of",ARM,2015,1.931
10,"Armenia, Rep. of",ARM,2016,1.356
10,"Armenia, Rep. of",ARM,2017,0.889
10,"Armenia, Rep. of",ARM,2018,2.772
10,"Armenia, Rep. of",ARM,2019,1.859
10,"Armenia, Rep. of",ARM,2020,1.954
10,"Armenia, Rep. of",ARM,2021,2.087
10,"Armenia, Rep. of",ARM,2022,1.707
11,"Aruba, Kingdom of the Netherlands",ABW,1961,-0.1
11,"Aruba, Kingdom of the Netherlands",ABW,1962,0.138
11,"Aruba, Kingdom of the Netherlands",ABW,1963,0.084
11,"Aruba, Kingdom of the Netherlands",ABW,1964,0.271
11,"Aruba, Kingdom of the Netherlands",ABW,1965,-0.18
11,"Aruba, Kingdom of the Netherlands",ABW,1966,0.122
11,"Aruba, Kingdom of the Netherlands",ABW,1967,-0.258
11,"Aruba, Kingdom of the Netherlands",ABW,1968,0.055
11,"Aruba, Kingdom of the Netherlands",ABW,1969,0.476
11,"Aruba, Kingdom of the Netherlands",ABW,1970,0.354
11,"Aruba, Kingdom of the Netherlands",ABW,1971,-0.349
11,"Aruba, Kingdom of the Netherlands",ABW,1972,-0.02
11,"Aruba, Kingdom of the Netherlands",ABW,1973,0.149
11,"Aruba, Kingdom of the Netherlands",ABW,1974,-0.448
11,"Aruba, Kingdom of the Netherlands",ABW,1975,-0.253
11,"Aruba, Kingdom of the Netherlands",ABW,1976,-0.518
11,"Aruba, Kingdom of the Netherlands",ABW,1977,0.182
11,"Aruba, Kingdom of the Netherlands",ABW,1980,0.452
11,"Aruba, Kingdom of the Netherlands",ABW,1981,0.469
11,"Aruba, Kingdom of the Netherlands",ABW,1982,0.309
11,"Aruba, Kingdom of the Netherlands",ABW,1983,0.602
11,"Aruba, Kingdom of the Netherlands",ABW,1984,-0.02
11,"Aruba, Kingdom of the Netherlands",ABW,1985,-0.076
11,"Aruba, Kingdom of the Netherlands",ABW,1986,0.04
11,"Aruba, Kingdom of the Netherlands",ABW,1987,0.806
11,"Aruba, Kingdom of the Netherlands",ABW,1988,0.388
11,"Aruba, Kingdom of the Netherlands",ABW,1989,-0.066
11,"Aruba, Kingdom of the Netherlands",ABW,1990,0.279
11,"Aruba, Kingdom of the Netherlands",ABW,1991,0.331
11,"Aruba, Kingdom of the Netherlands",ABW,1994,0.528
11,"Aruba, Kingdom of the Netherlands",ABW,1995,0.802
11,"Aruba, Kingdom of the Netherlands",ABW,2003,1.067
11,"Aruba, Kingdom of the Netherlands",ABW,2004,0.661
11,"Aruba, Kingdom of the Netherlands",ABW,2005,0.836
11,"Aruba, Kingdom of the Netherlands",ABW,2006,0.51
11,"Aruba, Kingdom of the Netherlands",ABW,2007,0.935
11,"Aruba, Kingdom of the Netherlands",ABW,2010,1.309
11,"Aruba, Kingdom of the Netherlands",ABW,2011,0.509
11,"Aruba, Kingdom of the Netherlands",ABW,2012,0.58
11,"Aruba, Kingdom of the Netherlands",ABW,2013,1.094
11,"Aruba, Kingdom of the Netherlands",ABW,2014,0.986
11,"Aruba, Kingdom of the Netherlands",ABW,2015,1.149
11,"Aruba, Kingdom of the Netherlands",ABW,2017,1.303
11,"Aruba, Kingdom of the Netherlands",ABW,2018,0.698
11,"Aruba, Kingdom of the Netherlands",ABW,2019,1.007
11,"Aruba, Kingdom of the Netherlands",ABW,2020,1.281
12,Australia,AUS,1961,0.157
12,Australia,AUS,1962,0.126
12,Australia,AUS,1963,-0.096
12,Australia,AUS,1964,-0.012
12,Australia,AUS,1965,0.14
12,Australia,AUS,1966,-0.23
12,Australia,AUS,1967,-0.093
12,Australia,AUS,1968,-0.203
12,Australia,AUS,1969,0.103
12,Australia,AUS,1970,-0.007
12,Australia,AUS,1971,-0.044
12,Australia,AUS,1972,0.091
12,Australia,AUS,1973,0.831
12,Australia,AUS,1974,-0.354
12,Australia,AUS,1975,0.048
12,Australia,AUS,1976,-0.522
12,Australia,AUS,1977,0.176
12,Australia,AUS,1978,0.062
12,Australia,AUS,1979,0.375
12,Australia,AUS,1980,0.887
12,Australia,AUS,1981,0.495
12,Australia,AUS,1982,0.186
12,Australia,AUS,1983,0.633
12,Australia,AUS,1984,-0.157
12,Australia,AUS,1985,0.349
12,Australia,AUS,1986,0.388
12,Australia,AUS,1987,0.363
12,Australia,AUS,1988,0.96
12,Australia,AUS,1989,0.153
12,Australia,AUS,1990,0.549
12,Australia,AUS,1991,0.82
12,Australia,AUS,1992,0.281
12,Australia,AUS,1993,0.484
12,Australia,AUS,1994,0.221
12,Australia,AUS,1995,0.413
12,Australia,AUS,1996,0.604
12,Australia,AUS,1997,0.383
12,Australia,AUS,1998,1.092
12,Australia,AUS,1999,0.58
12,Australia,AUS,2000,0.148
12,Australia,AUS,2001,0.336
12,Australia,AUS,2002,0.736
12,Australia,AUS,2003,0.835
12,Australia,AUS,2004,0.723
12,Australia,AUS,2005,1.211
12,Australia,AUS,2006,0.721
12,Australia,AUS,2007,0.929
12,Australia,AUS,2008,0.625
12,Australia,AUS,2009,1.03
12,Australia,AUS,2010,0.673
12,Australia,AUS,2011,0.208
12,Australia,AUS,2012,0.308
12,Australia,AUS,2013,1.499
12,Australia,AUS,2014,1.198
12,Australia,AUS,2015,1.087
12,Australia,AUS,2016,1.172
12,Australia,AUS,2017,1.141
12,Australia,AUS,2018,1.129
12,Australia,AUS,2019,1.422
12,Australia,AUS,2020,1.416
12,Australia,AUS,2021,0.629
12,Australia,AUS,2022,0.754
13,Austria,AUT,1961,1.031
13,Austria,AUT,1962,-0.621
13,Austria,AUT,1963,-0.727
13,Austria,AUT,1964,-0.371
13,Austria,AUT,1965,-0.883
13,Austria,AUT,1966,0.602
13,Austria,AUT,1967,0.676
13,Austria,AUT,1968,0.211
13,Austria,AUT,1969,-0.126
13,Austria,AUT,1970,-0.55
13,Austria,AUT,1971,-0.06
13,Austria,AUT,1972,0.103
13,Austria,AUT,1973,-0.033
13,Austria,AUT,1974,0.314
13,Austria,AUT,1975,0.86
13,Austria,AUT,1976,0.216
13,Austria,AUT,1977,0.499
13,Austria,AUT,1978,-0.476
13,Austria,AUT,1979,-0.112
13,Austria,AUT,1980,-0.274
13,Austria,AUT,1981,0.277
13,Austria,AUT,1982,0.384
13,Austria,AUT,1983,1.062
13,Austria,AUT,1984,-0.249
13,Austria,AUT,1985,-0.568
13,Austria,AUT,1986,0.319
13,Austria,AUT,1987,-0.263
13,Austria,AUT,1988,0.82
13,Austria,AUT,1989,1.104
13,Austria,AUT,1990,1.262
13,Austria,AUT,1991,0.125
13,Austria,AUT,1992,1.248
13,Austria,AUT,1993,0.527
13,Austria,AUT,1994,1.958
13,Austria,AUT,1995,0.939
13,Austria,AUT,1996,-0.203
13,Austria,AUT,1997,0.514
13,Austria,AUT,1998,1.343
13,Austria,AUT,1999,0.986
13,Austria,AUT,2000,1.769
13,Austria,AUT,2001,1.501
13,Austria,AUT,2002,1.531
13,Austria,AUT,2003,1.464
13,Austria,AUT,2004,0.829
13,Austria,AUT,2005,0.628
13,Austria,AUT,2006,0.907
13,Austria,AUT,2007,2.137
13,Austria,AUT,2008,1.582
13,Austria,AUT,2009,1.544
13,Austria,AUT,2010,0.656
13,Austria,AUT,2011,1.373
13,Austria,AUT,2012,1.783
13,Austria,AUT,2013,1.098
13,Austria,AUT,2014,2.409
13,Austria,AUT,2015,2.167
13,Austria,AUT,2016,2.096
13,Austria,AUT,2017,1.741
13,Austria,AUT,2018,2.524
13,Austria,AUT,2019,2.37
13,Austria,AUT,2020,2.315
13,Austria,AUT,2021,1.395
13,Austria,AUT,2022,2.498
14,"Azerbaijan, Rep. of",AZE,1992,-0.839
14,"Azerbaijan, Rep. of",AZE,1993,-1.009
14,"Azerbaijan, Rep. of",AZE,1994,0.098
14,"Azerbaijan, Rep. of",AZE,1995,1.012
14,"Azerbaijan, Rep. of",AZE,1996,0.244
14,"Azerbaijan, Rep. of",AZE,1997,0.582
14,"Azerbaijan, Rep. of",AZE,1998,1.184
14,"Azerbaijan, Rep. of",AZE,1999,1.224
14,"Azerbaijan, Rep. of",AZE,2000,1.098
14,"Azerbaijan, Rep. of",AZE,2001,1.401
14,"Azerbaijan, Rep. of",AZE,2002,1.432
14,"Azerbaijan, Rep. of",AZE,2003,-0.147
14,"Azerbaijan, Rep. of",AZE,2004,1.303
14,"Azerbaijan, Rep. of",AZE,2005,0.814
14,"Azerbaijan, Rep. of",AZE,2006,1.488
14,"Azerbaijan, Rep. of",AZE,2007,0.958
14,"Azerbaijan, Rep. of",AZE,2008,0.883
14,"Azerbaijan, Rep. of",AZE,2009,0.78
14,"Azerbaijan, Rep. of",AZE,2010,2.327
14,"Azerbaijan, Rep. of",AZE,2011,0.766
14,"Azerbaijan, Rep. of",AZE,2012,1.474
14,"Azerbaijan, Rep. of",AZE,2013,1.574
14,"Azerbaijan, Rep. of",AZE,2014,1.252
14,"Azerbaijan, Rep. of",AZE,2015,1.672
14,"Azerbaijan, Rep. of",AZE,2016,1.53
14,"Azerbaijan, Rep. of",AZE,2017,1.308
14,"Azerbaijan, Rep. of",AZE,2018,2.24
14,"Azerbaijan, Rep. of",AZE,2019,1.997
14,"Azerbaijan, Rep. of",AZE,2020,2.015
14,"Azerbaijan, Rep. of",AZE,2021,2.061
14,"Azerbaijan, Rep. of",AZE,2022,2.08
15,"Bahamas, The",BHS,1961,0.073
15,"Bahamas, The",BHS,1962,-0.062
15,"Bahamas, The",BHS,1963,-0.097
15,"Bahamas, The",BHS,1964,0.192
15,"Bahamas, The",BHS,1965,0.054
15,"Bahamas, The",BHS,1966,-0.172
15,"Bahamas, The",BHS,1967,-0.146
15,"Bahamas, The",BHS,1968,-0.324
15,"Bahamas, The",BHS,1969,-0.065
15,"Bahamas, The",BHS,1970,-0.469
15,"Bahamas, The",BHS,1971,-0.055
15,"Bahamas, The",BHS,1972,0.301
15,"Bahamas, The",BHS,1973,0.166
15,"Bahamas, The",BHS,1974,-0.058
15,"Bahamas, The",BHS,1975,0.334
15,"Bahamas, The",BHS,1976,-0.241
15,"Bahamas, The",BHS,1977,-0.04
15,"Bahamas, The",BHS,1978,0.04
15,"Bahamas, The",BHS,1979,0.133
15,"Bahamas, The",BHS,1980,0.377
15,"Bahamas, The",BHS,1981,-0.03
15,"Bahamas, The",BHS,1982,0.531
15,"Bahamas, The",BHS,1983,0.155
15,"Bahamas, The",BHS,1984,0.02
15,"Bahamas, The",BHS,1985,0.242
15,"Bahamas, The",BHS,1986,0.23
15,"Bahamas, The",BHS,1987,0.466
15,"Bahamas, The",BHS,1988,0.426
15,"Bahamas, The",BHS,1989,0.672
15,"Bahamas, The",BHS,1990,0.764
15,"Bahamas, The",BHS,1991,0.788
15,"Bahamas, The",BHS,1992,0.286
15,"Bahamas, The",BHS,1993,0.378
15,"Bahamas, The",BHS,1994,0.801
15,"Bahamas, The",BHS,1995,0.671
15,"Bahamas, The",BHS,1996,0.008
15,"Bahamas, The",BHS,1997,0.787
15,"Bahamas, The",BHS,1998,0.924
15,"Bahamas, The",BHS,1999,0.619
15,"Bahamas, The",BHS,2000,0.163
15,"Bahamas, The",BHS,2001,0.135
15,"Bahamas, The",BHS,2002,0.856
15,"Bahamas, The",BHS,2003,0.989
15,"Bahamas, The",BHS,2004,0.311
15,"Bahamas, The",BHS,2005,0.455
15,"Bahamas, The",BHS,2006,0.385
15,"Bahamas, The",BHS,2007,0.937
15,"Bahamas, The",BHS,2008,0.842
15,"Bahamas, The",BHS,2009,0.41
15,"Bahamas, The",BHS,2010,0.314
15,"Bahamas, The",BHS,2011,0.363
15,"Bahamas, The",BHS,2012,0.344
15,"Bahamas, The",BHS,2013,0.565
15,"Bahamas, The",BHS,2014,0.883
15,"Bahamas, The",BHS,2015,1.114
15,"Bahamas, The",BHS,2016,1.042
15,"Bahamas, The",BHS,2017,1.331
15,"Bahamas, The",BHS,2018,1.023
15,"Bahamas, The",BHS,2019,1.443
15,"Bahamas, The",BHS,2020,1.611
15,"Bahamas, The",BHS,2021,0.879
15,"Bahamas, The",BHS,2022,1.48
16,"Bahrain, Kingdom of",BHR,1961,-0.471
16,"Bahrain, Kingdom of",BHR,1962,0.397
16,"Bahrain, Kingdom of",BHR,1963,0.635
16,"Bahrain, Kingdom of",BHR,1964,-0.561
16,"Bahrain, Kingdom of",BHR,1965,0.234
16,"Bahrain, Kingdom of",BHR,1966,0.535
16,"Bahrain, Kingdom of",BHR,1967,-0.362
16,"Bahrain, Kingdom of",BHR,1968,-0.446
16,"Bahrain, Kingdom of",BHR,1969,0.567
16,"Bahrain, Kingdom of",BHR,1970,0.247
16,"Bahrain, Kingdom of",BHR,1971,-0.248
16,"Bahrain, Kingdom of",BHR,1972,-0.613
16,"Bahrain, Kingdom of",BHR,1973,-0.273
16,"Bahrain, Kingdom of",BHR,1974,-0.256
16,"Bahrain, Kingdom of",BHR,1975,-0.217
16,"Bahrain, Kingdom of",BHR,1976,-0.501
16,"Bahrain, Kingdom of",BHR,1977,0.332
16,"Bahrain, Kingdom of",BHR,1978,0.099
16,"Bahrain, Kingdom of",BHR,1979,0.856
16,"Bahrain, Kingdom of",BHR,1980,0.351
16,"Bahrain, Kingdom of",BHR,1981,0.408
16,"Bahrain, Kingdom of",BHR,1982,-0.086
16,"Bahrain, Kingdom of",BHR,1983,-0.834
16,"Bahrain, Kingdom of",BHR,1984,0.039
16,"Bahrain, Kingdom of",BHR,1985,0.367
16,"Bahrain, Kingdom of",BHR,1986,0.668
16,"Bahrain, Kingdom of",BHR,1987,0.548
16,"Bahrain, Kingdom of",BHR,1988,0.633
16,"Bahrain, Kingdom of",BHR,1989,0.047
16,"Bahrain, Kingdom of",BHR,1990,0.455
16,"Bahrain, Kingdom of",BHR,1991,-0.243
16,"Bahrain, Kingdom of",BHR,1992,-0.544
16,"Bahrain, Kingdom of",BHR,1993,0.127
16,"Bahrain, Kingdom of",BHR,1994,0.998
16,"Bahrain, Kingdom of",BHR,1995,0.251
16,"Bahrain, Kingdom of",BHR,1996,0.695
16,"Bahrain, Kingdom of",BHR,1997,0.376
16,"Bahrain, Kingdom of",BHR,1998,1.435
16,"Bahrain, Kingdom of",BHR,1999,2.055
16,"Bahrain, Kingdom of",BHR,2000,1.119
16,"Bahrain, Kingdom of",BHR,2001,1.216
16,"Bahrain, Kingdom of",BHR,2002,1.552
16,"Bahrain, Kingdom of",BHR,2003,1.256
16,"Bahrain, Kingdom of",BHR,2004,1.385
16,"Bahrain, Kingdom of",BHR,2005,1.065
16,"Bahrain, Kingdom of",BHR,2006,1.823
16,"Bahrain, Kingdom of",BHR,2007,1.08
16,"Bahrain, Kingdom of",BHR,2008,1.329
16,"Bahrain, Kingdom of",BHR,2009,1.224
16,"Bahrain, Kingdom of",BHR,2010,2.286
16,"Bahrain, Kingdom of",BHR,2011,1.431
16,"Bahrain, Kingdom of",BHR,2012,1.385
16,"Bahrain, Kingdom of",BHR,2013,1.403
16,"Bahrain, Kingdom of",BHR,2014,1.694
16,"Bahrain, Kingdom of",BHR,2015,2.24
16,"Bahrain, Kingdom of",BHR,2016,1.598
16,"Bahrain, Kingdom of",BHR,2017,2.08
16,"Bahrain, Kingdom of",BHR,2018,2.247
16,"Bahrain, Kingdom of",BHR,2019,2.108
16,"Bahrain, Kingdom of",BHR,2020,2.027
16,"Bahrain, Kingdom of",BHR,2021,2.464
16,"Bahrain, Kingdom of",BHR,2022,2.017
17,Bangladesh,BGD,1961,0.152
17,Bangladesh,BGD,1962,-0.265
17,Bangladesh,BGD,1963,-0.09
17,Bangladesh,BGD,1964,0.107
17,Bangladesh,BGD,1965,-0.195
17,Bangladesh,BGD,1966,0.308
17,Bangladesh,BGD,1967,-0.226
17,Bangladesh,BGD,1968,-0.236
17,Bangladesh,BGD,1969,-0.007
17,Bangladesh,BGD,1970,-0.021
17,Bangladesh,BGD,1971,-0.579
17,Bangladesh,BGD,1972,-0.012
17,Bangladesh,BGD,1973,0.168
17,Bangladesh,BGD,1974,-0.125
17,Bangladesh,BGD,1975,-0.102
17,Bangladesh,BGD,1976,-0.104
17,Bangladesh,BGD,1977,-0.275
17,Bangladesh,BGD,1978,-0.216
17,Bangladesh,BGD,1979,0.495
17,Bangladesh,BGD,1980,0.128
17,Bangladesh,BGD,1981,-0.17
17,Bangladesh,BGD,1982,-0.041
17,Bangladesh,BGD,1983,-0.132
17,Bangladesh,BGD,1984,-0.322
17,Bangladesh,BGD,1985,0.05
17,Bangladesh,BGD,1986,0.026
17,Bangladesh,BGD,1987,0.341
17,Bangladesh,BGD,1988,0.341
17,Bangladesh,BGD,1989,0.064
17,Bangladesh,BGD,1990,-0.149
17,Bangladesh,BGD,1991,-0.024
17,Bangladesh,BGD,1992,-0.146
17,Bangladesh,BGD,1993,-0.446
17,Bangladesh,BGD,1994,0.175
17,Bangladesh,BGD,1995,0.173
17,Bangladesh,BGD,1996,0.137
17,Bangladesh,BGD,1997,-0.173
17,Bangladesh,BGD,1998,0.504
17,Bangladesh,BGD,1999,0.78
17,Bangladesh,BGD,2000,0.226
17,Bangladesh,BGD,2001,0.316
17,Bangladesh,BGD,2002,0.398
17,Bangladesh,BGD,2003,0.239
17,Bangladesh,BGD,2004,0.269
17,Bangladesh,BGD,2005,0.592
17,Bangladesh,BGD,2006,0.814
17,Bangladesh,BGD,2007,0.266
17,Bangladesh,BGD,2008,0.093
17,Bangladesh,BGD,2009,0.844
17,Bangladesh,BGD,2010,0.768
17,Bangladesh,BGD,2011,0.144
17,Bangladesh,BGD,2012,0.235
17,Bangladesh,BGD,2013,0.23
17,Bangladesh,BGD,2014,0.482
17,Bangladesh,BGD,2015,0.722
17,Bangladesh,BGD,2016,1.337
17,Bangladesh,BGD,2017,1.124
17,Bangladesh,BGD,2018,0.881
17,Bangladesh,BGD,2019,1.136
17,Bangladesh,BGD,2020,0.898
17,Bangladesh,BGD,2021,1.3
17,Bangladesh,BGD,2022,1.216
18,Barbados,BRB,1961,0.221
18,Barbados,BRB,1962,0.094
18,Barbados,BRB,1963,0.2
18,Barbados,BRB,1964,-0.011
18,Barbados,BRB,1965,-0.28
18,Barbados,BRB,1966,-0.149
18,Barbados,BRB,1967,-0.252
18,Barbados,BRB,1968,-0.363
18,Barbados,BRB,1969,0.31
18,Barbados,BRB,1970,0.074
18,Barbados,BRB,1971,-0.174
18,Barbados,BRB,1972,-0.015
18,Barbados,BRB,1973,0.006
18,Barbados,BRB,1974,-0.336
18,Barbados,BRB,1975,-0.556
18,Barbados,BRB,1976,-0.444
18,Barbados,BRB,1977,-0.054
18,Barbados,BRB,1978,0.248
18,Barbados,BRB,1979,0.042
18,Barbados,BRB,1980,0.485
18,Barbados,BRB,1981,0.304
18,Barbados,BRB,1982,0.165
18,Barbados,BRB,1983,0.281
18,Barbados,BRB,1984,-0.076
18,Barbados,BRB,1985,-0.263
18,Barbados,BRB,1986,-0.179
18,Barbados,BRB,1987,0.536
18,Barbados,BRB,1988,0.385
18,Barbados,BRB,1989,0.187
18,Barbados,BRB,1990,0.356
18,Barbados,BRB,1991,0.422
18,Barbados,BRB,1992,0.333
18,Barbados,BRB,1993,0.394
18,Barbados,BRB,1994,0.388
18,Barbados,BRB,1995,0.463
18,Barbados,BRB,1996,0.315
18,Barbados,BRB,1997,0.288
18,Barbados,BRB,1998,1.079
18,Barbados,BRB,1999,0.466
18,Barbados,BRB,2000,0.303
18,Barbados,BRB,2001,0.506
18,Barbados,BRB,2002,0.546
18,Barbados,BRB,2003,0.888
18,Barbados,BRB,2004,0.7
18,Barbados,BRB,2005,1.13
18,Barbados,BRB,2006,0.844
18,Barbados,BRB,2007,0.679
18,Barbados,BRB,2008,0.316
18,Barbados,BRB,2009,0.429
18,Barbados,BRB,2010,1.147
18,Barbados,BRB,2011,0.677
18,Barbados,BRB,2012,0.488
18,Barbados,BRB,2013,0.778
18,Barbados,BRB,2014,0.418
18,Barbados,BRB,2015,0.868
19,"Belarus, Rep. of",BLR,1992,1.273
19,"Belarus, Rep. of",BLR,1993,0.024
19,"Belarus, Rep. of",BLR,1994,1.138
19,"Belarus, Rep. of",BLR,1995,1.5
19,"Belarus, Rep. of",BLR,1996,-0.274
19,"Belarus, Rep. of",BLR,1997,0.359
19,"Belarus, Rep. of",BLR,1998,0.706
19,"Belarus, Rep. of",BLR,1999,1.506
19,"Belarus, Rep. of",BLR,2000,1.941
19,"Belarus, Rep. of",BLR,2001,1.979
19,"Belarus, Rep. of",BLR,2002,1.892
19,"Belarus, Rep. of",BLR,2003,0.084
19,"Belarus, Rep. of",BLR,2004,0.931
19,"Belarus, Rep. of",BLR,2005,1.276
19,"Belarus, Rep. of",BLR,2006,0.647
19,"Belarus, Rep. of",BLR,2007,2.362
19,"Belarus, Rep. of",BLR,2008,2.254
19,"Belarus, Rep. of",BLR,2009,1.603
19,"Belarus, Rep. of",BLR,2010,1.461
19,"Belarus, Rep. of",BLR,2011,1.017
19,"Belarus, Rep. of",BLR,2012,1.561
19,"Belarus, Rep. of",BLR,2013,1.212
19,"Belarus, Rep. of",BLR,2014,2.18
19,"Belarus, Rep. of",BLR,2015,2.247
19,"Belarus, Rep. of",BLR,2016,2.201
19,"Belarus, Rep. of",BLR,2017,1.592
19,"Belarus, Rep. of",BLR,2018,2.342
19,"Belarus, Rep. of",BLR,2019,2.689
19,"Belarus, Rep. of",BLR,2020,3.51
19,"Belarus, Rep. of",BLR,2021,1.728
19,"Belarus, Rep. of",BLR,2022,1.922
20,Belgium,BEL,2000,1.484
20,Belgium,BEL,2001,1.336
20,Belgium,BEL,2002,1.398
20,Belgium,BEL,2003,1.526
20,Belgium,BEL,2004,1.089
20,Belgium,BEL,2005,1.197
20,Belgium,BEL,2006,1.404
20,Belgium,BEL,2007,1.883
20,Belgium,BEL,2008,1.256
20,Belgium,BEL,2009,1.158
20,Belgium,BEL,2010,0.233
20,Belgium,BEL,2011,1.289
20,Belgium,BEL,2012,1.13
20,Belgium,BEL,2013,0.463
20,Belgium,BEL,2014,2.417
20,Belgium,BEL,2015,1.371
20,Belgium,BEL,2016,1.882
20,Belgium,BEL,2017,1.731
20,Belgium,BEL,2018,2.196
20,Belgium,BEL,2019,2.081
20,Belgium,BEL,2020,2.572
20,Belgium,BEL,2021,1.203
20,Belgium,BEL,2022,2.807
21,Belize,BLZ,1961,-0.001
21,Belize,BLZ,1962,-0.137
21,Belize,BLZ,1963,-0.06
21,Belize,BLZ,1964,-0.055
21,Belize,BLZ,1965,-0.105
21,Belize,BLZ,1966,-0.195
21,Belize,BLZ,1967,-0.297
21,Belize,BLZ,1968,-0.205
21,Belize,BLZ,1969,0.26
21,Belize,BLZ,1970,-0.21
21,Belize,BLZ,1971,-0.275
21,Belize,BLZ,1972,0.442
21,Belize,BLZ,1973,0.347
21,Belize,BLZ,1974,0.101
21,Belize,BLZ,1975,-0.059
21,Belize,BLZ,1976,-0.416
21,Belize,BLZ,1977,0.134
21,Belize,BLZ,1978,-0.025
21,Belize,BLZ,1979,0.524
21,Belize,BLZ,1980,0.576
21,Belize,BLZ,1981,-0.068
21,Belize,BLZ,1982,0.526
21,Belize,BLZ,1983,0.685
21,Belize,BLZ,1984,0.254
21,Belize,BLZ,1985,0.455
21,Belize,BLZ,1986,0.135
21,Belize,BLZ,1987,0.35
21,Belize,BLZ,1988,0.46
21,Belize,BLZ,1989,0.173
21,Belize,BLZ,1990,0.339
21,Belize,BLZ,1991,0.542
21,Belize,BLZ,1992,0.311
21,Belize,BLZ,1993,0.447
21,Belize,BLZ,1994,0.756
21,Belize,BLZ,1995,0.759
21,Belize,BLZ,1996,0.21
21,Belize,BLZ,1997,0.866
21,Belize,BLZ,1998,0.904
21,Belize,BLZ,1999,0.422
21,Belize,BLZ,2000,0.175
21,Belize,BLZ,2001,0.445
21,Belize,BLZ,2002,0.733
21,Belize,BLZ,2003,0.948
21,Belize,BLZ,2004,0.701
21,Belize,BLZ,2005,0.849
21,Belize,BLZ,2006,0.655
21,Belize,BLZ,2007,0.85
21,Belize,BLZ,2008,0.579
21,Belize,BLZ,2009,0.922
21,Belize,BLZ,2010,0.843
21,Belize,BLZ,2011,0.724
21,Belize,BLZ,2012,0.644
21,Belize,BLZ,2013,0.785
21,Belize,BLZ,2014,0.697
21,Belize,BLZ,2015,1.502
21,Belize,BLZ,2016,1.446
21,Belize,BLZ,2017,1.342
21,Belize,BLZ,2018,0.85
21,Belize,BLZ,2019,1.556
21,Belize,BLZ,2020,1.716
21,Belize,BLZ,2021,1.286
21,Belize,BLZ,2022,1.031
22,Benin,BEN,1961,-0.137
22,Benin,BEN,1962,-0.24
22,Benin,BEN,1963,0.152
22,Benin,BEN,1964,-0.218
22,Benin,BEN,1965,-0.094
22,Benin,BEN,1966,-0.007
22,Benin,BEN,1967,-0.252
22,Benin,BEN,1968,-0.129
22,Benin,BEN,1969,0.303
22,Benin,BEN,1970,0.305
22,Benin,BEN,1971,-0.183
22,Benin,BEN,1972,0.08
22,Benin,BEN,1973,0.627
22,Benin,BEN,1974,0.089
22,Benin,BEN,1975,-0.274
22,Benin,BEN,1976,-0.194
22,Benin,BEN,1977,0.357
22,Benin,BEN,1978,-0.045
22,Benin,BEN,1979,0.499
22,Benin,BEN,1980,0.425
22,Benin,BEN,1981,0.161
22,Benin,BEN,1982,0.211
22,Benin,BEN,1983,0.548
22,Benin,BEN,1984,0.542
22,Benin,BEN,1985,0.411
22,Benin,BEN,1986,0.307
22,Benin,BEN,1987,0.977
22,Benin,BEN,1988,0.631
22,Benin,BEN,1989,-0.052
22,Benin,BEN,1990,0.58
22,Benin,BEN,1991,0.302
22,Benin,BEN,1992,-0.027
22,Benin,BEN,1993,0.531
22,Benin,BEN,1994,0.439
22,Benin,BEN,1995,0.406
22,Benin,BEN,1996,0.736
22,Benin,BEN,1997,0.557
22,Benin,BEN,1998,1.042
22,Benin,BEN,1999,0.621
22,Benin,BEN,2000,0.449
22,Benin,BEN,2001,0.517
22,Benin,BEN,2002,0.721
22,Benin,BEN,2003,0.936
22,Benin,BEN,2004,0.706
22,Benin,BEN,2005,1.105
22,Benin,BEN,2006,1.035
22,Benin,BEN,2007,0.806
22,Benin,BEN,2008,0.632
22,Benin,BEN,2009,0.95
22,Benin,BEN,2010,1.23
22,Benin,BEN,2011,0.949
22,Benin,BEN,2012,0.595
22,Benin,BEN,2013,0.853
22,Benin,BEN,2014,0.94
22,Benin,BEN,2015,1.111
22,Benin,BEN,2016,1.025
22,Benin,BEN,2017,1.16
22,Benin,BEN,2018,1.056
22,Benin,BEN,2019,1.147
22,Benin,BEN,2020,1.031
22,Benin,BEN,2021,1.522
22,Benin,BEN,2022,0.884
23,Bhutan,BTN,1961,0.213
23,Bhutan,BTN,1962,-0.292
23,Bhutan,BTN,1963,-0.22
23,Bhutan,BTN,1964,0.065
23,Bhutan,BTN,1965,-0.565
23,Bhutan,BTN,1966,0.14
23,Bhutan,BTN,1967,-0.378
23,Bhutan,BTN,1968,-0.478
23,Bhutan,BTN,1969,0.102
23,Bhutan,BTN,1970,-0.027
23,Bhutan,BTN,1971,-0.227
23,Bhutan,BTN,1972,-0.014
23,Bhutan,BTN,1973,0.31
23,Bhutan,BTN,1974,0.188
23,Bhutan,BTN,1975,0.103
23,Bhutan,BTN,1976,-0.042
23,Bhutan,BTN,1977,-0.059
23,Bhutan,BTN,1978,-0.213
23,Bhutan,BTN,1979,0.414
23,Bhutan,BTN,1980,0.081
23,Bhutan,BTN,1981,0.212
23,Bhutan,BTN,1982,-0.111
23,Bhutan,BTN,1983,-0.286
23,Bhutan,BTN,1984,-0.055
23,Bhutan,BTN,1985,0.113
23,Bhutan,BTN,1986,-0.068
23,Bhutan,BTN,1987,0.256
23,Bhutan,BTN,1988,0.567
23,Bhutan,BTN,1989,0.22
23,Bhutan,BTN,1990,-0.087
23,Bhutan,BTN,1991,0.081
23,Bhutan,BTN,1992,-0.229
23,Bhutan,BTN,1993,-0.248
23,Bhutan,BTN,1994,0.315
23,Bhutan,BTN,1995,0.518
23,Bhutan,BTN,1996,0.307
23,Bhutan,BTN,1997,-0.3
23,Bhutan,BTN,1998,0.825
23,Bhutan,BTN,1999,1.022
23,Bhutan,BTN,2000,0.214
23,Bhutan,BTN,2001,0.72
23,Bhutan,BTN,2002,0.492
23,Bhutan,BTN,2003,0.498
23,Bhutan,BTN,2004,0.476
23,Bhutan,BTN,2005,0.745
23,Bhutan,BTN,2006,0.955
23,Bhutan,BTN,2007,0.978
23,Bhutan,BTN,2008,0.555
23,Bhutan,BTN,2009,1.394
23,Bhutan,BTN,2010,1.202
23,Bhutan,BTN,2011,0.534
23,Bhutan,BTN,2012,0.512
23,Bhutan,BTN,2013,0.742
23,Bhutan,BTN,2014,0.86
23,Bhutan,BTN,2015,1.068
23,Bhutan,BTN,2016,1.487
23,Bhutan,BTN,2017,1.457
23,Bhutan,BTN,2018,1.346
23,Bhutan,BTN,2019,1.329
23,Bhutan,BTN,2020,1.09
23,Bhutan,BTN,2021,1.707
23,Bhutan,BTN,2022,1.523
24,Bolivia,BOL,1961,0.247
24,Bolivia,BOL,1962,0.012
24,Bolivia,BOL,1963,0.409
24,Bolivia,BOL,1964,-0.123
24,Bolivia,BOL,1965,0.22
24,Bolivia,BOL,1966,-0.083
24,Bolivia,BOL,1967,0.332
24,Bolivia,BOL,1968,-0.162
24,Bolivia,BOL,1969,0.522
24,Bolivia,BOL,1970,0.173
24,Bolivia,BOL,1971,-0.583
24,Bolivia,BOL,1972,0.13
24,Bolivia,BOL,1973,0.227
24,Bolivia,BOL,1974,-0.154
24,Bolivia,BOL,1975,-0.087
24,Bolivia,BOL,1976,-0.249
24,Bolivia,BOL,1977,0.276
24,Bolivia,BOL,1978,0.27
24,Bolivia,BOL,1979,0.181
24,Bolivia,BOL,1980,0.176
24,Bolivia,BOL,1981,0.167
24,Bolivia,BOL,1982,0.324
24,Bolivia,BOL,1983,0.537
24,Bolivia,BOL,1984,0.289
24,Bolivia,BOL,1985,0.33
24,Bolivia,BOL,1986,0.437
24,Bolivia,BOL,1987,0.692
24,Bolivia,BOL,1988,0.334
24,Bolivia,BOL,1989,0.129
24,Bolivia,BOL,1990,0.183
24,Bolivia,BOL,1991,0.603
24,Bolivia,BOL,1992,0.031
24,Bolivia,BOL,1993,0.404
24,Bolivia,BOL,1994,0.883
24,Bolivia,BOL,1995,0.77
24,Bolivia,BOL,1996,0.29
24,Bolivia,BOL,1997,0.825
24,Bolivia,BOL,1998,0.926
24,Bolivia,BOL,1999,0.337
24,Bolivia,BOL,2000,0.403
24,Bolivia,BOL,2001,0.653
24,Bolivia,BOL,2002,1.016
24,Bolivia,BOL,2003,0.641
24,Bolivia,BOL,2004,0.846
24,Bolivia,BOL,2005,0.764
24,Bolivia,BOL,2006,0.935
24,Bolivia,BOL,2007,0.537
24,Bolivia,BOL,2008,0.396
24,Bolivia,BOL,2009,0.658
24,Bolivia,BOL,2010,0.68
24,Bolivia,BOL,2011,1.165
24,Bolivia,BOL,2012,0.831
24,Bolivia,BOL,2013,0.507
24,Bolivia,BOL,2014,0.955
24,Bolivia,BOL,2015,1.533
24,Bolivia,BOL,2016,0.824
24,Bolivia,BOL,2017,0.981
24,Bolivia,BOL,2018,0.562
24,Bolivia,BOL,2019,0.921
24,Bolivia,BOL,2020,1.315
24,Bolivia,BOL,2021,0.738
24,Bolivia,BOL,2022,0.644
25,Bosnia and Herzegovina,BIH,1992,0.659
25,Bosnia and Herzegovina,BIH,1993,0.248
25,Bosnia and Herzegovina,BIH,1994,1.691
25,Bosnia and Herzegovina,BIH,1995,0.286
25,Bosnia and Herzegovina,BIH,1996,-0.043
25,Bosnia and Herzegovina,BIH,1997,0.112
25,Bosnia and Herzegovina,BIH,1998,1.059
25,Bosnia and Herzegovina,BIH,1999,0.612
25,Bosnia and Herzegovina,BIH,2000,1.525
25,Bosnia and Herzegovina,BIH,2001,1.527
25,Bosnia and Herzegovina,BIH,2002,1.141
25,Bosnia and Herzegovina,BIH,2003,1.088
25,Bosnia and Herzegovina,BIH,2004,0.584
25,Bosnia and Herzegovina,BIH,2005,0.124
25,Bosnia and Herzegovina,BIH,2006,0.594
25,Bosnia and Herzegovina,BIH,2007,1.861
25,Bosnia and Herzegovina,BIH,2008,1.373
25,Bosnia and Herzegovina,BIH,2009,1.379
25,Bosnia and Herzegovina,BIH,2010,0.954
25,Bosnia and Herzegovina,BIH,2011,1.117
25,Bosnia and Herzegovina,BIH,2012,1.756
25,Bosnia and Herzegovina,BIH,2013,1.319
25,Bosnia and Herzegovina,BIH,2014,1.823
25,Bosnia and Herzegovina,BIH,2015,1.813
25,Bosnia and Herzegovina,BIH,2016,1.673
25,Bosnia and Herzegovina,BIH,2017,1.419
25,Bosnia and Herzegovina,BIH,2018,2.275
25,Bosnia and Herzegovina,BIH,2019,1.987
25,Bosnia and Herzegovina,BIH,2020,1.88
25,Bosnia and Herzegovina,BIH,2021,1.598
25,Bosnia and Herzegovina,BIH,2022,2.091
26,Botswana,BWA,1961,0.151
26,Botswana,BWA,1962,0.262
26,Botswana,BWA,1963,-0.472
26,Botswana,BWA,1964,-0.057
26,Botswana,BWA,1965,0.098
26,Botswana,BWA,1966,0.436
26,Botswana,BWA,1967,-0.458
26,Botswana,BWA,1968,-0.195
26,Botswana,BWA,1969,0.197
26,Botswana,BWA,1970,0.598
26,Botswana,BWA,1971,-0.126
26,Botswana,BWA,1972,-0.475
26,Botswana,BWA,1973,0.602
26,Botswana,BWA,1974,-0.746
26,Botswana,BWA,1975,-0.225
26,Botswana,BWA,1976,-0.717
26,Botswana,BWA,1977,0.3
26,Botswana,BWA,1978,-0.065
26,Botswana,BWA,1979,0.543
26,Botswana,BWA,1980,-0.038
26,Botswana,BWA,1981,-0.441
26,Botswana,BWA,1982,0.31
26,Botswana,BWA,1983,1.012
26,Botswana,BWA,1984,0.442
26,Botswana,BWA,1985,0.293
26,Botswana,BWA,1986,0.278
26,Botswana,BWA,1987,1.27
26,Botswana,BWA,1988,0.287
26,Botswana,BWA,1989,-0.306
26,Botswana,BWA,1990,0.738
26,Botswana,BWA,1991,0.062
26,Botswana,BWA,1992,0.813
26,Botswana,BWA,1993,0.512
26,Botswana,BWA,1994,-0.123
26,Botswana,BWA,1995,1.141
26,Botswana,BWA,1996,-0.319
26,Botswana,BWA,1997,-0.096
26,Botswana,BWA,1998,0.857
26,Botswana,BWA,1999,0.552
26,Botswana,BWA,2000,-0.718
26,Botswana,BWA,2001,-0.186
26,Botswana,BWA,2002,0.359
26,Botswana,BWA,2003,0.74
26,Botswana,BWA,2004,-0.133
26,Botswana,BWA,2005,1.039
26,Botswana,BWA,2006,-0.505
26,Botswana,BWA,2007,0.23
26,Botswana,BWA,2008,0.153
26,Botswana,BWA,2009,-0.319
26,Botswana,BWA,2010,0.936
26,Botswana,BWA,2011,-0.048
26,Botswana,BWA,2012,0.473
26,Botswana,BWA,2013,0.77
26,Botswana,BWA,2014,-0.092
26,Botswana,BWA,2015,1.546
26,Botswana,BWA,2016,1.469
26,Botswana,BWA,2017,0.017
26,Botswana,BWA,2018,0.734
26,Botswana,BWA,2019,1.525
26,Botswana,BWA,2020,0.493
26,Botswana,BWA,2021,-0.425
26,Botswana,BWA,2022,-1.305
27,Brazil,BRA,1961,0.167
27,Brazil,BRA,1962,-0.184
27,Brazil,BRA,1963,0.158
27,Brazil,BRA,1964,-0.213
27,Brazil,BRA,1965,-0.075
27,Brazil,BRA,1966,0.044
27,Brazil,BRA,1967,0.073
27,Brazil,BRA,1968,-0.409
27,Brazil,BRA,1969,0.331
27,Brazil,BRA,1970,0.13
27,Brazil,BRA,1971,-0.134
27,Brazil,BRA,1972,0.114
27,Brazil,BRA,1973,0.443
27,Brazil,BRA,1974,-0.179
27,Brazil,BRA,1975,-0.14
27,Brazil,BRA,1976,-0.185
27,Brazil,BRA,1977,0.252
27,Brazil,BRA,1978,0.03
27,Brazil,BRA,1979,0.017
27,Brazil,BRA,1980,0.313
27,Brazil,BRA,1981,0.191
27,Brazil,BRA,1982,0.277
27,Brazil,BRA,1983,0.471
27,Brazil,BRA,1984,0.294
27,Brazil,BRA,1985,0.092
27,Brazil,BRA,1986,0.285
27,Brazil,BRA,1987,0.722
27,Brazil,BRA,1988,0.461
27,Brazil,BRA,1989,0.13
27,Brazil,BRA,1990,0.435
27,Brazil,BRA,1991,0.468
27,Brazil,BRA,1992,0.403
27,Brazil,BRA,1993,0.495
27,Brazil,BRA,1994,0.608
27,Brazil,BRA,1995,0.799
27,Brazil,BRA,1996,0.504
27,Brazil,BRA,1997,0.671
27,Brazil,BRA,1998,1.234
27,Brazil,BRA,1999,0.523
27,Brazil,BRA,2000,0.495
27,Brazil,BRA,2001,0.746
27,Brazil,BRA,2002,1.052
27,Brazil,BRA,2003,0.927
27,Brazil,BRA,2004,0.768
27,Brazil,BRA,2005,1.085
27,Brazil,BRA,2006,0.77
27,Brazil,BRA,2007,0.969
27,Brazil,BRA,2008,0.731
27,Brazil,BRA,2009,0.969
27,Brazil,BRA,2010,1.112
27,Brazil,BRA,2011,0.814
27,Brazil,BRA,2012,1.023
27,Brazil,BRA,2013,0.922
27,Brazil,BRA,2014,1.153
27,Brazil,BRA,2015,1.516
27,Brazil,BRA,2016,1.457
27,Brazil,BRA,2017,1.363
27,Brazil,BRA,2018,1.148
27,Brazil,BRA,2019,1.517
27,Brazil,BRA,2020,1.477
27,Brazil,BRA,2021,1.154
27,Brazil,BRA,2022,0.926
28,British Virgin Islands,VGB,1961,0.093
28,British Virgin Islands,VGB,1962,-0.072
28,British Virgin Islands,VGB,1963,0.189
28,British Virgin Islands,VGB,1964,0.184
28,British Virgin Islands,VGB,1965,-0.338
28,British Virgin Islands,VGB,1966,-0.11
28,British Virgin Islands,VGB,1967,-0.321
28,British Virgin Islands,VGB,1968,-0.145
28,British Virgin Islands,VGB,1969,0.356
28,British Virgin Islands,VGB,1970,0.051
28,British Virgin Islands,VGB,1971,-0.274
28,British Virgin Islands,VGB,1972,-0.136
28,British Virgin Islands,VGB,1973,0.214
28,British Virgin Islands,VGB,1974,-0.353
28,British Virgin Islands,VGB,1975,-0.218
28,British Virgin Islands,VGB,1976,-0.368
28,British Virgin Islands,VGB,1977,0.123
28,British Virgin Islands,VGB,1978,0.109
28,British Virgin Islands,VGB,1979,-0.05
28,British Virgin Islands,VGB,1980,0.75
28,British Virgin Islands,VGB,1981,0.512
28,British Virgin Islands,VGB,1982,0.099
28,British Virgin Islands,VGB,1983,0.533
28,British Virgin Islands,VGB,1984,0.211
28,British Virgin Islands,VGB,1985,0.088
28,British Virgin Islands,VGB,1986,0.04
28,British Virgin Islands,VGB,1987,0.514
28,British Virgin Islands,VGB,1988,0.512
28,British Virgin Islands,VGB,1989,0.054
28,British Virgin Islands,VGB,1990,0.446
28,British Virgin Islands,VGB,1991,0.439
28,British Virgin Islands,VGB,1992,0.333
28,British Virgin Islands,VGB,1993,0.541
28,British Virgin Islands,VGB,1994,0.666
28,British Virgin Islands,VGB,1995,0.613
28,British Virgin Islands,VGB,1996,0.337
28,British Virgin Islands,VGB,1997,0.459
28,British Virgin Islands,VGB,1998,1.091
28,British Virgin Islands,VGB,1999,0.525
28,British Virgin Islands,VGB,2000,0.192
28,British Virgin Islands,VGB,2001,0.57
28,British Virgin Islands,VGB,2002,0.741
28,British Virgin Islands,VGB,2003,0.843
28,British Virgin Islands,VGB,2004,0.548
28,British Virgin Islands,VGB,2005,0.825
28,British Virgin Islands,VGB,2006,0.76
28,British Virgin Islands,VGB,2007,1.007
28,British Virgin Islands,VGB,2008,0.406
28,British Virgin Islands,VGB,2009,0.621
28,British Virgin Islands,VGB,2010,1.053
28,British Virgin Islands,VGB,2011,0.393
28,British Virgin Islands,VGB,2012,0.61
28,British Virgin Islands,VGB,2013,0.782
28,British Virgin Islands,VGB,2014,0.878
28,British Virgin Islands,VGB,2015,1.065
28,British Virgin Islands,VGB,2016,1.204
28,British Virgin Islands,VGB,2017,0.971
28,British Virgin Islands,VGB,2018,0.703
28,British Virgin Islands,VGB,2019,0.915
28,British Virgin Islands,VGB,2020,1.317
28,British Virgin Islands,VGB,2021,0.956
28,British Virgin Islands,VGB,2022,0.875
29,Brunei Darussalam,BRN,1961,0.062
29,Brunei Darussalam,BRN,1962,-0.017
29,Brunei Darussalam,BRN,1963,-0.165
29,Brunei Darussalam,BRN,1964,0.054
29,Brunei Darussalam,BRN,1965,-0.235
29,Brunei Darussalam,BRN,1966,0.183
29,Brunei Darussalam,BRN,1967,-0.093
29,Brunei Darussalam,BRN,1968,-0.177
29,Brunei Darussalam,BRN,1969,0.227
29,Brunei Darussalam,BRN,1970,0.086
29,Brunei Darussalam,BRN,1971,-0.248
29,Brunei Darussalam,BRN,1972,0.018
29,Brunei Darussalam,BRN,1973,0.255
29,Brunei Darussalam,BRN,1974,-0.151
29,Brunei Darussalam,BRN,1975,0.004
29,Brunei Darussalam,BRN,1976,-0.337
29,Brunei Darussalam,BRN,1977,-0.075
29,Brunei Darussalam,BRN,1978,0.123
29,Brunei Darussalam,BRN,1979,0.275
29,Brunei Darussalam,BRN,1980,0.185
29,Brunei Darussalam,BRN,1981,0.122
29,Brunei Darussalam,BRN,1982,0.186
29,Brunei Darussalam,BRN,1983,0.563
29,Brunei Darussalam,BRN,1984,0.021
29,Brunei Darussalam,BRN,1985,0.181
29,Brunei Darussalam,BRN,1986,0.156
29,Brunei Darussalam,BRN,1987,0.498
29,Brunei Darussalam,BRN,1988,0.471
29,Brunei Darussalam,BRN,1989,0.057
29,Brunei Darussalam,BRN,1990,0.381
29,Brunei Darussalam,BRN,1991,0.384
29,Brunei Darussalam,BRN,1992,0.326
29,Brunei Darussalam,BRN,1993,0.228
29,Brunei Darussalam,BRN,1994,0.453
29,Brunei Darussalam,BRN,1995,0.471
29,Brunei Darussalam,BRN,1996,0.429
29,Brunei Darussalam,BRN,1997,0.671
29,Brunei Darussalam,BRN,1998,1.296
29,Brunei Darussalam,BRN,1999,0.575
29,Brunei Darussalam,BRN,2000,0.485
29,Brunei Darussalam,BRN,2001,0.602
29,Brunei Darussalam,BRN,2002,0.669
29,Brunei Darussalam,BRN,2003,0.735
29,Brunei Darussalam,BRN,2004,0.673
29,Brunei Darussalam,BRN,2005,0.893
29,Brunei Darussalam,BRN,2006,0.718
29,Brunei Darussalam,BRN,2007,0.743
29,Brunei Darussalam,BRN,2008,0.511
29,Brunei Darussalam,BRN,2009,0.875
29,Brunei Darussalam,BRN,2010,1.012
29,Brunei Darussalam,BRN,2011,0.725
29,Brunei Darussalam,BRN,2012,0.912
29,Brunei Darussalam,BRN,2013,1.195
29,Brunei Darussalam,BRN,2014,1.028
29,Brunei Darussalam,BRN,2015,1.281
29,Brunei Darussalam,BRN,2016,1.74
29,Brunei Darussalam,BRN,2017,1.468
29,Brunei Darussalam,BRN,2018,1.41
29,Brunei Darussalam,BRN,2019,1.624
29,Brunei Darussalam,BRN,2020,1.783
29,Brunei Darussalam,BRN,2021,1.458
29,Brunei Darussalam,BRN,2022,1.446
30,Bulgaria,BGR,1961,0.903
30,Bulgaria,BGR,1962,0.488
30,Bulgaria,BGR,1963,-0.248
30,Bulgaria,BGR,1964,-0.528
30,Bulgaria,BGR,1965,-0.456
30,Bulgaria,BGR,1966,1.151
30,Bulgaria,BGR,1967,0.027
30,Bulgaria,BGR,1968,0.421
30,Bulgaria,BGR,1969,-0.485
30,Bulgaria,BGR,1970,0.205
30,Bulgaria,BGR,1971,-0.139
30,Bulgaria,BGR,1972,0.136
30,Bulgaria,BGR,1973,-0.426
30,Bulgaria,BGR,1974,-0.198
30,Bulgaria,BGR,1975,0.39
30,Bulgaria,BGR,1976,-0.838
30,Bulgaria,BGR,1977,0.563
30,Bulgaria,BGR,1978,-0.71
30,Bulgaria,BGR,1979,0.165
30,Bulgaria,BGR,1980,-0.448
30,Bulgaria,BGR,1981,-0.043
30,Bulgaria,BGR,1982,-0.13
30,Bulgaria,BGR,1983,0.389
30,Bulgaria,BGR,1984,-0.022
30,Bulgaria,BGR,1985,-0.605
30,Bulgaria,BGR,1986,0.36
30,Bulgaria,BGR,1987,-0.484
30,Bulgaria,BGR,1988,0.128
30,Bulgaria,BGR,1989,0.405
30,Bulgaria,BGR,1990,0.797
30,Bulgaria,BGR,1991,-0.161
30,Bulgaria,BGR,1992,0.149
30,Bulgaria,BGR,1993,-0.322
30,Bulgaria,BGR,1994,1.583
30,Bulgaria,BGR,1995,0.221
30,Bulgaria,BGR,1996,-0.36
30,Bulgaria,BGR,1997,-0.336
30,Bulgaria,BGR,1998,0.775
30,Bulgaria,BGR,1999,0.696
30,Bulgaria,BGR,2000,1.184
30,Bulgaria,BGR,2001,1.648
30,Bulgaria,BGR,2002,0.854
30,Bulgaria,BGR,2003,0.181
30,Bulgaria,BGR,2004,0.533
30,Bulgaria,BGR,2005,0.215
30,Bulgaria,BGR,2006,0.571
30,Bulgaria,BGR,2007,1.883
30,Bulgaria,BGR,2008,1.177
30,Bulgaria,BGR,2009,1.291
30,Bulgaria,BGR,2010,1.361
30,Bulgaria,BGR,2011,0.422
30,Bulgaria,BGR,2012,1.678
30,Bulgaria,BGR,2013,1.476
30,Bulgaria,BGR,2014,1.196
30,Bulgaria,BGR,2015,1.438
30,Bulgaria,BGR,2016,1.899
30,Bulgaria,BGR,2017,0.954
30,Bulgaria,BGR,2018,2.192
30,Bulgaria,BGR,2019,2.112
30,Bulgaria,BGR,2020,2.037
30,Bulgaria,BGR,2021,1.629
30,Bulgaria,BGR,2022,1.831
31,Burkina Faso,BFA,1961,-0.285
31,Burkina Faso,BFA,1962,-0.208
31,Burkina Faso,BFA,1963,0.168
31,Burkina Faso,BFA,1964,-0.218
31,Burkina Faso,BFA,1965,-0.141
31,Burkina Faso,BFA,1966,-0.147
31,Burkina Faso,BFA,1967,-0.174
31,Burkina Faso,BFA,1968,-0.209
31,Burkina Faso,BFA,1969,0.543
31,Burkina Faso,BFA,1970,0.359
31,Burkina Faso,BFA,1971,-0.019
31,Burkina Faso,BFA,1972,0.135
31,Burkina Faso,BFA,1973,0.671
31,Burkina Faso,BFA,1974,-0.056
31,Burkina Faso,BFA,1975,-0.311
31,Burkina Faso,BFA,1976,-0.316
31,Burkina Faso,BFA,1977,0.267
31,Burkina Faso,BFA,1978,0.212
31,Burkina Faso,BFA,1979,0.434
31,Burkina Faso,BFA,1980,0.805
31,Burkina Faso,BFA,1981,0.282
31,Burkina Faso,BFA,1982,0.18
31,Burkina Faso,BFA,1983,0.724
31,Burkina Faso,BFA,1984,0.799
31,Burkina Faso,BFA,1985,0.472
31,Burkina Faso,BFA,1986,0.356
31,Burkina Faso,BFA,1987,1.011
31,Burkina Faso,BFA,1988,0.593
31,Burkina Faso,BFA,1989,0.009
31,Burkina Faso,BFA,1990,0.603
31,Burkina Faso,BFA,1991,0.527
31,Burkina Faso,BFA,1992,0.004
31,Burkina Faso,BFA,1993,0.725
31,Burkina Faso,BFA,1994,0.311
31,Burkina Faso,BFA,1995,0.401
31,Burkina Faso,BFA,1996,0.917
31,Burkina Faso,BFA,1997,0.621
31,Burkina Faso,BFA,1998,1.006
31,Burkina Faso,BFA,1999,0.548
31,Burkina Faso,BFA,2000,0.537
31,Burkina Faso,BFA,2001,0.502
31,Burkina Faso,BFA,2002,1.015
31,Burkina Faso,BFA,2003,0.986
31,Burkina Faso,BFA,2004,0.867
31,Burkina Faso,BFA,2005,1.449
31,Burkina Faso,BFA,2006,1.162
31,Burkina Faso,BFA,2007,0.867
31,Burkina Faso,BFA,2008,0.297
31,Burkina Faso,BFA,2009,0.942
31,Burkina Faso,BFA,2010,1.25
31,Burkina Faso,BFA,2011,1.001
31,Burkina Faso,BFA,2012,0.492
31,Burkina Faso,BFA,2013,0.849
31,Burkina Faso,BFA,2014,0.888
31,Burkina Faso,BFA,2015,1.111
31,Burkina Faso,BFA,2016,1.075
31,Burkina Faso,BFA,2017,1.212
31,Burkina Faso,BFA,2018,1.156
31,Burkina Faso,BFA,2019,1.065
31,Burkina Faso,BFA,2020,1.044
31,Burkina Faso,BFA,2021,1.624
31,Burkina Faso,BFA,2022,0.802
32,Burundi,BDI,1961,0.022
32,Burundi,BDI,1962,-0.502
32,Burundi,BDI,1963,-0.007
32,Burundi,BDI,1964,-0.18
32,Burundi,BDI,1965,-0.265
32,Burundi,BDI,1966,0.009
32,Burundi,BDI,1967,-0.252
32,Burundi,BDI,1968,-0.272
32,Burundi,BDI,1969,0.156
32,Burundi,BDI,1970,0.278
32,Burundi,BDI,1971,-0.292
32,Burundi,BDI,1972,0.147
32,Burundi,BDI,1973,0.581
32,Burundi,BDI,1974,0.179
32,Burundi,BDI,1982,0.437
32,Burundi,BDI,1983,0.636
32,Burundi,BDI,1986,0.51
32,Burundi,BDI,1987,0.614
32,Burundi,BDI,1988,0.286
32,Burundi,BDI,1989,0.02
32,Burundi,BDI,1990,0.279
32,Burundi,BDI,1991,-0.096
32,Burundi,BDI,1992,0.004
32,Burundi,BDI,1998,0.545
32,Burundi,BDI,2001,0.459
32,Burundi,BDI,2002,0.887
32,Burundi,BDI,2003,1.032
32,Burundi,BDI,2004,1.122
32,Burundi,BDI,2007,1.242
33,Cabo Verde,CPV,1961,-0.12
33,Cabo Verde,CPV,1962,0.219
33,Cabo Verde,CPV,1963,0.47
33,Cabo Verde,CPV,1964,0.011
33,Cabo Verde,CPV,1965,-0.322
33,Cabo Verde,CPV,1966,0.261
33,Cabo Verde,CPV,1967,-0.081
33,Cabo Verde,CPV,1968,-0.388
33,Cabo Verde,CPV,1969,0.939
33,Cabo Verde,CPV,1970,0.806
33,Cabo Verde,CPV,1971,-0.153
33,Cabo Verde,CPV,1972,0.104
33,Cabo Verde,CPV,1973,0.377
33,Cabo Verde,CPV,1974,-0.568
33,Cabo Verde,CPV,1976,-0.341
33,Cabo Verde,CPV,1978,0.281
33,Cabo Verde,CPV,1979,0.641
33,Cabo Verde,CPV,1980,0.618
33,Cabo Verde,CPV,1981,0.27
33,Cabo Verde,CPV,1982,0.514
33,Cabo Verde,CPV,1983,0.51
33,Cabo Verde,CPV,1985,0.103
33,Cabo Verde,CPV,1986,-0.028
33,Cabo Verde,CPV,1987,1.006
33,Cabo Verde,CPV,1988,0.815
33,Cabo Verde,CPV,1989,0.95
33,Cabo Verde,CPV,1990,1.313
33,Cabo Verde,CPV,1991,0.68
33,Cabo Verde,CPV,1992,0.888
33,Cabo Verde,CPV,1993,0.508
33,Cabo Verde,CPV,1994,0.442
33,Cabo Verde,CPV,1995,1.475
33,Cabo Verde,CPV,1996,1.598
33,Cabo Verde,CPV,1997,1.654
33,Cabo Verde,CPV,1998,1.78
33,Cabo Verde,CPV,1999,0.794
33,Cabo Verde,CPV,2000,1.039
33,Cabo Verde,CPV,2001,1.329
33,Cabo Verde,CPV,2002,1.478
33,Cabo Verde,CPV,2003,1.569
33,Cabo Verde,CPV,2004,1.604
33,Cabo Verde,CPV,2005,1.171
33,Cabo Verde,CPV,2006,1.356
33,Cabo Verde,CPV,2007,0.821
33,Cabo Verde,CPV,2008,1.302
33,Cabo Verde,CPV,2009,0.772
33,Cabo Verde,CPV,2011,1.372
33,Cabo Verde,CPV,2012,1.338
33,Cabo Verde,CPV,2013,1.331
33,Cabo Verde,CPV,2014,1.083
33,Cabo Verde,CPV,2015,1.071
33,Cabo Verde,CPV,2016,1.692
33,Cabo Verde,CPV,2017,2.0
33,Cabo Verde,CPV,2018,0.926
33,Cabo Verde,CPV,2019,1.622
33,Cabo Verde,CPV,2021,1.765
33,Cabo Verde,CPV,2022,1.853
34,Cambodia,KHM,1961,-0.035
34,Cambodia,KHM,1962,-0.134
34,Cambodia,KHM,1963,-0.309
34,Cambodia,KHM,1964,0.156
34,Cambodia,KHM,1965,-0.196
34,Cambodia,KHM,1966,0.433
34,Cambodia,KHM,1967,-0.089
34,Cambodia,KHM,1968,-0.124
34,Cambodia,KHM,1969,0.478
34,Cambodia,KHM,1970,0.069
34,Cambodia,KHM,1971,-0.468
34,Cambodia,KHM,1972,0.007
34,Cambodia,KHM,1973,0.36
34,Cambodia,KHM,1974,-0.343
34,Cambodia,KHM,1975,-0.019
34,Cambodia,KHM,1976,-0.485
34,Cambodia,KHM,1977,0.104
34,Cambodia,KHM,1978,0.29
34,Cambodia,KHM,1979,0.479
34,Cambodia,KHM,1980,0.417
34,Cambodia,KHM,1981,0.389
34,Cambodia,KHM,1982,0.15
34,Cambodia,KHM,1983,0.537
34,Cambodia,KHM,1984,0.194
34,Cambodia,KHM,1985,0.348
34,Cambodia,KHM,1986,0.128
34,Cambodia,KHM,1987,0.694
34,Cambodia,KHM,1988,0.415
34,Cambodia,KHM,1989,0.324
34,Cambodia,KHM,1990,0.674
34,Cambodia,KHM,1991,0.597
34,Cambodia,KHM,1992,0.556
34,Cambodia,KHM,1993,0.425
34,Cambodia,KHM,1994,0.496
34,Cambodia,KHM,1995,0.738
34,Cambodia,KHM,1996,0.357
34,Cambodia,KHM,1997,0.393
34,Cambodia,KHM,1998,1.414
34,Cambodia,KHM,1999,0.409
34,Cambodia,KHM,2000,0.296
34,Cambodia,KHM,2001,0.571
34,Cambodia,KHM,2002,0.836
34,Cambodia,KHM,2003,0.711
34,Cambodia,KHM,2004,0.594
34,Cambodia,KHM,2005,0.781
34,Cambodia,KHM,2006,0.767
34,Cambodia,KHM,2007,0.604
34,Cambodia,KHM,2008,0.43
34,Cambodia,KHM,2009,0.453
34,Cambodia,KHM,2010,1.225
34,Cambodia,KHM,2011,0.424
34,Cambodia,KHM,2012,0.875
34,Cambodia,KHM,2013,1.005
34,Cambodia,KHM,2014,0.614
34,Cambodia,KHM,2015,1.081
34,Cambodia,KHM,2016,1.473
34,Cambodia,KHM,2017,1.095
34,Cambodia,KHM,2018,0.787
34,Cambodia,KHM,2019,1.552
34,Cambodia,KHM,2020,1.401
34,Cambodia,KHM,2021,0.912
34,Cambodia,KHM,2022,0.948
35,Cameroon,CMR,1961,-0.117
35,Cameroon,CMR,1962,-0.218
35,Cameroon,CMR,1963,0.126
35,Cameroon,CMR,1964,-0.157
35,Cameroon,CMR,1965,-0.11
35,Cameroon,CMR,1966,-0.01
35,Cameroon,CMR,1967,-0.107
35,Cameroon,CMR,1968,-0.122
35,Cameroon,CMR,1969,0.225
35,Cameroon,CMR,1970,0.175
35,Cameroon,CMR,1971,-0.132
35,Cameroon,CMR,1972,0.055
35,Cameroon,CMR,1973,0.566
35,Cameroon,CMR,1974,-0.076
35,Cameroon,CMR,1975,-0.207
35,Cameroon,CMR,1976,-0.163
35,Cameroon,CMR,1977,0.304
35,Cameroon,CMR,1978,0.056
35,Cameroon,CMR,1979,0.4
35,Cameroon,CMR,1980,0.35
35,Cameroon,CMR,1981,0.045
35,Cameroon,CMR,1982,0.061
35,Cameroon,CMR,1983,0.164
35,Cameroon,CMR,1984,0.196
35,Cameroon,CMR,1985,0.025
35,Cameroon,CMR,1986,0.084
35,Cameroon,CMR,1987,0.487
35,Cameroon,CMR,1988,0.29
35,Cameroon,CMR,1989,-0.384
35,Cameroon,CMR,1990,0.651
35,Cameroon,CMR,1991,0.563
35,Cameroon,CMR,1992,-0.205
35,Cameroon,CMR,1993,0.247
35,Cameroon,CMR,1994,0.305
35,Cameroon,CMR,1995,0.28
35,Cameroon,CMR,1996,0.335
35,Cameroon,CMR,1997,0.547
35,Cameroon,CMR,1998,1.082
35,Cameroon,CMR,1999,0.604
35,Cameroon,CMR,2000,0.319
35,Cameroon,CMR,2001,0.198
35,Cameroon,CMR,2002,0.77
35,Cameroon,CMR,2003,0.707
35,Cameroon,CMR,2004,0.779
35,Cameroon,CMR,2005,1.004
35,Cameroon,CMR,2006,0.983
35,Cameroon,CMR,2007,0.626
35,Cameroon,CMR,2008,0.653
35,Cameroon,CMR,2009,1.047
35,Cameroon,CMR,2010,1.181
35,Cameroon,CMR,2011,0.655
35,Cameroon,CMR,2012,0.416
35,Cameroon,CMR,2013,0.707
35,Cameroon,CMR,2014,0.882
35,Cameroon,CMR,2015,1.16
35,Cameroon,CMR,2016,1.213
35,Cameroon,CMR,2017,1.165
35,Cameroon,CMR,2018,1.156
35,Cameroon,CMR,2019,1.45
35,Cameroon,CMR,2020,1.281
35,Cameroon,CMR,2021,1.47
35,Cameroon,CMR,2022,1.044
36,Canada,CAN,1961,0.057
36,Canada,CAN,1962,-0.118
36,Canada,CAN,1963,0.335
36,Canada,CAN,1964,-0.299
36,Canada,CAN,1965,-0.867
36,Canada,CAN,1966,-0.152
36,Canada,CAN,1967,-0.452
36,Canada,CAN,1968,0.476
36,Canada,CAN,1969,-0.003
36,Canada,CAN,1970,0.426
36,Canada,CAN,1971,-0.023
36,Canada,CAN,1972,-1.796
36,Canada,CAN,1973,0.306
36,Canada,CAN,1974,-0.846
36,Canada,CAN,1975,0.225
36,Canada,CAN,1976,0.083
36,Canada,CAN,1977,1.079
36,Canada,CAN,1978,-0.605
36,Canada,CAN,1979,-0.214
36,Canada,CAN,1980,0.917
36,Canada,CAN,1981,1.562
36,Canada,CAN,1982,-0.673
36,Canada,CAN,1983,0.488
36,Canada,CAN,1984,0.337
36,Canada,CAN,1985,-0.311
36,Canada,CAN,1986,0.011
36,Canada,CAN,1987,1.34
36,Canada,CAN,1988,1.204
36,Canada,CAN,1989,0.017
36,Canada,CAN,1990,0.078
36,Canada,CAN,1991,0.336
36,Canada,CAN,1992,0.1
36,Canada,CAN,1993,0.342
36,Canada,CAN,1994,0.467
36,Canada,CAN,1995,0.938
36,Canada,CAN,1996,-0.125
36,Canada,CAN,1997,0.426
36,Canada,CAN,1998,2.47
36,Canada,CAN,1999,1.694
36,Canada,CAN,2000,1.291
36,Canada,CAN,2001,1.421
36,Canada,CAN,2002,0.54
36,Canada,CAN,2003,1.24
36,Canada,CAN,2004,0.485
36,Canada,CAN,2005,1.282
36,Canada,CAN,2006,2.343
36,Canada,CAN,2007,1.333
36,Canada,CAN,2008,0.851
36,Canada,CAN,2009,0.539
36,Canada,CAN,2010,2.915
36,Canada,CAN,2011,1.438
36,Canada,CAN,2012,2.144
36,Canada,CAN,2013,1.182
36,Canada,CAN,2014,0.288
36,Canada,CAN,2015,1.231
36,Canada,CAN,2016,2.373
36,Canada,CAN,2017,1.48
36,Canada,CAN,2018,0.477
36,Canada,CAN,2019,1.311
36,Canada,CAN,2020,1.128
36,Canada,CAN,2021,2.515
36,Canada,CAN,2022,1.268
37,Cayman Islands,CYM,1962,-0.153
37,Cayman Islands,CYM,1963,-0.303
37,Cayman Islands,CYM,1966,-0.122
37,Cayman Islands,CYM,1967,-0.19
37,Cayman Islands,CYM,1968,-0.341
37,Cayman Islands,CYM,1969,0.157
37,Cayman Islands,CYM,1970,-0.185
37,Cayman Islands,CYM,1971,-0.194
37,Cayman Islands,CYM,1972,0.197
37,Cayman Islands,CYM,1973,0.357
37,Cayman Islands,CYM,1974,0.433
37,Cayman Islands,CYM,1975,1.023
37,Cayman Islands,CYM,1976,-0.077
37,Cayman Islands,CYM,1977,0.255
37,Cayman Islands,CYM,1978,0.204
37,Cayman Islands,CYM,1979,0.332
37,Cayman Islands,CYM,1980,0.614
37,Cayman Islands,CYM,1981,0.012
37,Cayman Islands,CYM,1982,0.57
37,Cayman Islands,CYM,1983,0.384
37,Cayman Islands,CYM,1984,0.26
37,Cayman Islands,CYM,1985,0.165
37,Cayman Islands,CYM,1986,0.225
37,Cayman Islands,CYM,1987,0.551
37,Cayman Islands,CYM,1988,0.788
37,Cayman Islands,CYM,1989,0.785
37,Cayman Islands,CYM,1990,0.77
37,Cayman Islands,CYM,1991,0.842
37,Cayman Islands,CYM,1992,0.549
37,Cayman Islands,CYM,1993,1.055
37,Cayman Islands,CYM,1994,1.326
37,Cayman Islands,CYM,1995,1.355
37,Cayman Islands,CYM,1996,0.78
37,Cayman Islands,CYM,1997,1.334
37,Cayman Islands,CYM,1998,1.265
37,Cayman Islands,CYM,1999,0.792
37,Cayman Islands,CYM,2005,0.987
37,Cayman Islands,CYM,2006,0.925
37,Cayman Islands,CYM,2007,1.077
37,Cayman Islands,CYM,2008,0.884
37,Cayman Islands,CYM,2009,0.787
37,Cayman Islands,CYM,2010,0.989
37,Cayman Islands,CYM,2011,0.675
37,Cayman Islands,CYM,2012,0.743
37,Cayman Islands,CYM,2013,0.899
37,Cayman Islands,CYM,2014,1.106
37,Cayman Islands,CYM,2015,1.347
37,Cayman Islands,CYM,2016,1.284
37,Cayman Islands,CYM,2017,1.257
37,Cayman Islands,CYM,2018,0.865
37,Cayman Islands,CYM,2019,1.237
37,Cayman Islands,CYM,2020,1.278
37,Cayman Islands,CYM,2021,0.957
37,Cayman Islands,CYM,2022,0.974
38,Central African Rep.,CAF,1961,-0.003
38,Central African Rep.,CAF,1962,-0.306
38,Central African Rep.,CAF,1963,0.037
38,Central African Rep.,CAF,1964,-0.136
38,Central African Rep.,CAF,1965,-0.05
38,Central African Rep.,CAF,1966,0.064
38,Central African Rep.,CAF,1967,-0.229
38,Central African Rep.,CAF,1968,-0.168
38,Central African Rep.,CAF,1969,0.143
38,Central African Rep.,CAF,1970,0.245
38,Central African Rep.,CAF,1971,-0.055
38,Central African Rep.,CAF,1972,0.064
38,Central African Rep.,CAF,1973,0.545
38,Central African Rep.,CAF,1974,-0.058
38,Central African Rep.,CAF,1975,-0.049
38,Central African Rep.,CAF,1976,-0.117
38,Central African Rep.,CAF,1977,0.203
38,Central African Rep.,CAF,1978,0.044
38,Central African Rep.,CAF,1979,0.38
38,Central African Rep.,CAF,1980,0.439
38,Central African Rep.,CAF,1981,0.003
38,Central African Rep.,CAF,1982,0.229
38,Central African Rep.,CAF,1983,0.425
38,Central African Rep.,CAF,1984,0.125
38,Central African Rep.,CAF,1985,0.156
38,Central African Rep.,CAF,1986,0.478
38,Central African Rep.,CAF,1987,0.504
38,Central African Rep.,CAF,1988,0.265
38,Central African Rep.,CAF,1989,-0.148
38,Central African Rep.,CAF,1990,0.347
38,Central African Rep.,CAF,1991,0.612
38,Central African Rep.,CAF,1992,-0.457
38,Central African Rep.,CAF,1993,0.329
38,Central African Rep.,CAF,1994,0.562
38,Central African Rep.,CAF,1995,0.187
38,Central African Rep.,CAF,1996,0.047
38,Central African Rep.,CAF,1997,0.458
38,Central African Rep.,CAF,1998,1.195
38,Central African Rep.,CAF,1999,0.502
38,Central African Rep.,CAF,2000,0.683
38,Central African Rep.,CAF,2001,0.4
38,Central African Rep.,CAF,2002,0.745
38,Central African Rep.,CAF,2003,0.845
38,Central African Rep.,CAF,2004,0.957
38,Central African Rep.,CAF,2005,0.983
38,Central African Rep.,CAF,2006,0.967
38,Central African Rep.,CAF,2007,0.537
38,Central African Rep.,CAF,2008,0.682
38,Central African Rep.,CAF,2009,1.119
38,Central African Rep.,CAF,2010,1.162
38,Central African Rep.,CAF,2011,0.763
38,Central African Rep.,CAF,2012,0.491
38,Central African Rep.,CAF,2013,0.865
38,Central African Rep.,CAF,2014,0.697
38,Central African Rep.,CAF,2015,0.983
38,Central African Rep.,CAF,2016,1.222
38,Central African Rep.,CAF,2017,1.224
38,Central African Rep.,CAF,2018,1.145
38,Central African Rep.,CAF,2019,1.264
38,Central African Rep.,CAF,2020,1.14
38,Central African Rep.,CAF,2021,1.268
38,Central African Rep.,CAF,2022,1.032
39,Chad,TCD,1961,-0.409
39,Chad,TCD,1962,-0.26
39,Chad,TCD,1963,0.291
39,Chad,TCD,1964,-0.176
39,Chad,TCD,1965,-0.092
39,Chad,TCD,1966,-0.007
39,Chad,TCD,1967,-0.377
39,Chad,TCD,1968,-0.155
39,Chad,TCD,1969,0.553
39,Chad,TCD,1970,0.163
39,Chad,TCD,1971,-0.241
39,Chad,TCD,1972,0.206
39,Chad,TCD,1973,0.719
39,Chad,TCD,1974,-0.032
39,Chad,TCD,1975,-0.172
39,Chad,TCD,1976,0.232
39,Chad,TCD,1977,-0.048
39,Chad,TCD,1978,-0.132
39,Chad,TCD,1979,0.459
39,Chad,TCD,1980,0.337
39,Chad,TCD,1981,0.037
39,Chad,TCD,1982,0.306
39,Chad,TCD,1983,-0.047
39,Chad,TCD,1984,0.508
39,Chad,TCD,1985,0.172
39,Chad,TCD,1986,0.63
39,Chad,TCD,1987,0.344
39,Chad,TCD,1988,0.133
39,Chad,TCD,1989,-0.271
39,Chad,TCD,1990,0.416
39,Chad,TCD,1991,0.649
39,Chad,TCD,1992,-0.279
39,Chad,TCD,1993,0.275
39,Chad,TCD,1994,0.381
39,Chad,TCD,1995,0.175
39,Chad,TCD,1996,0.586
39,Chad,TCD,1997,0.485
39,Chad,TCD,1998,0.841
39,Chad,TCD,1999,0.569
39,Chad,TCD,2000,0.281
39,Chad,TCD,2001,0.291
39,Chad,TCD,2002,0.797
39,Chad,TCD,2003,0.838
39,Chad,TCD,2004,0.831
39,Chad,TCD,2005,1.148
39,Chad,TCD,2006,1.368
39,Chad,TCD,2007,0.605
39,Chad,TCD,2008,0.466
39,Chad,TCD,2009,1.236
39,Chad,TCD,2010,1.181
39,Chad,TCD,2011,0.969
39,Chad,TCD,2012,0.553
39,Chad,TCD,2013,1.013
39,Chad,TCD,2014,0.856
39,Chad,TCD,2015,1.294
39,Chad,TCD,2016,0.939
39,Chad,TCD,2017,1.026
39,Chad,TCD,2018,1.527
39,Chad,TCD,2019,1.306
39,Chad,TCD,2020,1.192
39,Chad,TCD,2021,1.146
39,Chad,TCD,2022,0.738
40,Chile,CHL,1961,-0.301
40,Chile,CHL,1962,0.249
40,Chile,CHL,1963,0.054
40,Chile,CHL,1964,-0.22
40,Chile,CHL,1965,0.115
40,Chile,CHL,1966,-0.169
40,Chile,CHL,1967,-0.142
40,Chile,CHL,1968,0.366
40,Chile,CHL,1969,0.155
40,Chile,CHL,1970,0.205
40,Chile,CHL,1971,-0.364
40,Chile,CHL,1972,-0.13
40,Chile,CHL,1973,-0.058
40,Chile,CHL,1974,-0.18
40,Chile,CHL,1975,-0.127
40,Chile,CHL,1976,-0.262
40,Chile,CHL,1977,0.37
40,Chile,CHL,1978,0.366
40,Chile,CHL,1979,0.286
40,Chile,CHL,1980,0.342
40,Chile,CHL,1981,0.373
40,Chile,CHL,1982,0.397
40,Chile,CHL,1983,0.574
40,Chile,CHL,1984,-0.122
40,Chile,CHL,1985,0.328
40,Chile,CHL,1986,0.08
40,Chile,CHL,1987,0.616
40,Chile,CHL,1988,0.08
40,Chile,CHL,1989,0.327
40,Chile,CHL,1990,0.214
40,Chile,CHL,1991,0.108
40,Chile,CHL,1992,-0.116
40,Chile,CHL,1993,0.235
40,Chile,CHL,1994,0.279
40,Chile,CHL,1995,-0.004
40,Chile,CHL,1996,0.276
40,Chile,CHL,1997,0.716
40,Chile,CHL,1998,0.721
40,Chile,CHL,1999,0.251
40,Chile,CHL,2000,-0.179
40,Chile,CHL,2001,0.054
40,Chile,CHL,2002,0.14
40,Chile,CHL,2003,0.312
40,Chile,CHL,2004,0.563
40,Chile,CHL,2005,0.275
40,Chile,CHL,2006,0.575
40,Chile,CHL,2007,-0.219
40,Chile,CHL,2008,0.502
40,Chile,CHL,2009,0.52
40,Chile,CHL,2010,-0.015
40,Chile,CHL,2011,0.206
40,Chile,CHL,2012,0.699
40,Chile,CHL,2013,0.434
40,Chile,CHL,2014,0.488
40,Chile,CHL,2015,0.848
40,Chile,CHL,2016,1.022
40,Chile,CHL,2017,0.873
40,Chile,CHL,2018,0.538
40,Chile,CHL,2019,0.683
40,Chile,CHL,2020,0.947
40,Chile,CHL,2021,0.877
40,Chile,CHL,2022,0.407
41,"China, P.R.: Hong Kong",HKG,1961,0.055
41,"China, P.R.: Hong Kong",HKG,1962,-0.056
41,"China, P.R.: Hong Kong",HKG,1963,0.33
41,"China, P.R.: Hong Kong",HKG,1964,0.117
41,"China, P.R.: Hong Kong",HKG,1965,0.151
41,"China, P.R.: Hong Kong",HKG,1966,0.652
41,"China, P.R.: Hong Kong",HKG,1967,0.044
41,"China, P.R.: Hong Kong",HKG,1968,-0.654
41,"China, P.R.: Hong Kong",HKG,1969,-0.009
41,"China, P.R.: Hong Kong",HKG,1970,-0.398
41,"China, P.R.: Hong Kong",HKG,1971,-0.187
41,"China, P.R.: Hong Kong",HKG,1972,-0.141
41,"China, P.R.: Hong Kong",HKG,1973,0.426
41,"China, P.R.: Hong Kong",HKG,1974,-0.342
41,"China, P.R.: Hong Kong",HKG,1975,0.161
41,"China, P.R.: Hong Kong",HKG,1976,-0.769
41,"China, P.R.: Hong Kong",HKG,1977,0.167
41,"China, P.R.: Hong Kong",HKG,1978,0.016
41,"China, P.R.: Hong Kong",HKG,1979,0.029
41,"China, P.R.: Hong Kong",HKG,1980,0.244
41,"China, P.R.: Hong Kong",HKG,1981,0.37
41,"China, P.R.: Hong Kong",HKG,1982,0.057
41,"China, P.R.: Hong Kong",HKG,1983,-0.193
41,"China, P.R.: Hong Kong",HKG,1984,-0.528
41,"China, P.R.: Hong Kong",HKG,1985,-0.294
41,"China, P.R.: Hong Kong",HKG,1986,0.012
41,"China, P.R.: Hong Kong",HKG,1987,0.831
41,"China, P.R.: Hong Kong",HKG,1988,-0.139
41,"China, P.R.: Hong Kong",HKG,1989,0.257
41,"China, P.R.: Hong Kong",HKG,1990,0.271
41,"China, P.R.: Hong Kong",HKG,1991,0.726
41,"China, P.R.: Hong Kong",HKG,1992,-0.232
41,"China, P.R.: Hong Kong",HKG,1993,0.3
41,"China, P.R.: Hong Kong",HKG,1994,0.338
41,"China, P.R.: Hong Kong",HKG,1995,-0.028
41,"China, P.R.: Hong Kong",HKG,1996,0.028
41,"China, P.R.: Hong Kong",HKG,1997,0.293
41,"China, P.R.: Hong Kong",HKG,1998,0.94
41,"China, P.R.: Hong Kong",HKG,1999,0.964
41,"China, P.R.: Hong Kong",HKG,2000,0.298
41,"China, P.R.: Hong Kong",HKG,2001,0.854
41,"China, P.R.: Hong Kong",HKG,2002,0.961
41,"China, P.R.: Hong Kong",HKG,2003,0.99
41,"China, P.R.: Hong Kong",HKG,2004,0.701
41,"China, P.R.: Hong Kong",HKG,2005,0.733
41,"China, P.R.: Hong Kong",HKG,2006,0.897
41,"China, P.R.: Hong Kong",HKG,2007,1.008
41,"China, P.R.: Hong Kong",HKG,2008,0.415
41,"China, P.R.: Hong Kong",HKG,2009,0.91
41,"China, P.R.: Hong Kong",HKG,2010,0.367
41,"China, P.R.: Hong Kong",HKG,2011,0.333
41,"China, P.R.: Hong Kong",HKG,2012,0.53
41,"China, P.R.: Hong Kong",HKG,2013,0.763
41,"China, P.R.: Hong Kong",HKG,2014,0.703
41,"China, P.R.: Hong Kong",HKG,2015,1.175
41,"China, P.R.: Hong Kong",HKG,2016,0.77
41,"China, P.R.: Hong Kong",HKG,2017,1.338
41,"China, P.R.: Hong Kong",HKG,2018,1.183
41,"China, P.R.: Hong Kong",HKG,2019,1.776
41,"China, P.R.: Hong Kong",HKG,2020,1.882
41,"China, P.R.: Hong Kong",HKG,2021,2.017
41,"China, P.R.: Hong Kong",HKG,2022,1.432
42,"China, P.R.: Macao",MAC,1961,0.055
42,"China, P.R.: Macao",MAC,1962,-0.056
42,"China, P.R.: Macao",MAC,1963,0.33
42,"China, P.R.: Macao",MAC,1964,0.117
42,"China, P.R.: Macao",MAC,1965,0.151
42,"China, P.R.: Macao",MAC,1966,0.652
42,"China, P.R.: Macao",MAC,1967,0.044
42,"China, P.R.: Macao",MAC,1968,-0.654
42,"China, P.R.: Macao",MAC,1969,-0.009
42,"China, P.R.: Macao",MAC,1970,-0.398
42,"China, P.R.: Macao",MAC,1971,-0.187
42,"China, P.R.: Macao",MAC,1972,-0.141
42,"China, P.R.: Macao",MAC,1973,0.426
42,"China, P.R.: Macao",MAC,1974,-0.342
42,"China, P.R.: Macao",MAC,1975,0.161
42,"China, P.R.: Macao",MAC,1976,-0.769
42,"China, P.R.: Macao",MAC,1977,0.167
42,"China, P.R.: Macao",MAC,1978,0.016
42,"China, P.R.: Macao",MAC,1979,0.029
42,"China, P.R.: Macao",MAC,1980,0.244
42,"China, P.R.: Macao",MAC,1981,0.37
42,"China, P.R.: Macao",MAC,1982,0.057
42,"China, P.R.: Macao",MAC,1983,-0.193
42,"China, P.R.: Macao",MAC,1984,-0.528
42,"China, P.R.: Macao",MAC,1985,-0.294
42,"China, P.R.: Macao",MAC,1986,0.012
42,"China, P.R.: Macao",MAC,1987,0.831
42,"China, P.R.: Macao",MAC,1988,-0.139
42,"China, P.R.: Macao",MAC,1989,0.257
42,"China, P.R.: Macao",MAC,1990,0.271
42,"China, P.R.: Macao",MAC,1991,0.726
42,"China, P.R.: Macao",MAC,1992,-0.232
42,"China, P.R.: Macao",MAC,1993,0.3
42,"China, P.R.: Macao",MAC,1994,0.338
42,"China, P.R.: Macao",MAC,1995,-0.028
42,"China, P.R.: Macao",MAC,1996,0.028
42,"China, P.R.: Macao",MAC,1997,0.293
42,"China, P.R.: Macao",MAC,1998,0.94
42,"China, P.R.: Macao",MAC,1999,0.964
42,"China, P.R.: Macao",MAC,2000,0.298
42,"China, P.R.: Macao",MAC,2001,0.854
42,"China, P.R.: Macao",MAC,2002,0.961
42,"China, P.R.: Macao",MAC,2003,0.99
42,"China, P.R.: Macao",MAC,2004,0.701
42,"China, P.R.: Macao",MAC,2005,0.733
42,"China, P.R.: Macao",MAC,2006,0.897
42,"China, P.R.: Macao",MAC,2007,1.008
42,"China, P.R.: Macao",MAC,2008,0.415
42,"China, P.R.: Macao",MAC,2009,0.91
42,"China, P.R.: Macao",MAC,2010,0.367
42,"China, P.R.: Macao",MAC,2011,0.333
42,"China, P.R.: Macao",MAC,2012,0.53
42,"China, P.R.: Macao",MAC,2013,0.763
42,"China, P.R.: Macao",MAC,2014,0.703
42,"China, P.R.: Macao",MAC,2015,1.175
42,"China, P.R.: Macao",MAC,2016,0.77
42,"China, P.R.: Macao",MAC,2017,1.338
42,"China, P.R.: Macao",MAC,2018,1.183
42,"China, P.R.: Macao",MAC,2019,1.776
42,"China, P.R.: Macao",MAC,2020,1.882
42,"China, P.R.: Macao",MAC,2021,2.017
42,"China, P.R.: Macao",MAC,2022,1.432
43,"China, P.R.: Mainland",CHN,1961,0.259
43,"China, P.R.: Mainland",CHN,1962,-0.141
43,"China, P.R.: Mainland",CHN,1963,0.289
43,"China, P.R.: Mainland",CHN,1964,-0.026
43,"China, P.R.: Mainland",CHN,1965,0.078
43,"China, P.R.: Mainland",CHN,1966,0.181
43,"China, P.R.: Mainland",CHN,1967,-0.282
43,"China, P.R.: Mainland",CHN,1968,-0.408
43,"China, P.R.: Mainland",CHN,1969,-0.211
43,"China, P.R.: Mainland",CHN,1970,-0.3
43,"China, P.R.: Mainland",CHN,1971,0.038
43,"China, P.R.: Mainland",CHN,1972,0.012
43,"China, P.R.: Mainland",CHN,1973,0.412
43,"China, P.R.: Mainland",CHN,1974,-0.008
43,"China, P.R.: Mainland",CHN,1975,0.278
43,"China, P.R.: Mainland",CHN,1976,-0.396
43,"China, P.R.: Mainland",CHN,1977,-0.057
43,"China, P.R.: Mainland",CHN,1978,0.242
43,"China, P.R.: Mainland",CHN,1979,0.299
43,"China, P.R.: Mainland",CHN,1980,0.251
43,"China, P.R.: Mainland",CHN,1981,0.219
43,"China, P.R.: Mainland",CHN,1982,0.379
43,"China, P.R.: Mainland",CHN,1983,0.122
43,"China, P.R.: Mainland",CHN,1984,-0.148
43,"China, P.R.: Mainland",CHN,1985,-0.127
43,"China, P.R.: Mainland",CHN,1986,-0.043
43,"China, P.R.: Mainland",CHN,1987,0.43
43,"China, P.R.: Mainland",CHN,1988,0.398
43,"China, P.R.: Mainland",CHN,1989,0.428
43,"China, P.R.: Mainland",CHN,1990,0.852
43,"China, P.R.: Mainland",CHN,1991,0.52
43,"China, P.R.: Mainland",CHN,1992,0.13
43,"China, P.R.: Mainland",CHN,1993,0.281
43,"China, P.R.: Mainland",CHN,1994,0.733
43,"China, P.R.: Mainland",CHN,1995,0.577
43,"China, P.R.: Mainland",CHN,1996,0.21
43,"China, P.R.: Mainland",CHN,1997,0.733
43,"China, P.R.: Mainland",CHN,1998,1.264
43,"China, P.R.: Mainland",CHN,1999,1.231
43,"China, P.R.: Mainland",CHN,2000,0.572
43,"China, P.R.: Mainland",CHN,2001,1.038
43,"China, P.R.: Mainland",CHN,2002,1.131
43,"China, P.R.: Mainland",CHN,2003,0.822
43,"China, P.R.: Mainland",CHN,2004,1.112
43,"China, P.R.: Mainland",CHN,2005,1.048
43,"China, P.R.: Mainland",CHN,2006,1.232
43,"China, P.R.: Mainland",CHN,2007,1.538
43,"China, P.R.: Mainland",CHN,2008,1.09
43,"China, P.R.: Mainland",CHN,2009,1.336
43,"China, P.R.: Mainland",CHN,2010,0.968
43,"China, P.R.: Mainland",CHN,2011,0.792
43,"China, P.R.: Mainland",CHN,2012,0.626
43,"China, P.R.: Mainland",CHN,2013,1.073
43,"China, P.R.: Mainland",CHN,2014,1.062
43,"China, P.R.: Mainland",CHN,2015,1.297
43,"China, P.R.: Mainland",CHN,2016,1.319
43,"China, P.R.: Mainland",CHN,2017,1.573
43,"China, P.R.: Mainland",CHN,2018,1.361
43,"China, P.R.: Mainland",CHN,2019,1.422
43,"China, P.R.: Mainland",CHN,2020,1.62
43,"China, P.R.: Mainland",CHN,2021,1.701
43,"China, P.R.: Mainland",CHN,2022,1.906
44,Colombia,COL,1961,0.09
44,Colombia,COL,1962,-0.133
44,Colombia,COL,1963,-0.058
44,Colombia,COL,1964,0.117
44,Colombia,COL,1965,-0.217
44,Colombia,COL,1966,0.117
44,Colombia,COL,1967,-0.274
44,Colombia,COL,1968,-0.238
44,Colombia,COL,1969,0.363
44,Colombia,COL,1970,0.052
44,Colombia,COL,1971,-0.431
44,Colombia,COL,1972,-0.022
44,Colombia,COL,1973,0.349
44,Colombia,COL,1974,-0.306
44,Colombia,COL,1975,-0.304
44,Colombia,COL,1976,-0.24
44,Colombia,COL,1977,0.214
44,Colombia,COL,1978,0.109
44,Colombia,COL,1979,0.191
44,Colombia,COL,1980,0.446
44,Colombia,COL,1981,0.129
44,Colombia,COL,1982,0.192
44,Colombia,COL,1983,0.636
44,Colombia,COL,1984,-0.233
44,Colombia,COL,1985,-0.015
44,Colombia,COL,1986,0.017
44,Colombia,COL,1987,0.573
44,Colombia,COL,1988,0.312
44,Colombia,COL,1989,-0.091
44,Colombia,COL,1990,0.31
44,Colombia,COL,1991,0.449
44,Colombia,COL,1992,0.606
44,Colombia,COL,1993,0.263
44,Colombia,COL,1994,0.245
44,Colombia,COL,1995,0.517
44,Colombia,COL,1996,0.143
44,Colombia,COL,1997,0.504
44,Colombia,COL,1998,0.901
44,Colombia,COL,1999,-0.01
44,Colombia,COL,2000,-0.009
44,Colombia,COL,2001,0.438
44,Colombia,COL,2002,0.675
44,Colombia,COL,2003,0.693
44,Colombia,COL,2004,0.585
44,Colombia,COL,2005,0.681
44,Colombia,COL,2006,0.531
44,Colombia,COL,2007,0.641
44,Colombia,COL,2008,0.385
44,Colombia,COL,2009,0.856
44,Colombia,COL,2010,1.037
44,Colombia,COL,2011,0.467
44,Colombia,COL,2012,0.668
44,Colombia,COL,2013,0.834
44,Colombia,COL,2014,0.854
44,Colombia,COL,2015,1.249
44,Colombia,COL,2016,1.08
44,Colombia,COL,2017,0.82
44,Colombia,COL,2018,1.137
44,Colombia,COL,2019,1.397
44,Colombia,COL,2020,1.583
44,Colombia,COL,2021,1.073
44,Colombia,COL,2022,0.874
45,"Comoros, Union of the",COM,1961,0.457
45,"Comoros, Union of the",COM,1962,0.001
45,"Comoros, Union of the",COM,1963,-0.248
45,"Comoros, Union of the",COM,1964,-0.215
45,"Comoros, Union of the",COM,1965,-0.334
45,"Comoros, Union of the",COM,1966,0.059
45,"Comoros, Union of the",COM,1967,0.154
45,"Comoros, Union of the",COM,1968,-0.452
45,"Comoros, Union of the",COM,1969,0.199
45,"Comoros, Union of the",COM,1970,0.058
45,"Comoros, Union of the",COM,1971,-0.545
45,"Comoros, Union of the",COM,1972,-0.075
45,"Comoros, Union of the",COM,1973,0.135
45,"Comoros, Union of the",COM,1974,-0.375
45,"Comoros, Union of the",COM,1975,-0.16
45,"Comoros, Union of the",COM,1976,-0.071
45,"Comoros, Union of the",COM,1977,0.448
45,"Comoros, Union of the",COM,1978,0.184
45,"Comoros, Union of the",COM,1979,0.165
45,"Comoros, Union of the",COM,1980,0.198
45,"Comoros, Union of the",COM,1981,0.082
45,"Comoros, Union of the",COM,1982,0.53
45,"Comoros, Union of the",COM,1983,0.356
45,"Comoros, Union of the",COM,1984,-0.433
45,"Comoros, Union of the",COM,1986,0.001
45,"Comoros, Union of the",COM,1987,0.455
45,"Comoros, Union of the",COM,1988,0.461
45,"Comoros, Union of the",COM,1989,-0.234
45,"Comoros, Union of the",COM,1990,0.154
45,"Comoros, Union of the",COM,1991,0.299
45,"Comoros, Union of the",COM,1992,0.119
45,"Comoros, Union of the",COM,1993,0.233
45,"Comoros, Union of the",COM,1994,0.595
45,"Comoros, Union of the",COM,1995,0.475
45,"Comoros, Union of the",COM,1996,0.013
45,"Comoros, Union of the",COM,1997,0.315
45,"Comoros, Union of the",COM,1998,0.807
45,"Comoros, Union of the",COM,1999,0.235
45,"Comoros, Union of the",COM,2000,0.01
45,"Comoros, Union of the",COM,2001,0.159
45,"Comoros, Union of the",COM,2002,0.613
45,"Comoros, Union of the",COM,2003,0.291
45,"Comoros, Union of the",COM,2004,0.213
45,"Comoros, Union of the",COM,2005,0.309
45,"Comoros, Union of the",COM,2006,0.115
45,"Comoros, Union of the",COM,2007,0.448
45,"Comoros, Union of the",COM,2008,0.28
45,"Comoros, Union of the",COM,2009,0.639
45,"Comoros, Union of the",COM,2010,0.88
45,"Comoros, Union of the",COM,2011,0.516
45,"Comoros, Union of the",COM,2012,0.479
45,"Comoros, Union of the",COM,2013,0.415
45,"Comoros, Union of the",COM,2014,0.509
45,"Comoros, Union of the",COM,2015,0.725
45,"Comoros, Union of the",COM,2016,0.7
45,"Comoros, Union of the",COM,2017,0.95
45,"Comoros, Union of the",COM,2018,0.705
45,"Comoros, Union of the",COM,2019,1.296
45,"Comoros, Union of the",COM,2020,1.03
45,"Comoros, Union of the",COM,2021,0.65
45,"Comoros, Union of the",COM,2022,0.521
46,"Congo, Dem. Rep. of the",COD,1961,-0.03
46,"Congo, Dem. Rep. of the",COD,1962,-0.172
46,"Congo, Dem. Rep. of the",COD,1963,-0.038
46,"Congo, Dem. Rep. of the",COD,1964,-0.112
46,"Congo, Dem. Rep. of the",COD,1965,-0.193
46,"Congo, Dem. Rep. of the",COD,1966,0.109
46,"Congo, Dem. Rep. of the",COD,1967,-0.119
46,"Congo, Dem. Rep. of the",COD,1968,-0.158
46,"Congo, Dem. Rep. of the",COD,1969,0.139
46,"Congo, Dem. Rep. of the",COD,1970,0.218
46,"Congo, Dem. Rep. of the",COD,1971,-0.141
46,"Congo, Dem. Rep. of the",COD,1972,0.074
46,"Congo, Dem. Rep. of the",COD,1973,0.458
46,"Congo, Dem. Rep. of the",COD,1974,-0.077
46,"Congo, Dem. Rep. of the",COD,1975,-0.103
46,"Congo, Dem. Rep. of the",COD,1976,-0.185
46,"Congo, Dem. Rep. of the",COD,1977,0.259
46,"Congo, Dem. Rep. of the",COD,1978,0.141
46,"Congo, Dem. Rep. of the",COD,1979,0.4
46,"Congo, Dem. Rep. of the",COD,1980,0.311
46,"Congo, Dem. Rep. of the",COD,1981,0.15
46,"Congo, Dem. Rep. of the",COD,1982,0.143
46,"Congo, Dem. Rep. of the",COD,1983,0.506
46,"Congo, Dem. Rep. of the",COD,1984,0.282
46,"Congo, Dem. Rep. of the",COD,1985,0.159
46,"Congo, Dem. Rep. of the",COD,1986,0.307
46,"Congo, Dem. Rep. of the",COD,1987,0.6
46,"Congo, Dem. Rep. of the",COD,1988,0.488
46,"Congo, Dem. Rep. of the",COD,1989,-0.144
46,"Congo, Dem. Rep. of the",COD,1990,0.082
46,"Congo, Dem. Rep. of the",COD,1991,0.293
46,"Congo, Dem. Rep. of the",COD,1992,-0.213
46,"Congo, Dem. Rep. of the",COD,1993,0.1
46,"Congo, Dem. Rep. of the",COD,1994,0.293
46,"Congo, Dem. Rep. of the",COD,1995,0.387
46,"Congo, Dem. Rep. of the",COD,1996,-0.077
46,"Congo, Dem. Rep. of the",COD,1997,0.627
46,"Congo, Dem. Rep. of the",COD,1998,0.937
46,"Congo, Dem. Rep. of the",COD,1999,0.455
46,"Congo, Dem. Rep. of the",COD,2000,0.537
46,"Congo, Dem. Rep. of the",COD,2001,0.393
46,"Congo, Dem. Rep. of the",COD,2002,0.872
46,"Congo, Dem. Rep. of the",COD,2003,0.961
46,"Congo, Dem. Rep. of the",COD,2004,0.913
46,"Congo, Dem. Rep. of the",COD,2005,1.014
46,"Congo, Dem. Rep. of the",COD,2006,0.844
46,"Congo, Dem. Rep. of the",COD,2007,0.768
46,"Congo, Dem. Rep. of the",COD,2008,0.664
46,"Congo, Dem. Rep. of the",COD,2009,0.928
46,"Congo, Dem. Rep. of the",COD,2010,1.347
46,"Congo, Dem. Rep. of the",COD,2011,0.844
46,"Congo, Dem. Rep. of the",COD,2012,0.523
46,"Congo, Dem. Rep. of the",COD,2013,1.003
46,"Congo, Dem. Rep. of the",COD,2014,0.976
46,"Congo, Dem. Rep. of the",COD,2015,1.053
46,"Congo, Dem. Rep. of the",COD,2016,1.546
46,"Congo, Dem. Rep. of the",COD,2017,1.32
46,"Congo, Dem. Rep. of the",COD,2018,1.45
46,"Congo, Dem. Rep. of the",COD,2019,1.483
46,"Congo, Dem. Rep. of the",COD,2020,1.692
46,"Congo, Dem. Rep. of the",COD,2021,1.658
46,"Congo, Dem. Rep. of the",COD,2022,1.48
47,"Congo, Rep. of",COG,1961,-0.172
47,"Congo, Rep. of",COG,1962,-0.053
47,"Congo, Rep. of",COG,1963,0.12
47,"Congo, Rep. of",COG,1964,-0.123
47,"Congo, Rep. of",COG,1965,-0.179
47,"Congo, Rep. of",COG,1966,0.102
47,"Congo, Rep. of",COG,1967,-0.126
47,"Congo, Rep. of",COG,1968,-0.11
47,"Congo, Rep. of",COG,1969,0.118
47,"Congo, Rep. of",COG,1970,0.159
47,"Congo, Rep. of",COG,1971,-0.08
47,"Congo, Rep. of",COG,1972,-0.052
47,"Congo, Rep. of",COG,1973,0.493
47,"Congo, Rep. of",COG,1974,-0.081
47,"Congo, Rep. of",COG,1975,-0.125
47,"Congo, Rep. of",COG,1976,-0.248
47,"Congo, Rep. of",COG,1977,0.221
47,"Congo, Rep. of",COG,1978,0.111
47,"Congo, Rep. of",COG,1979,0.427
47,"Congo, Rep. of",COG,1980,0.32
47,"Congo, Rep. of",COG,1981,-0.189
47,"Congo, Rep. of",COG,1982,-0.205
47,"Congo, Rep. of",COG,1983,0.31
47,"Congo, Rep. of",COG,1984,0.15
47,"Congo, Rep. of",COG,1985,-0.195
47,"Congo, Rep. of",COG,1986,0.013
47,"Congo, Rep. of",COG,1987,0.354
47,"Congo, Rep. of",COG,1988,0.211
47,"Congo, Rep. of",COG,1989,-0.301
47,"Congo, Rep. of",COG,1990,-0.014
47,"Congo, Rep. of",COG,1991,0.144
47,"Congo, Rep. of",COG,1992,-0.314
47,"Congo, Rep. of",COG,1993,0.007
47,"Congo, Rep. of",COG,1994,0.223
47,"Congo, Rep. of",COG,1995,0.426
47,"Congo, Rep. of",COG,1996,-0.058
47,"Congo, Rep. of",COG,1998,1.055
47,"Congo, Rep. of",COG,1999,0.61
47,"Congo, Rep. of",COG,2000,0.404
47,"Congo, Rep. of",COG,2001,0.356
47,"Congo, Rep. of",COG,2002,0.752
47,"Congo, Rep. of",COG,2003,0.852
47,"Congo, Rep. of",COG,2004,0.891
47,"Congo, Rep. of",COG,2005,0.912
47,"Congo, Rep. of",COG,2006,0.808
47,"Congo, Rep. of",COG,2007,0.831
47,"Congo, Rep. of",COG,2008,0.74
47,"Congo, Rep. of",COG,2009,0.819
47,"Congo, Rep. of",COG,2010,1.255
47,"Congo, Rep. of",COG,2011,0.651
47,"Congo, Rep. of",COG,2012,0.667
47,"Congo, Rep. of",COG,2013,0.811
47,"Congo, Rep. of",COG,2014,0.744
47,"Congo, Rep. of",COG,2015,1.075
47,"Congo, Rep. of",COG,2016,1.479
47,"Congo, Rep. of",COG,2017,1.159
47,"Congo, Rep. of",COG,2018,1.245
47,"Congo, Rep. of",COG,2019,1.411
47,"Congo, Rep. of",COG,2020,1.5
47,"Congo, Rep. of",COG,2021,1.355
47,"Congo, Rep. of",COG,2022,1.245
48,Cook Islands,COK,1961,0.148
48,Cook Islands,COK,1962,-0.064
48,Cook Islands,COK,1963,-0.099
48,Cook Islands,COK,1964,0.163
48,Cook Islands,COK,1965,-0.373
48,Cook Islands,COK,1966,0.035
48,Cook Islands,COK,1967,-0.352
48,Cook Islands,COK,1968,-0.387
48,Cook Islands,COK,1969,-0.009
48,Cook Islands,COK,1970,0.249
48,Cook Islands,COK,1971,-0.079
48,Cook Islands,COK,1972,-0.03
48,Cook Islands,COK,1973,0.508
48,Cook Islands,COK,1974,-0.129
48,Cook Islands,COK,1975,-0.167
48,Cook Islands,COK,1976,-0.269
48,Cook Islands,COK,1977,0.057
48,Cook Islands,COK,1978,-0.006
48,Cook Islands,COK,1979,-0.05
48,Cook Islands,COK,1980,0.138
48,Cook Islands,COK,1981,0.036
48,Cook Islands,COK,1982,-0.061
48,Cook Islands,COK,1983,0.06
48,Cook Islands,COK,1984,-0.043
48,Cook Islands,COK,1985,0.05
48,Cook Islands,COK,1986,0.264
48,Cook Islands,COK,1987,-0.021
48,Cook Islands,COK,1988,0.34
48,Cook Islands,COK,1989,0.13
48,Cook Islands,COK,1990,0.19
48,Cook Islands,COK,1991,0.197
48,Cook Islands,COK,1992,0.21
48,Cook Islands,COK,1993,-0.069
48,Cook Islands,COK,1994,0.186
48,Cook Islands,COK,1995,0.455
48,Cook Islands,COK,1996,0.247
48,Cook Islands,COK,1997,-0.108
48,Cook Islands,COK,1998,-0.258
48,Cook Islands,COK,1999,0.625
48,Cook Islands,COK,2000,0.303
48,Cook Islands,COK,2001,0.402
48,Cook Islands,COK,2002,0.292
48,Cook Islands,COK,2003,0.262
48,Cook Islands,COK,2004,0.257
48,Cook Islands,COK,2005,0.115
48,Cook Islands,COK,2006,0.314
48,Cook Islands,COK,2007,0.344
48,Cook Islands,COK,2008,0.208
48,Cook Islands,COK,2009,0.077
48,Cook Islands,COK,2010,0.604
48,Cook Islands,COK,2011,0.548
48,Cook Islands,COK,2012,0.258
48,Cook Islands,COK,2013,0.455
48,Cook Islands,COK,2014,0.158
48,Cook Islands,COK,2015,-0.43
48,Cook Islands,COK,2016,0.31
48,Cook Islands,COK,2017,0.675
48,Cook Islands,COK,2018,0.238
48,Cook Islands,COK,2019,0.22
48,Cook Islands,COK,2020,0.274
48,Cook Islands,COK,2021,0.568
48,Cook Islands,COK,2022,0.479
49,Costa Rica,CRI,1971,-0.549
49,Costa Rica,CRI,1972,0.135
49,Costa Rica,CRI,1973,0.163
49,Costa Rica,CRI,1974,-0.256
49,Costa Rica,CRI,1975,-0.398
49,Costa Rica,CRI,1976,0.187
49,Costa Rica,CRI,1977,0.296
49,Costa Rica,CRI,1978,0.175
49,Costa Rica,CRI,1979,0.213
49,Costa Rica,CRI,1980,0.425
49,Costa Rica,CRI,1981,0.189
49,Costa Rica,CRI,1982,0.604
49,Costa Rica,CRI,1983,1.052
49,Costa Rica,CRI,1984,0.035
49,Costa Rica,CRI,1985,-0.047
49,Costa Rica,CRI,1987,0.658
49,Costa Rica,CRI,1988,0.119
49,Costa Rica,CRI,1989,0.067
49,Costa Rica,CRI,1990,0.591
49,Costa Rica,CRI,1991,0.582
49,Costa Rica,CRI,1992,0.498
49,Costa Rica,CRI,1993,0.308
49,Costa Rica,CRI,1994,0.514
49,Costa Rica,CRI,1995,0.633
49,Costa Rica,CRI,1996,-0.021
49,Costa Rica,CRI,1997,0.862
49,Costa Rica,CRI,1998,1.139
49,Costa Rica,CRI,1999,-0.174
49,Costa Rica,CRI,2000,-0.017
49,Costa Rica,CRI,2001,0.608
49,Costa Rica,CRI,2002,0.894
49,Costa Rica,CRI,2003,0.864
49,Costa Rica,CRI,2004,0.796
49,Costa Rica,CRI,2005,0.584
49,Costa Rica,CRI,2006,0.775
49,Costa Rica,CRI,2007,0.75
49,Costa Rica,CRI,2008,0.349
49,Costa Rica,CRI,2009,1.052
49,Costa Rica,CRI,2010,0.989
49,Costa Rica,CRI,2011,0.564
50,"Croatia, Rep. of",HRV,1992,0.811
50,"Croatia, Rep. of",HRV,1993,0.382
50,"Croatia, Rep. of",HRV,1994,1.693
50,"Croatia, Rep. of",HRV,1995,0.407
50,"Croatia, Rep. of",HRV,1996,-0.055
50,"Croatia, Rep. of",HRV,1997,0.285
50,"Croatia, Rep. of",HRV,1998,1.127
50,"Croatia, Rep. of",HRV,1999,0.676
50,"Croatia, Rep. of",HRV,2000,1.601
50,"Croatia, Rep. of",HRV,2001,1.57
50,"Croatia, Rep. of",HRV,2002,1.233
50,"Croatia, Rep. of",HRV,2003,1.244
50,"Croatia, Rep. of",HRV,2004,0.633
50,"Croatia, Rep. of",HRV,2005,0.253
50,"Croatia, Rep. of",HRV,2006,0.68
50,"Croatia, Rep. of",HRV,2007,1.938
50,"Croatia, Rep. of",HRV,2008,1.416
50,"Croatia, Rep. of",HRV,2009,1.454
50,"Croatia, Rep. of",HRV,2010,0.821
50,"Croatia, Rep. of",HRV,2011,1.22
50,"Croatia, Rep. of",HRV,2012,1.809
50,"Croatia, Rep. of",HRV,2013,1.232
50,"Croatia, Rep. of",HRV,2014,2.004
50,"Croatia, Rep. of",HRV,2015,1.895
50,"Croatia, Rep. of",HRV,2016,1.807
50,"Croatia, Rep. of",HRV,2017,1.523
50,"Croatia, Rep. of",HRV,2018,2.282
50,"Croatia, Rep. of",HRV,2019,2.082
50,"Croatia, Rep. of",HRV,2020,1.989
50,"Croatia, Rep. of",HRV,2021,1.582
50,"Croatia, Rep. of",HRV,2022,2.209
51,Cuba,CUB,1961,-0.084
51,Cuba,CUB,1962,-0.07
51,Cuba,CUB,1963,-0.127
51,Cuba,CUB,1964,0.102
51,Cuba,CUB,1965,0.023
51,Cuba,CUB,1966,-0.325
51,Cuba,CUB,1967,-0.234
51,Cuba,CUB,1968,-0.339
51,Cuba,CUB,1969,0.024
51,Cuba,CUB,1970,-0.349
51,Cuba,CUB,1971,0.067
51,Cuba,CUB,1972,0.433
51,Cuba,CUB,1973,0.403
51,Cuba,CUB,1974,0.087
51,Cuba,CUB,1975,0.528
51,Cuba,CUB,1976,-0.194
51,Cuba,CUB,1977,0.131
51,Cuba,CUB,1978,0.034
51,Cuba,CUB,1979,0.349
51,Cuba,CUB,1980,0.49
51,Cuba,CUB,1981,-0.016
51,Cuba,CUB,1982,0.591
51,Cuba,CUB,1983,0.303
51,Cuba,CUB,1984,0.287
51,Cuba,CUB,1985,0.235
51,Cuba,CUB,1986,0.357
51,Cuba,CUB,1987,0.736
51,Cuba,CUB,1988,0.603
51,Cuba,CUB,1989,0.68
51,Cuba,CUB,1990,0.836
51,Cuba,CUB,1991,0.899
51,Cuba,CUB,1992,0.608
51,Cuba,CUB,1993,0.639
51,Cuba,CUB,1994,1.016
51,Cuba,CUB,1995,1.222
51,Cuba,CUB,1996,0.627
51,Cuba,CUB,1997,1.031
51,Cuba,CUB,1998,1.191
51,Cuba,CUB,1999,0.806
51,Cuba,CUB,2000,0.508
51,Cuba,CUB,2001,0.535
51,Cuba,CUB,2002,0.945
51,Cuba,CUB,2003,1.089
51,Cuba,CUB,2004,0.872
51,Cuba,CUB,2005,0.787
51,Cuba,CUB,2006,0.914
51,Cuba,CUB,2007,0.902
51,Cuba,CUB,2008,0.642
51,Cuba,CUB,2009,0.93
51,Cuba,CUB,2010,0.957
51,Cuba,CUB,2011,0.538
51,Cuba,CUB,2012,0.611
51,Cuba,CUB,2013,0.885
51,Cuba,CUB,2014,1.144
51,Cuba,CUB,2015,1.439
51,Cuba,CUB,2016,1.37
51,Cuba,CUB,2017,1.275
51,Cuba,CUB,2018,1.177
51,Cuba,CUB,2019,1.634
51,Cuba,CUB,2020,1.722
51,Cuba,CUB,2021,1.304
51,Cuba,CUB,2022,1.437
52,Cyprus,CYP,1961,0.039
52,Cyprus,CYP,1962,0.789
52,Cyprus,CYP,1963,0.691
52,Cyprus,CYP,1964,-0.612
52,Cyprus,CYP,1965,-0.208
52,Cyprus,CYP,1966,0.637
52,Cyprus,CYP,1967,-0.774
52,Cyprus,CYP,1968,-0.031
52,Cyprus,CYP,1969,0.165
52,Cyprus,CYP,1970,0.495
52,Cyprus,CYP,1971,-0.256
52,Cyprus,CYP,1972,-0.625
52,Cyprus,CYP,1973,-0.379
52,Cyprus,CYP,1974,-0.177
52,Cyprus,CYP,1975,-0.225
52,Cyprus,CYP,1976,-0.713
52,Cyprus,CYP,1977,0.15
52,Cyprus,CYP,1978,-0.028
52,Cyprus,CYP,1979,0.607
52,Cyprus,CYP,1980,-0.295
52,Cyprus,CYP,1981,0.088
52,Cyprus,CYP,1982,-0.337
52,Cyprus,CYP,1983,-0.805
52,Cyprus,CYP,1984,0.013
52,Cyprus,CYP,1985,-0.068
52,Cyprus,CYP,1986,0.249
52,Cyprus,CYP,1987,-0.26
52,Cyprus,CYP,1988,0.044
52,Cyprus,CYP,1989,0.085
52,Cyprus,CYP,1990,0.069
52,Cyprus,CYP,1991,0.379
52,Cyprus,CYP,1992,-0.928
52,Cyprus,CYP,1993,-0.421
52,Cyprus,CYP,1994,1.047
52,Cyprus,CYP,1995,0.058
52,Cyprus,CYP,1996,0.253
52,Cyprus,CYP,1997,0.008
52,Cyprus,CYP,1998,0.961
52,Cyprus,CYP,1999,1.079
52,Cyprus,CYP,2000,0.618
52,Cyprus,CYP,2001,1.161
52,Cyprus,CYP,2002,0.836
52,Cyprus,CYP,2003,0.585
52,Cyprus,CYP,2004,0.614
52,Cyprus,CYP,2005,0.335
52,Cyprus,CYP,2006,0.622
52,Cyprus,CYP,2007,0.814
52,Cyprus,CYP,2008,1.031
52,Cyprus,CYP,2009,0.983
52,Cyprus,CYP,2010,2.03
52,Cyprus,CYP,2011,0.715
52,Cyprus,CYP,2012,0.97
52,Cyprus,CYP,2013,1.238
52,Cyprus,CYP,2014,1.048
52,Cyprus,CYP,2015,1.139
52,Cyprus,CYP,2016,1.493
52,Cyprus,CYP,2017,0.776
52,Cyprus,CYP,2018,2.119
52,Cyprus,CYP,2019,1.524
52,Cyprus,CYP,2020,1.668
52,Cyprus,CYP,2021,1.994
52,Cyprus,CYP,2022,1.237
53,Czech Rep.,CZE,1993,0.293
53,Czech Rep.,CZE,1994,1.807
53,Czech Rep.,CZE,1995,1.044
53,Czech Rep.,CZE,1996,-0.602
53,Czech Rep.,CZE,1997,0.141
53,Czech Rep.,CZE,1998,1.258
53,Czech Rep.,CZE,1999,1.116
53,Czech Rep.,CZE,2000,1.914
53,Czech Rep.,CZE,2001,1.228
53,Czech Rep.,CZE,2002,1.531
53,Czech Rep.,CZE,2003,1.081
53,Czech Rep.,CZE,2004,0.822
53,Czech Rep.,CZE,2005,0.752
53,Czech Rep.,CZE,2006,0.957
53,Czech Rep.,CZE,2007,2.175
53,Czech Rep.,CZE,2008,1.654
53,Czech Rep.,CZE,2009,1.435
53,Czech Rep.,CZE,2010,0.425
53,Czech Rep.,CZE,2011,1.054
53,Czech Rep.,CZE,2012,1.596
53,Czech Rep.,CZE,2013,0.797
53,Czech Rep.,CZE,2014,2.527
53,Czech Rep.,CZE,2015,2.141
53,Czech Rep.,CZE,2016,2.1
53,Czech Rep.,CZE,2017,1.616
53,Czech Rep.,CZE,2018,2.672
53,Czech Rep.,CZE,2019,2.561
53,Czech Rep.,CZE,2020,2.361
53,Czech Rep.,CZE,2021,1.321
53,Czech Rep.,CZE,2022,2.394
54,Denmark,DNK,1961,1.117
54,Denmark,DNK,1962,-0.641
54,Denmark,DNK,1963,-1.019
54,Denmark,DNK,1964,-0.274
54,Denmark,DNK,1965,-0.603
54,Denmark,DNK,1966,-0.5
54,Denmark,DNK,1967,0.831
54,Denmark,DNK,1968,0.277
54,Denmark,DNK,1969,-0.135
54,Denmark,DNK,1970,-1.204
54,Denmark,DNK,1971,0.261
54,Denmark,DNK,1972,0.289
54,Denmark,DNK,1973,0.67
54,Denmark,DNK,1974,0.58
54,Denmark,DNK,1975,1.335
54,Denmark,DNK,1976,0.301
54,Denmark,DNK,1977,-0.014
54,Denmark,DNK,1978,0.145
54,Denmark,DNK,1979,-1.191
54,Denmark,DNK,1980,-0.441
54,Denmark,DNK,1981,0.3
54,Denmark,DNK,1982,0.002
54,Denmark,DNK,1983,1.06
54,Denmark,DNK,1984,0.379
54,Denmark,DNK,1985,-1.004
54,Denmark,DNK,1986,-0.444
54,Denmark,DNK,1987,-0.985
54,Denmark,DNK,1988,0.925
54,Denmark,DNK,1989,1.803
54,Denmark,DNK,1990,1.843
54,Denmark,DNK,1991,0.616
54,Denmark,DNK,1992,1.452
54,Denmark,DNK,1993,0.235
54,Denmark,DNK,1994,0.967
54,Denmark,DNK,1995,1.304
54,Denmark,DNK,1996,-0.753
54,Denmark,DNK,1997,0.651
54,Denmark,DNK,1998,0.869
54,Denmark,DNK,1999,1.334
54,Denmark,DNK,2000,1.719
54,Denmark,DNK,2001,1.044
54,Denmark,DNK,2002,1.652
54,Denmark,DNK,2003,0.707
54,Denmark,DNK,2004,1.032
54,Denmark,DNK,2005,1.282
54,Denmark,DNK,2006,1.349
54,Denmark,DNK,2007,2.136
54,Denmark,DNK,2008,1.853
54,Denmark,DNK,2009,1.32
54,Denmark,DNK,2010,-0.199
54,Denmark,DNK,2011,0.677
54,Denmark,DNK,2012,1.139
54,Denmark,DNK,2013,0.397
54,Denmark,DNK,2014,2.677
54,Denmark,DNK,2015,1.516
54,Denmark,DNK,2016,1.852
54,Denmark,DNK,2017,1.619
54,Denmark,DNK,2018,2.109
54,Denmark,DNK,2019,2.18
54,Denmark,DNK,2020,2.633
54,Denmark,DNK,2021,1.69
54,Denmark,DNK,2022,2.219
55,Djibouti,DJI,1961,0.118
55,Djibouti,DJI,1962,-0.207
55,Djibouti,DJI,1963,0.045
55,Djibouti,DJI,1964,-0.289
55,Djibouti,DJI,1965,-0.425
55,Djibouti,DJI,1966,0.008
55,Djibouti,DJI,1967,-0.465
55,Djibouti,DJI,1968,-0.503
55,Djibouti,DJI,1969,0.226
55,Djibouti,DJI,1970,0.016
55,Djibouti,DJI,1971,-0.236
55,Djibouti,DJI,1972,0.115
55,Djibouti,DJI,1973,0.686
55,Djibouti,DJI,1974,-0.13
55,Djibouti,DJI,1975,0.195
55,Djibouti,DJI,1976,0.028
55,Djibouti,DJI,1977,0.279
55,Djibouti,DJI,1978,0.292
55,Djibouti,DJI,1979,0.131
55,Djibouti,DJI,1980,0.808
55,Djibouti,DJI,1981,0.099
55,Djibouti,DJI,1982,0.182
55,Djibouti,DJI,1983,0.327
55,Djibouti,DJI,1984,-0.096
55,Djibouti,DJI,1985,0.051
55,Djibouti,DJI,1986,-0.055
55,Djibouti,DJI,1987,0.204
55,Djibouti,DJI,1988,0.567
55,Djibouti,DJI,1989,-0.104
55,Djibouti,DJI,1990,0.524
55,Djibouti,DJI,1991,0.467
55,Djibouti,DJI,1992,0.434
55,Djibouti,DJI,1993,0.303
55,Djibouti,DJI,1994,0.275
55,Djibouti,DJI,1995,0.659
55,Djibouti,DJI,1996,0.775
55,Djibouti,DJI,1997,0.663
55,Djibouti,DJI,1998,1.004
55,Djibouti,DJI,1999,0.409
55,Djibouti,DJI,2000,0.834
55,Djibouti,DJI,2001,0.811
55,Djibouti,DJI,2002,1.363
55,Djibouti,DJI,2003,1.468
55,Djibouti,DJI,2004,0.953
55,Djibouti,DJI,2005,1.206
55,Djibouti,DJI,2006,0.889
55,Djibouti,DJI,2007,0.864
55,Djibouti,DJI,2008,0.302
55,Djibouti,DJI,2009,1.404
55,Djibouti,DJI,2010,1.037
55,Djibouti,DJI,2011,0.902
55,Djibouti,DJI,2013,1.23
55,Djibouti,DJI,2014,1.093
55,Djibouti,DJI,2015,1.586
55,Djibouti,DJI,2016,1.349
55,Djibouti,DJI,2017,1.811
55,Djibouti,DJI,2018,1.421
55,Djibouti,DJI,2019,1.465
55,Djibouti,DJI,2020,1.533
55,Djibouti,DJI,2021,1.129
55,Djibouti,DJI,2022,1.547
56,Dominica,DMA,1961,-0.033
56,Dominica,DMA,1962,0.146
56,Dominica,DMA,1963,0.256
56,Dominica,DMA,1964,0.081
56,Dominica,DMA,1965,-0.297
56,Dominica,DMA,1966,0.104
56,Dominica,DMA,1967,-0.23
56,Dominica,DMA,1968,-0.222
56,Dominica,DMA,1969,0.382
56,Dominica,DMA,1970,0.181
56,Dominica,DMA,1971,-0.218
56,Dominica,DMA,1972,-0.083
56,Dominica,DMA,1973,0.163
56,Dominica,DMA,1974,-0.396
56,Dominica,DMA,1975,-0.392
56,Dominica,DMA,1976,-0.434
56,Dominica,DMA,1977,0.045
56,Dominica,DMA,1978,0.086
56,Dominica,DMA,1979,0.163
56,Dominica,DMA,1980,0.43
56,Dominica,DMA,1981,0.438
56,Dominica,DMA,1982,0.08
56,Dominica,DMA,1983,0.457
56,Dominica,DMA,1984,-0.039
56,Dominica,DMA,1985,-0.062
56,Dominica,DMA,1986,0.015
56,Dominica,DMA,1987,0.596
56,Dominica,DMA,1988,0.394
56,Dominica,DMA,1989,-0.056
56,Dominica,DMA,1990,0.436
56,Dominica,DMA,1991,0.453
56,Dominica,DMA,1992,0.433
56,Dominica,DMA,1993,0.51
56,Dominica,DMA,1994,0.572
56,Dominica,DMA,1995,0.695
56,Dominica,DMA,1996,0.434
56,Dominica,DMA,1997,0.595
56,Dominica,DMA,1998,0.999
56,Dominica,DMA,1999,0.486
56,Dominica,DMA,2000,0.282
56,Dominica,DMA,2001,0.518
56,Dominica,DMA,2002,0.684
56,Dominica,DMA,2003,0.782
56,Dominica,DMA,2004,0.491
56,Dominica,DMA,2005,0.819
56,Dominica,DMA,2006,0.718
56,Dominica,DMA,2007,0.871
56,Dominica,DMA,2008,0.401
56,Dominica,DMA,2009,0.539
56,Dominica,DMA,2010,1.193
56,Dominica,DMA,2011,0.591
56,Dominica,DMA,2012,0.703
56,Dominica,DMA,2013,0.715
56,Dominica,DMA,2014,0.704
56,Dominica,DMA,2015,0.918
56,Dominica,DMA,2016,1.057
56,Dominica,DMA,2017,0.821
56,Dominica,DMA,2018,0.561
56,Dominica,DMA,2019,0.752
56,Dominica,DMA,2020,1.087
56,Dominica,DMA,2021,0.727
56,Dominica,DMA,2022,0.688
57,Dominican Rep.,DOM,1961,-0.009
57,Dominican Rep.,DOM,1962,-0.07
57,Dominican Rep.,DOM,1963,-0.017
57,Dominican Rep.,DOM,1964,0.167
57,Dominican Rep.,DOM,1965,-0.314
57,Dominican Rep.,DOM,1966,-0.028
57,Dominican Rep.,DOM,1967,-0.202
57,Dominican Rep.,DOM,1968,-0.154
57,Dominican Rep.,DOM,1969,0.31
57,Dominican Rep.,DOM,1970,-0.052
57,Dominican Rep.,DOM,1971,-0.318
57,Dominican Rep.,DOM,1972,-0.103
57,Dominican Rep.,DOM,1973,0.364
57,Dominican Rep.,DOM,1974,-0.438
57,Dominican Rep.,DOM,1975,-0.026
57,Dominican Rep.,DOM,1976,-0.337
57,Dominican Rep.,DOM,1977,0.405
57,Dominican Rep.,DOM,1978,0.33
57,Dominican Rep.,DOM,1979,0.181
57,Dominican Rep.,DOM,1980,0.692
57,Dominican Rep.,DOM,1981,0.499
57,Dominican Rep.,DOM,1982,0.419
57,Dominican Rep.,DOM,1983,0.631
57,Dominican Rep.,DOM,1984,0.265
57,Dominican Rep.,DOM,1985,0.099
57,Dominican Rep.,DOM,1986,0.255
57,Dominican Rep.,DOM,1987,0.737
57,Dominican Rep.,DOM,1988,0.603
57,Dominican Rep.,DOM,1989,0.251
57,Dominican Rep.,DOM,1990,0.554
57,Dominican Rep.,DOM,1991,0.424
57,Dominican Rep.,DOM,1992,0.505
57,Dominican Rep.,DOM,1993,0.474
57,Dominican Rep.,DOM,1994,0.877
57,Dominican Rep.,DOM,1995,0.95
57,Dominican Rep.,DOM,1996,0.664
57,Dominican Rep.,DOM,1997,0.988
57,Dominican Rep.,DOM,1998,1.371
57,Dominican Rep.,DOM,1999,0.9
57,Dominican Rep.,DOM,2000,0.629
57,Dominican Rep.,DOM,2001,0.909
57,Dominican Rep.,DOM,2002,0.96
57,Dominican Rep.,DOM,2003,1.235
57,Dominican Rep.,DOM,2004,0.806
57,Dominican Rep.,DOM,2005,0.967
57,Dominican Rep.,DOM,2006,1.003
57,Dominican Rep.,DOM,2007,1.26
57,Dominican Rep.,DOM,2008,0.667
57,Dominican Rep.,DOM,2009,0.71
57,Dominican Rep.,DOM,2010,1.222
57,Dominican Rep.,DOM,2011,0.543
57,Dominican Rep.,DOM,2012,0.746
57,Dominican Rep.,DOM,2013,1.208
57,Dominican Rep.,DOM,2014,1.106
57,Dominican Rep.,DOM,2015,1.339
57,Dominican Rep.,DOM,2016,1.016
57,Dominican Rep.,DOM,2017,1.032
57,Dominican Rep.,DOM,2018,1.158
57,Dominican Rep.,DOM,2019,1.266
57,Dominican Rep.,DOM,2020,1.488
57,Dominican Rep.,DOM,2021,0.995
57,Dominican Rep.,DOM,2022,0.982
58,Ecuador,ECU,1961,-0.108
58,Ecuador,ECU,1962,-0.218
58,Ecuador,ECU,1963,-0.062
58,Ecuador,ECU,1964,-0.239
58,Ecuador,ECU,1965,0.111
58,Ecuador,ECU,1966,0.042
58,Ecuador,ECU,1967,-0.422
58,Ecuador,ECU,1968,-0.346
58,Ecuador,ECU,1969,0.442
58,Ecuador,ECU,1970,-0.131
58,Ecuador,ECU,1971,-0.569
58,Ecuador,ECU,1972,0.55
58,Ecuador,ECU,1973,0.124
58,Ecuador,ECU,1974,-0.246
58,Ecuador,ECU,1975,-0.314
58,Ecuador,ECU,1976,0.32
58,Ecuador,ECU,1977,0.341
58,Ecuador,ECU,1978,0.237
58,Ecuador,ECU,1979,0.514
58,Ecuador,ECU,1980,0.496
58,Ecuador,ECU,1981,0.028
58,Ecuador,ECU,1982,0.595
58,Ecuador,ECU,1983,1.176
58,Ecuador,ECU,1984,0.024
58,Ecuador,ECU,1985,-0.07
58,Ecuador,ECU,1986,0.194
58,Ecuador,ECU,1987,1.074
58,Ecuador,ECU,1988,0.425
58,Ecuador,ECU,1989,-0.003
58,Ecuador,ECU,1990,0.503
58,Ecuador,ECU,1991,0.536
58,Ecuador,ECU,1992,0.873
58,Ecuador,ECU,1993,0.571
58,Ecuador,ECU,1994,0.363
58,Ecuador,ECU,1995,0.738
58,Ecuador,ECU,1996,0.053
58,Ecuador,ECU,1997,1.24
58,Ecuador,ECU,1998,1.311
58,Ecuador,ECU,1999,0.202
58,Ecuador,ECU,2000,0.244
58,Ecuador,ECU,2001,0.478
58,Ecuador,ECU,2002,0.777
58,Ecuador,ECU,2003,0.83
58,Ecuador,ECU,2004,0.835
58,Ecuador,ECU,2005,0.837
58,Ecuador,ECU,2006,0.808
58,Ecuador,ECU,2007,0.818
58,Ecuador,ECU,2008,0.702
58,Ecuador,ECU,2009,0.961
58,Ecuador,ECU,2010,1.087
58,Ecuador,ECU,2011,0.783
58,Ecuador,ECU,2012,0.663
58,Ecuador,ECU,2013,0.491
58,Ecuador,ECU,2014,1.011
58,Ecuador,ECU,2015,1.393
58,Ecuador,ECU,2016,1.55
58,Ecuador,ECU,2017,1.155
58,Ecuador,ECU,2018,0.967
58,Ecuador,ECU,2019,1.279
58,Ecuador,ECU,2020,1.509
58,Ecuador,ECU,2021,1.032
58,Ecuador,ECU,2022,0.736
59,"Egypt, Arab Rep. of",EGY,1961,-0.241
59,"Egypt, Arab Rep. of",EGY,1962,0.64
59,"Egypt, Arab Rep. of",EGY,1963,0.628
59,"Egypt, Arab Rep. of",EGY,1964,-0.373
59,"Egypt, Arab Rep. of",EGY,1965,-0.104
59,"Egypt, Arab Rep. of",EGY,1966,0.447
59,"Egypt, Arab Rep. of",EGY,1967,-0.678
59,"Egypt, Arab Rep. of",EGY,1968,-0.126
59,"Egypt, Arab Rep. of",EGY,1969,0.451
59,"Egypt, Arab Rep. of",EGY,1970,-0.114
59,"Egypt, Arab Rep. of",EGY,1971,-0.257
59,"Egypt, Arab Rep. of",EGY,1972,-0.049
59,"Egypt, Arab Rep. of",EGY,1973,-0.304
59,"Egypt, Arab Rep. of",EGY,1974,-0.12
59,"Egypt, Arab Rep. of",EGY,1975,-0.482
59,"Egypt, Arab Rep. of",EGY,1976,-0.299
59,"Egypt, Arab Rep. of",EGY,1977,-0.119
59,"Egypt, Arab Rep. of",EGY,1978,-0.273
59,"Egypt, Arab Rep. of",EGY,1979,0.585
59,"Egypt, Arab Rep. of",EGY,1980,-0.08
59,"Egypt, Arab Rep. of",EGY,1981,-0.259
59,"Egypt, Arab Rep. of",EGY,1982,-0.413
59,"Egypt, Arab Rep. of",EGY,1983,-1.123
59,"Egypt, Arab Rep. of",EGY,1984,-0.228
59,"Egypt, Arab Rep. of",EGY,1985,0.243
59,"Egypt, Arab Rep. of",EGY,1986,0.118
59,"Egypt, Arab Rep. of",EGY,1987,-0.317
59,"Egypt, Arab Rep. of",EGY,1988,0.211
59,"Egypt, Arab Rep. of",EGY,1989,-0.216
59,"Egypt, Arab Rep. of",EGY,1990,-0.082
59,"Egypt, Arab Rep. of",EGY,1991,0.384
59,"Egypt, Arab Rep. of",EGY,1992,-0.611
59,"Egypt, Arab Rep. of",EGY,1993,0.014
59,"Egypt, Arab Rep. of",EGY,1994,0.611
59,"Egypt, Arab Rep. of",EGY,1995,0.151
59,"Egypt, Arab Rep. of",EGY,1996,0.381
59,"Egypt, Arab Rep. of",EGY,1997,0.009
59,"Egypt, Arab Rep. of",EGY,1998,0.744
59,"Egypt, Arab Rep. of",EGY,1999,0.828
59,"Egypt, Arab Rep. of",EGY,2000,0.054
59,"Egypt, Arab Rep. of",EGY,2001,0.656
59,"Egypt, Arab Rep. of",EGY,2002,0.827
59,"Egypt, Arab Rep. of",EGY,2003,0.73
59,"Egypt, Arab Rep. of",EGY,2004,0.647
59,"Egypt, Arab Rep. of",EGY,2005,0.511
59,"Egypt, Arab Rep. of",EGY,2006,0.726
59,"Egypt, Arab Rep. of",EGY,2007,0.602
59,"Egypt, Arab Rep. of",EGY,2008,0.937
59,"Egypt, Arab Rep. of",EGY,2009,0.921
59,"Egypt, Arab Rep. of",EGY,2010,2.325
59,"Egypt, Arab Rep. of",EGY,2011,0.629
59,"Egypt, Arab Rep. of",EGY,2012,0.939
59,"Egypt, Arab Rep. of",EGY,2013,1.049
59,"Egypt, Arab Rep. of",EGY,2014,1.254
59,"Egypt, Arab Rep. of",EGY,2015,1.211
59,"Egypt, Arab Rep. of",EGY,2016,1.396
59,"Egypt, Arab Rep. of",EGY,2017,0.616
59,"Egypt, Arab Rep. of",EGY,2018,2.049
59,"Egypt, Arab Rep. of",EGY,2019,1.04
59,"Egypt, Arab Rep. of",EGY,2020,1.117
59,"Egypt, Arab Rep. of",EGY,2021,1.727
59,"Egypt, Arab Rep. of",EGY,2022,0.655
60,El Salvador,SLV,1961,-0.073
60,El Salvador,SLV,1962,-0.248
60,El Salvador,SLV,1963,-0.157
60,El Salvador,SLV,1964,-0.026
60,El Salvador,SLV,1965,-0.074
60,El Salvador,SLV,1966,0.115
60,El Salvador,SLV,1967,-0.423
60,El Salvador,SLV,1968,-0.319
60,El Salvador,SLV,1969,0.28
60,El Salvador,SLV,1970,-0.031
60,El Salvador,SLV,1971,-0.27
60,El Salvador,SLV,1972,0.395
60,El Salvador,SLV,1973,0.402
60,El Salvador,SLV,1974,-0.311
60,El Salvador,SLV,1975,0.057
60,El Salvador,SLV,1976,-0.212
60,El Salvador,SLV,1977,0.451
60,El Salvador,SLV,1978,0.157
60,El Salvador,SLV,1979,0.462
60,El Salvador,SLV,1980,0.395
60,El Salvador,SLV,1981,0.046
60,El Salvador,SLV,1982,0.372
60,El Salvador,SLV,1983,0.716
60,El Salvador,SLV,1984,0.062
60,El Salvador,SLV,1985,0.158
60,El Salvador,SLV,1986,0.222
60,El Salvador,SLV,1987,0.627
60,El Salvador,SLV,1988,0.596
60,El Salvador,SLV,1989,0.237
60,El Salvador,SLV,1990,0.492
60,El Salvador,SLV,1991,0.584
60,El Salvador,SLV,1992,0.583
60,El Salvador,SLV,1993,0.331
60,El Salvador,SLV,1994,0.641
60,El Salvador,SLV,1995,0.556
60,El Salvador,SLV,1996,0.078
60,El Salvador,SLV,1997,0.752
60,El Salvador,SLV,1998,0.847
60,El Salvador,SLV,1999,0.301
60,El Salvador,SLV,2000,0.318
60,El Salvador,SLV,2001,0.572
60,El Salvador,SLV,2002,0.69
60,El Salvador,SLV,2003,0.878
60,El Salvador,SLV,2004,0.639
60,El Salvador,SLV,2005,0.513
60,El Salvador,SLV,2006,0.495
60,El Salvador,SLV,2007,0.43
60,El Salvador,SLV,2008,0.199
60,El Salvador,SLV,2009,0.788
60,El Salvador,SLV,2010,0.496
60,El Salvador,SLV,2011,0.508
60,El Salvador,SLV,2012,0.634
60,El Salvador,SLV,2013,0.619
60,El Salvador,SLV,2014,0.654
60,El Salvador,SLV,2015,1.285
60,El Salvador,SLV,2016,1.26
60,El Salvador,SLV,2017,0.723
60,El Salvador,SLV,2018,0.774
60,El Salvador,SLV,2019,0.972
60,El Salvador,SLV,2020,1.484
60,El Salvador,SLV,2021,0.999
60,El Salvador,SLV,2022,0.658
61,"Equatorial Guinea, Rep. of",GNQ,1961,-0.146
61,"Equatorial Guinea, Rep. of",GNQ,1962,-0.057
61,"Equatorial Guinea, Rep. of",GNQ,1963,0.238
61,"Equatorial Guinea, Rep. of",GNQ,1964,-0.136
61,"Equatorial Guinea, Rep. of",GNQ,1965,-0.17
61,"Equatorial Guinea, Rep. of",GNQ,1966,0.139
61,"Equatorial Guinea, Rep. of",GNQ,1967,-0.063
61,"Equatorial Guinea, Rep. of",GNQ,1968,-0.067
61,"Equatorial Guinea, Rep. of",GNQ,1969,0.075
61,"Equatorial Guinea, Rep. of",GNQ,1970,0.223
61,"Equatorial Guinea, Rep. of",GNQ,1971,-0.12
61,"Equatorial Guinea, Rep. of",GNQ,1972,-0.083
61,"Equatorial Guinea, Rep. of",GNQ,1973,0.473
61,"Equatorial Guinea, Rep. of",GNQ,1974,-0.163
61,"Equatorial Guinea, Rep. of",GNQ,1975,-0.193
61,"Equatorial Guinea, Rep. of",GNQ,1976,-0.349
61,"Equatorial Guinea, Rep. of",GNQ,1977,0.151
61,"Equatorial Guinea, Rep. of",GNQ,1978,-0.046
61,"Equatorial Guinea, Rep. of",GNQ,1979,0.339
61,"Equatorial Guinea, Rep. of",GNQ,1980,0.289
61,"Equatorial Guinea, Rep. of",GNQ,1981,0.086
61,"Equatorial Guinea, Rep. of",GNQ,1982,-0.1
61,"Equatorial Guinea, Rep. of",GNQ,1983,0.117
61,"Equatorial Guinea, Rep. of",GNQ,1984,0.266
61,"Equatorial Guinea, Rep. of",GNQ,1985,-0.013
61,"Equatorial Guinea, Rep. of",GNQ,1986,-0.084
61,"Equatorial Guinea, Rep. of",GNQ,1987,0.402
61,"Equatorial Guinea, Rep. of",GNQ,1988,0.34
61,"Equatorial Guinea, Rep. of",GNQ,1989,-0.052
61,"Equatorial Guinea, Rep. of",GNQ,1990,0.194
61,"Equatorial Guinea, Rep. of",GNQ,1992,-0.117
61,"Equatorial Guinea, Rep. of",GNQ,1993,0.191
61,"Equatorial Guinea, Rep. of",GNQ,1994,0.323
61,"Equatorial Guinea, Rep. of",GNQ,1995,0.939
61,"Equatorial Guinea, Rep. of",GNQ,1996,0.492
61,"Equatorial Guinea, Rep. of",GNQ,1998,0.967
61,"Equatorial Guinea, Rep. of",GNQ,1999,0.581
61,"Equatorial Guinea, Rep. of",GNQ,2000,0.362
61,"Equatorial Guinea, Rep. of",GNQ,2001,0.375
61,"Equatorial Guinea, Rep. of",GNQ,2002,0.631
61,"Equatorial Guinea, Rep. of",GNQ,2003,0.851
61,"Equatorial Guinea, Rep. of",GNQ,2004,0.742
61,"Equatorial Guinea, Rep. of",GNQ,2005,0.773
61,"Equatorial Guinea, Rep. of",GNQ,2006,0.656
61,"Equatorial Guinea, Rep. of",GNQ,2007,0.815
61,"Equatorial Guinea, Rep. of",GNQ,2008,0.685
61,"Equatorial Guinea, Rep. of",GNQ,2009,0.824
61,"Equatorial Guinea, Rep. of",GNQ,2010,0.979
61,"Equatorial Guinea, Rep. of",GNQ,2011,0.677
61,"Equatorial Guinea, Rep. of",GNQ,2012,0.583
61,"Equatorial Guinea, Rep. of",GNQ,2013,0.769
61,"Equatorial Guinea, Rep. of",GNQ,2014,0.856
61,"Equatorial Guinea, Rep. of",GNQ,2015,0.849
61,"Equatorial Guinea, Rep. of",GNQ,2016,1.462
61,"Equatorial Guinea, Rep. of",GNQ,2017,1.308
61,"Equatorial Guinea, Rep. of",GNQ,2018,0.839
61,"Equatorial Guinea, Rep. of",GNQ,2019,1.602
61,"Equatorial Guinea, Rep. of",GNQ,2020,1.479
61,"Equatorial Guinea, Rep. of",GNQ,2021,1.195
61,"Equatorial Guinea, Rep. of",GNQ,2022,1.247
62,"Eritrea, The State of",ERI,1996,0.097
62,"Eritrea, The State of",ERI,1997,0.27
62,"Eritrea, The State of",ERI,1998,0.442
62,"Eritrea, The State of",ERI,1999,0.822
62,"Eritrea, The State of",ERI,2000,0.561
62,"Eritrea, The State of",ERI,2001,0.498
62,"Eritrea, The State of",ERI,2002,1.077
62,"Eritrea, The State of",ERI,2003,0.666
62,"Eritrea, The State of",ERI,2004,1.127
62,"Eritrea, The State of",ERI,2005,0.798
62,"Eritrea, The State of",ERI,2006,0.928
62,"Eritrea, The State of",ERI,2007,0.275
62,"Eritrea, The State of",ERI,2008,1.097
62,"Eritrea, The State of",ERI,2009,1.759
62,"Eritrea, The State of",ERI,2010,1.644
62,"Eritrea, The State of",ERI,2011,1.478
62,"Eritrea, The State of",ERI,2012,1.476
62,"Eritrea, The State of",ERI,2013,1.186
62,"Eritrea, The State of",ERI,2014,0.985
62,"Eritrea, The State of",ERI,2015,1.814
62,"Eritrea, The State of",ERI,2016,0.99
62,"Eritrea, The State of",ERI,2017,1.309
62,"Eritrea, The State of",ERI,2018,0.976
62,"Eritrea, The State of",ERI,2019,0.907
62,"Eritrea, The State of",ERI,2021,1.49
62,"Eritrea, The State of",ERI,2022,0.53
63,"Estonia, Rep. of",EST,1992,1.601
63,"Estonia, Rep. of",EST,1993,0.553
63,"Estonia, Rep. of",EST,1994,0.359
63,"Estonia, Rep. of",EST,1995,1.748
63,"Estonia, Rep. of",EST,1996,-0.35
63,"Estonia, Rep. of",EST,1997,0.932
63,"Estonia, Rep. of",EST,1998,0.542
63,"Estonia, Rep. of",EST,1999,1.524
63,"Estonia, Rep. of",EST,2000,2.066
63,"Estonia, Rep. of",EST,2001,1.838
63,"Estonia, Rep. of",EST,2002,1.483
63,"Estonia, Rep. of",EST,2003,0.234
63,"Estonia, Rep. of",EST,2004,1.184
63,"Estonia, Rep. of",EST,2005,1.597
63,"Estonia, Rep. of",EST,2006,1.262
63,"Estonia, Rep. of",EST,2007,2.269
63,"Estonia, Rep. of",EST,2008,2.607
63,"Estonia, Rep. of",EST,2009,1.622
63,"Estonia, Rep. of",EST,2010,0.554
63,"Estonia, Rep. of",EST,2011,1.299
63,"Estonia, Rep. of",EST,2012,1.47
63,"Estonia, Rep. of",EST,2013,1.183
63,"Estonia, Rep. of",EST,2014,2.447
63,"Estonia, Rep. of",EST,2015,2.377
63,"Estonia, Rep. of",EST,2016,1.936
63,"Estonia, Rep. of",EST,2017,1.502
63,"Estonia, Rep. of",EST,2018,2.413
63,"Estonia, Rep. of",EST,2019,2.218
63,"Estonia, Rep. of",EST,2020,3.625
63,"Estonia, Rep. of",EST,2021,2.167
63,"Estonia, Rep. of",EST,2022,1.961
64,"Eswatini, Kingdom of",SWZ,1961,0.268
64,"Eswatini, Kingdom of",SWZ,1962,0.433
64,"Eswatini, Kingdom of",SWZ,1963,-0.21
64,"Eswatini, Kingdom of",SWZ,1964,0.022
64,"Eswatini, Kingdom of",SWZ,1965,-0.224
64,"Eswatini, Kingdom of",SWZ,1966,0.295
64,"Eswatini, Kingdom of",SWZ,1967,-0.274
64,"Eswatini, Kingdom of",SWZ,1968,-0.431
64,"Eswatini, Kingdom of",SWZ,1969,0.346
64,"Eswatini, Kingdom of",SWZ,1970,0.5
64,"Eswatini, Kingdom of",SWZ,1971,-0.002
64,"Eswatini, Kingdom of",SWZ,1972,-0.395
64,"Eswatini, Kingdom of",SWZ,1973,0.112
64,"Eswatini, Kingdom of",SWZ,1974,-0.233
64,"Eswatini, Kingdom of",SWZ,1975,-0.353
64,"Eswatini, Kingdom of",SWZ,1976,-0.436
64,"Eswatini, Kingdom of",SWZ,1977,0.305
64,"Eswatini, Kingdom of",SWZ,1978,0.188
64,"Eswatini, Kingdom of",SWZ,1979,0.234
64,"Eswatini, Kingdom of",SWZ,1980,-0.13
64,"Eswatini, Kingdom of",SWZ,1981,-0.429
64,"Eswatini, Kingdom of",SWZ,1982,0.17
64,"Eswatini, Kingdom of",SWZ,1983,0.915
64,"Eswatini, Kingdom of",SWZ,1984,-0.04
64,"Eswatini, Kingdom of",SWZ,1985,0.571
64,"Eswatini, Kingdom of",SWZ,1986,0.321
64,"Eswatini, Kingdom of",SWZ,1987,0.567
64,"Eswatini, Kingdom of",SWZ,1988,0.608
64,"Eswatini, Kingdom of",SWZ,1989,0.142
64,"Eswatini, Kingdom of",SWZ,1990,0.281
64,"Eswatini, Kingdom of",SWZ,1991,0.53
64,"Eswatini, Kingdom of",SWZ,1992,1.147
64,"Eswatini, Kingdom of",SWZ,1993,0.733
64,"Eswatini, Kingdom of",SWZ,1994,-0.006
64,"Eswatini, Kingdom of",SWZ,1995,0.585
64,"Eswatini, Kingdom of",SWZ,1996,-0.042
64,"Eswatini, Kingdom of",SWZ,1997,0.235
64,"Eswatini, Kingdom of",SWZ,1998,0.991
64,"Eswatini, Kingdom of",SWZ,1999,0.505
64,"Eswatini, Kingdom of",SWZ,2000,-0.061
64,"Eswatini, Kingdom of",SWZ,2001,0.517
64,"Eswatini, Kingdom of",SWZ,2002,0.601
64,"Eswatini, Kingdom of",SWZ,2003,0.715
64,"Eswatini, Kingdom of",SWZ,2004,0.525
64,"Eswatini, Kingdom of",SWZ,2005,1.153
64,"Eswatini, Kingdom of",SWZ,2006,0.365
64,"Eswatini, Kingdom of",SWZ,2007,1.133
64,"Eswatini, Kingdom of",SWZ,2008,0.64
64,"Eswatini, Kingdom of",SWZ,2009,0.383
64,"Eswatini, Kingdom of",SWZ,2010,1.287
64,"Eswatini, Kingdom of",SWZ,2011,0.897
64,"Eswatini, Kingdom of",SWZ,2012,0.696
64,"Eswatini, Kingdom of",SWZ,2013,0.566
64,"Eswatini, Kingdom of",SWZ,2014,0.781
64,"Eswatini, Kingdom of",SWZ,2015,1.235
64,"Eswatini, Kingdom of",SWZ,2016,1.216
64,"Eswatini, Kingdom of",SWZ,2017,0.688
64,"Eswatini, Kingdom of",SWZ,2018,1.064
64,"Eswatini, Kingdom of",SWZ,2019,1.623
64,"Eswatini, Kingdom of",SWZ,2020,0.77
64,"Eswatini, Kingdom of",SWZ,2021,0.669
64,"Eswatini, Kingdom of",SWZ,2022,1.371
65,"Ethiopia, The Federal Dem. Rep. of",ETH,1993,0.132
65,"Ethiopia, The Federal Dem. Rep. of",ETH,1994,0.483
65,"Ethiopia, The Federal Dem. Rep. of",ETH,1995,0.718
65,"Ethiopia, The Federal Dem. Rep. of",ETH,1996,0.689
65,"Ethiopia, The Federal Dem. Rep. of",ETH,1997,0.619
65,"Ethiopia, The Federal Dem. Rep. of",ETH,1998,0.772
65,"Ethiopia, The Federal Dem. Rep. of",ETH,1999,0.305
65,"Ethiopia, The Federal Dem. Rep. of",ETH,2000,0.565
65,"Ethiopia, The Federal Dem. Rep. of",ETH,2001,0.729
65,"Ethiopia, The Federal Dem. Rep. of",ETH,2002,1.031
65,"Ethiopia, The Federal Dem. Rep. of",ETH,2003,1.092
65,"Ethiopia, The Federal Dem. Rep. of",ETH,2004,0.834
65,"Ethiopia, The Federal Dem. Rep. of",ETH,2005,1.092
65,"Ethiopia, The Federal Dem. Rep. of",ETH,2006,1.003
65,"Ethiopia, The Federal Dem. Rep. of",ETH,2007,0.88
65,"Ethiopia, The Federal Dem. Rep. of",ETH,2008,0.832
65,"Ethiopia, The Federal Dem. Rep. of",ETH,2009,1.339
65,"Ethiopia, The Federal Dem. Rep. of",ETH,2010,1.276
65,"Ethiopia, The Federal Dem. Rep. of",ETH,2011,1.174
65,"Ethiopia, The Federal Dem. Rep. of",ETH,2012,1.104
65,"Ethiopia, The Federal Dem. Rep. of",ETH,2013,1.229
65,"Ethiopia, The Federal Dem. Rep. of",ETH,2014,1.187
65,"Ethiopia, The Federal Dem. Rep. of",ETH,2015,1.442
65,"Ethiopia, The Federal Dem. Rep. of",ETH,2016,1.532
65,"Ethiopia, The Federal Dem. Rep. of",ETH,2017,1.496
65,"Ethiopia, The Federal Dem. Rep. of",ETH,2018,0.986
65,"Ethiopia, The Federal Dem. Rep. of",ETH,2019,1.32
65,"Ethiopia, The Federal Dem. Rep. of",ETH,2020,1.343
65,"Ethiopia, The Federal Dem. Rep. of",ETH,2021,1.516
65,"Ethiopia, The Federal Dem. Rep. of",ETH,2022,1.455
66,Falkland Islands (Malvinas),FLK,1961,-0.351
66,Falkland Islands (Malvinas),FLK,1962,0.401
66,Falkland Islands (Malvinas),FLK,1963,-0.286
66,Falkland Islands (Malvinas),FLK,1964,-0.082
66,Falkland Islands (Malvinas),FLK,1965,0.178
66,Falkland Islands (Malvinas),FLK,1966,-0.606
66,Falkland Islands (Malvinas),FLK,1967,0.011
66,Falkland Islands (Malvinas),FLK,1968,0.286
66,Falkland Islands (Malvinas),FLK,1969,-0.348
66,Falkland Islands (Malvinas),FLK,1970,0.203
66,Falkland Islands (Malvinas),FLK,1971,-0.223
66,Falkland Islands (Malvinas),FLK,1972,-0.505
66,Falkland Islands (Malvinas),FLK,1973,0.219
66,Falkland Islands (Malvinas),FLK,1974,0.211
66,Falkland Islands (Malvinas),FLK,1975,0.128
66,Falkland Islands (Malvinas),FLK,1976,-0.223
66,Falkland Islands (Malvinas),FLK,1977,-0.089
66,Falkland Islands (Malvinas),FLK,1978,0.228
66,Falkland Islands (Malvinas),FLK,1979,0.644
66,Falkland Islands (Malvinas),FLK,1980,0.186
66,Falkland Islands (Malvinas),FLK,1981,0.186
67,Faroe Islands,FRO,1961,0.63
67,Faroe Islands,FRO,1962,-0.48
67,Faroe Islands,FRO,1963,-0.056
67,Faroe Islands,FRO,1964,0.478
67,Faroe Islands,FRO,1965,-0.354
67,Faroe Islands,FRO,1966,-0.393
67,Faroe Islands,FRO,1967,-0.12
67,Faroe Islands,FRO,1968,-0.25
67,Faroe Islands,FRO,1969,-0.344
67,Faroe Islands,FRO,1970,-0.51
67,Faroe Islands,FRO,1971,0.245
67,Faroe Islands,FRO,1972,0.672
67,Faroe Islands,FRO,1973,-0.049
67,Faroe Islands,FRO,1974,0.501
67,Faroe Islands,FRO,1975,-0.024
67,Faroe Islands,FRO,1976,0.508
67,Faroe Islands,FRO,1977,-0.311
67,Faroe Islands,FRO,1978,-0.11
67,Faroe Islands,FRO,1979,-0.873
67,Faroe Islands,FRO,1980,0.041
67,Faroe Islands,FRO,1981,-0.364
67,Faroe Islands,FRO,1982,0.223
67,Faroe Islands,FRO,1983,-0.266
67,Faroe Islands,FRO,1984,0.489
67,Faroe Islands,FRO,1985,-0.118
67,Faroe Islands,FRO,1986,-0.119
67,Faroe Islands,FRO,1987,0.221
67,Faroe Islands,FRO,1988,0.303
67,Faroe Islands,FRO,1989,0.53
67,Faroe Islands,FRO,1990,0.801
67,Faroe Islands,FRO,1991,1.113
67,Faroe Islands,FRO,1992,0.812
67,Faroe Islands,FRO,1993,-0.053
67,Faroe Islands,FRO,1994,-0.172
67,Faroe Islands,FRO,1995,-0.31
67,Faroe Islands,FRO,1996,0.202
67,Faroe Islands,FRO,1997,0.755
67,Faroe Islands,FRO,1998,0.553
67,Faroe Islands,FRO,1999,0.469
67,Faroe Islands,FRO,2000,0.188
67,Faroe Islands,FRO,2001,0.461
67,Faroe Islands,FRO,2002,1.034
67,Faroe Islands,FRO,2003,1.604
67,Faroe Islands,FRO,2004,1.019
67,Faroe Islands,FRO,2005,0.487
67,Faroe Islands,FRO,2006,1.136
67,Faroe Islands,FRO,2007,0.952
67,Faroe Islands,FRO,2008,0.89
67,Faroe Islands,FRO,2009,1.441
67,Faroe Islands,FRO,2010,0.26
67,Faroe Islands,FRO,2011,1.055
67,Faroe Islands,FRO,2012,0.359
67,Faroe Islands,FRO,2013,0.597
67,Faroe Islands,FRO,2014,1.764
67,Faroe Islands,FRO,2015,0.813
67,Faroe Islands,FRO,2016,0.803
67,Faroe Islands,FRO,2017,1.49
67,Faroe Islands,FRO,2018,0.831
67,Faroe Islands,FRO,2019,0.877
67,Faroe Islands,FRO,2020,0.839
67,Faroe Islands,FRO,2021,1.012
67,Faroe Islands,FRO,2022,1.396
68,"Fiji, Rep. of",FJI,1961,0.219
68,"Fiji, Rep. of",FJI,1962,-0.083
68,"Fiji, Rep. of",FJI,1963,-0.046
68,"Fiji, Rep. of",FJI,1964,0.185
68,"Fiji, Rep. of",FJI,1965,-0.643
68,"Fiji, Rep. of",FJI,1966,-0.293
68,"Fiji, Rep. of",FJI,1967,-0.286
68,"Fiji, Rep. of",FJI,1968,-0.103
68,"Fiji, Rep. of",FJI,1969,-0.075
68,"Fiji, Rep. of",FJI,1970,0.118
68,"Fiji, Rep. of",FJI,1971,0.157
68,"Fiji, Rep. of",FJI,1972,-0.208
68,"Fiji, Rep. of",FJI,1973,0.446
68,"Fiji, Rep. of",FJI,1974,0.221
68,"Fiji, Rep. of",FJI,1975,0.227
68,"Fiji, Rep. of",FJI,1976,-0.004
68,"Fiji, Rep. of",FJI,1977,-0.079
68,"Fiji, Rep. of",FJI,1978,-0.002
68,"Fiji, Rep. of",FJI,1979,0.154
68,"Fiji, Rep. of",FJI,1980,0.195
68,"Fiji, Rep. of",FJI,1981,0.161
68,"Fiji, Rep. of",FJI,1982,0.151
68,"Fiji, Rep. of",FJI,1983,0.111
68,"Fiji, Rep. of",FJI,1984,0.358
68,"Fiji, Rep. of",FJI,1985,0.317
68,"Fiji, Rep. of",FJI,1986,-0.103
68,"Fiji, Rep. of",FJI,1987,0.206
68,"Fiji, Rep. of",FJI,1988,0.846
68,"Fiji, Rep. of",FJI,1989,0.247
68,"Fiji, Rep. of",FJI,1990,0.348
68,"Fiji, Rep. of",FJI,1991,0.09
68,"Fiji, Rep. of",FJI,1992,0.039
68,"Fiji, Rep. of",FJI,1993,-0.319
68,"Fiji, Rep. of",FJI,1994,-0.133
68,"Fiji, Rep. of",FJI,1995,0.385
68,"Fiji, Rep. of",FJI,1996,0.445
68,"Fiji, Rep. of",FJI,1997,0.152
68,"Fiji, Rep. of",FJI,1998,0.765
68,"Fiji, Rep. of",FJI,1999,0.538
68,"Fiji, Rep. of",FJI,2000,0.706
68,"Fiji, Rep. of",FJI,2001,0.728
68,"Fiji, Rep. of",FJI,2002,0.72
68,"Fiji, Rep. of",FJI,2003,0.581
68,"Fiji, Rep. of",FJI,2004,0.526
68,"Fiji, Rep. of",FJI,2005,0.698
68,"Fiji, Rep. of",FJI,2006,0.636
68,"Fiji, Rep. of",FJI,2007,1.032
68,"Fiji, Rep. of",FJI,2008,0.584
68,"Fiji, Rep. of",FJI,2009,0.409
68,"Fiji, Rep. of",FJI,2010,0.978
68,"Fiji, Rep. of",FJI,2011,0.898
68,"Fiji, Rep. of",FJI,2012,0.589
68,"Fiji, Rep. of",FJI,2013,0.916
68,"Fiji, Rep. of",FJI,2014,0.646
68,"Fiji, Rep. of",FJI,2015,0.517
68,"Fiji, Rep. of",FJI,2016,0.97
68,"Fiji, Rep. of",FJI,2017,1.127
68,"Fiji, Rep. of",FJI,2018,0.953
68,"Fiji, Rep. of",FJI,2019,1.065
68,"Fiji, Rep. of",FJI,2020,1.237
68,"Fiji, Rep. of",FJI,2021,1.075
68,"Fiji, Rep. of",FJI,2022,1.346
69,Finland,FIN,1961,1.892
69,Finland,FIN,1962,-0.339
69,Finland,FIN,1963,-0.401
69,Finland,FIN,1964,0.338
69,Finland,FIN,1965,-0.263
69,Finland,FIN,1966,-1.801
69,Finland,FIN,1967,1.088
69,Finland,FIN,1968,-1.634
69,Finland,FIN,1969,-0.478
69,Finland,FIN,1970,-0.629
69,Finland,FIN,1971,-0.452
69,Finland,FIN,1972,0.933
69,Finland,FIN,1973,1.138
69,Finland,FIN,1974,1.121
69,Finland,FIN,1975,1.893
69,Finland,FIN,1976,-0.877
69,Finland,FIN,1977,-0.227
69,Finland,FIN,1978,-0.526
69,Finland,FIN,1979,-0.755
69,Finland,FIN,1980,-0.38
69,Finland,FIN,1981,-0.24
69,Finland,FIN,1982,-0.155
69,Finland,FIN,1983,0.964
69,Finland,FIN,1984,0.757
69,Finland,FIN,1985,-1.177
69,Finland,FIN,1986,-0.181
69,Finland,FIN,1987,-1.652
69,Finland,FIN,1988,0.579
69,Finland,FIN,1989,2.179
69,Finland,FIN,1990,1.249
69,Finland,FIN,1991,1.138
69,Finland,FIN,1992,1.165
69,Finland,FIN,1993,0.937
69,Finland,FIN,1994,0.146
69,Finland,FIN,1995,1.701
69,Finland,FIN,1996,0.137
69,Finland,FIN,1997,0.783
69,Finland,FIN,1998,0.071
69,Finland,FIN,1999,1.159
69,Finland,FIN,2000,2.024
69,Finland,FIN,2001,1.365
69,Finland,FIN,2002,1.171
69,Finland,FIN,2003,0.713
69,Finland,FIN,2004,1.233
69,Finland,FIN,2005,2.201
69,Finland,FIN,2006,1.204
69,Finland,FIN,2007,1.946
69,Finland,FIN,2008,2.13
69,Finland,FIN,2009,1.695
69,Finland,FIN,2010,0.242
69,Finland,FIN,2011,1.354
69,Finland,FIN,2012,1.54
69,Finland,FIN,2013,1.424
69,Finland,FIN,2014,2.591
69,Finland,FIN,2015,2.613
69,Finland,FIN,2016,2.151
69,Finland,FIN,2017,1.487
69,Finland,FIN,2018,2.157
69,Finland,FIN,2019,1.452
69,Finland,FIN,2020,3.317
69,Finland,FIN,2021,1.938
69,Finland,FIN,2022,2.062
70,France,FRA,1961,0.827
70,France,FRA,1962,-0.301
70,France,FRA,1963,-0.955
70,France,FRA,1964,0.025
70,France,FRA,1965,-0.625
70,France,FRA,1966,0.421
70,France,FRA,1967,0.494
70,France,FRA,1968,-0.073
70,France,FRA,1969,0.024
70,France,FRA,1970,-0.092
70,France,FRA,1971,-0.161
70,France,FRA,1972,-0.325
70,France,FRA,1973,0.059
70,France,FRA,1974,-0.081
70,France,FRA,1975,0.483
70,France,FRA,1976,0.368
70,France,FRA,1977,0.015
70,France,FRA,1978,-0.216
70,France,FRA,1979,-0.187
70,France,FRA,1980,-0.217
70,France,FRA,1981,0.097
70,France,FRA,1982,0.812
70,France,FRA,1983,0.721
70,France,FRA,1984,-0.082
70,France,FRA,1985,-0.338
70,France,FRA,1986,-0.003
70,France,FRA,1987,0.001
70,France,FRA,1988,0.773
70,France,FRA,1989,1.278
70,France,FRA,1990,1.591
70,France,FRA,1991,0.257
70,France,FRA,1992,0.659
70,France,FRA,1993,0.325
70,France,FRA,1994,1.547
70,France,FRA,1995,1.326
70,France,FRA,1996,0.188
70,France,FRA,1997,1.24
70,France,FRA,1998,0.947
70,France,FRA,1999,1.199
70,France,FRA,2000,1.175
70,France,FRA,2001,1.391
70,France,FRA,2002,1.054
70,France,FRA,2003,1.8
70,France,FRA,2004,0.969
70,France,FRA,2005,1.02
70,France,FRA,2006,1.306
70,France,FRA,2007,1.407
70,France,FRA,2008,0.992
70,France,FRA,2009,1.212
70,France,FRA,2010,0.395
70,France,FRA,2011,1.534
70,France,FRA,2012,1.22
70,France,FRA,2013,0.714
70,France,FRA,2014,2.049
70,France,FRA,2015,1.612
70,France,FRA,2016,1.794
70,France,FRA,2017,1.796
70,France,FRA,2018,2.06
70,France,FRA,2019,2.023
70,France,FRA,2020,2.551
70,France,FRA,2021,1.337
70,France,FRA,2022,2.929
71,French Polynesia,PYF,1961,0.207
71,French Polynesia,PYF,1962,-0.046
71,French Polynesia,PYF,1963,0.037
71,French Polynesia,PYF,1964,-0.137
71,French Polynesia,PYF,1965,-0.083
71,French Polynesia,PYF,1966,0.081
71,French Polynesia,PYF,1967,-0.274
71,French Polynesia,PYF,1968,-0.516
71,French Polynesia,PYF,1969,0.301
71,French Polynesia,PYF,1970,0.182
71,French Polynesia,PYF,1971,-0.342
71,French Polynesia,PYF,1972,0.119
71,French Polynesia,PYF,1973,0.325
71,French Polynesia,PYF,1974,-0.342
71,French Polynesia,PYF,1975,-0.247
71,French Polynesia,PYF,1976,-0.25
71,French Polynesia,PYF,1977,0.243
71,French Polynesia,PYF,1978,-0.074
71,French Polynesia,PYF,1979,0.105
71,French Polynesia,PYF,1980,0.225
71,French Polynesia,PYF,1981,0.132
71,French Polynesia,PYF,1982,0.323
71,French Polynesia,PYF,1983,0.189
71,French Polynesia,PYF,1984,0.412
71,French Polynesia,PYF,1985,0.154
71,French Polynesia,PYF,1986,0.278
71,French Polynesia,PYF,1987,0.478
71,French Polynesia,PYF,1988,0.356
71,French Polynesia,PYF,1989,0.159
71,French Polynesia,PYF,1990,0.397
71,French Polynesia,PYF,1991,0.341
71,French Polynesia,PYF,1992,0.352
71,French Polynesia,PYF,1993,0.141
71,French Polynesia,PYF,1994,0.543
71,French Polynesia,PYF,1995,0.582
71,French Polynesia,PYF,1996,0.188
71,French Polynesia,PYF,1997,0.335
71,French Polynesia,PYF,1998,0.633
71,French Polynesia,PYF,1999,0.456
71,French Polynesia,PYF,2000,0.329
71,French Polynesia,PYF,2001,0.502
71,French Polynesia,PYF,2002,0.796
71,French Polynesia,PYF,2003,0.703
71,French Polynesia,PYF,2004,0.531
71,French Polynesia,PYF,2005,0.672
71,French Polynesia,PYF,2006,0.841
71,French Polynesia,PYF,2007,0.85
71,French Polynesia,PYF,2008,0.357
71,French Polynesia,PYF,2009,0.8
71,French Polynesia,PYF,2010,0.76
71,French Polynesia,PYF,2011,0.214
71,French Polynesia,PYF,2012,0.722
71,French Polynesia,PYF,2013,0.536
71,French Polynesia,PYF,2014,0.616
71,French Polynesia,PYF,2015,0.681
71,French Polynesia,PYF,2016,1.127
71,French Polynesia,PYF,2017,0.901
71,French Polynesia,PYF,2018,0.631
71,French Polynesia,PYF,2019,0.857
71,French Polynesia,PYF,2020,0.829
71,French Polynesia,PYF,2021,0.791
71,French Polynesia,PYF,2022,0.359
72,Gabon,GAB,1961,-0.139
72,Gabon,GAB,1962,-0.063
72,Gabon,GAB,1963,0.232
72,Gabon,GAB,1964,-0.148
72,Gabon,GAB,1965,-0.164
72,Gabon,GAB,1966,0.14
72,Gabon,GAB,1967,-0.127
72,Gabon,GAB,1968,-0.138
72,Gabon,GAB,1969,0.11
72,Gabon,GAB,1970,0.142
72,Gabon,GAB,1971,-0.053
72,Gabon,GAB,1972,-0.064
72,Gabon,GAB,1973,0.468
72,Gabon,GAB,1974,-0.084
72,Gabon,GAB,1975,-0.126
72,Gabon,GAB,1976,-0.335
72,Gabon,GAB,1977,0.185
72,Gabon,GAB,1978,0.069
72,Gabon,GAB,1979,0.385
72,Gabon,GAB,1980,0.307
72,Gabon,GAB,1981,-0.176
72,Gabon,GAB,1982,-0.374
72,Gabon,GAB,1983,0.174
72,Gabon,GAB,1984,0.204
72,Gabon,GAB,1985,-0.219
72,Gabon,GAB,1986,-0.126
72,Gabon,GAB,1987,0.272
72,Gabon,GAB,1988,0.232
72,Gabon,GAB,1989,-0.023
72,Gabon,GAB,1990,0.124
72,Gabon,GAB,1991,0.081
72,Gabon,GAB,1992,-0.166
72,Gabon,GAB,1993,0.19
72,Gabon,GAB,1994,0.187
72,Gabon,GAB,1995,0.582
72,Gabon,GAB,1996,0.104
72,Gabon,GAB,1997,0.292
72,Gabon,GAB,1998,1.119
72,Gabon,GAB,1999,0.589
72,Gabon,GAB,2000,0.307
72,Gabon,GAB,2001,0.286
72,Gabon,GAB,2002,0.662
72,Gabon,GAB,2003,0.893
72,Gabon,GAB,2004,0.831
72,Gabon,GAB,2005,0.808
72,Gabon,GAB,2006,0.737
72,Gabon,GAB,2007,0.926
72,Gabon,GAB,2008,0.782
72,Gabon,GAB,2009,0.824
72,Gabon,GAB,2010,1.08
72,Gabon,GAB,2011,0.657
72,Gabon,GAB,2012,0.615
72,Gabon,GAB,2013,0.794
72,Gabon,GAB,2014,0.805
72,Gabon,GAB,2015,1.024
72,Gabon,GAB,2016,1.505
72,Gabon,GAB,2017,1.353
72,Gabon,GAB,2018,1.026
72,Gabon,GAB,2019,1.534
72,Gabon,GAB,2020,1.377
72,Gabon,GAB,2021,1.063
72,Gabon,GAB,2022,0.994
73,"Gambia, The",GMB,1961,-0.138
73,"Gambia, The",GMB,1962,-0.047
73,"Gambia, The",GMB,1963,0.13
73,"Gambia, The",GMB,1964,-0.192
73,"Gambia, The",GMB,1965,-0.463
73,"Gambia, The",GMB,1966,-0.086
73,"Gambia, The",GMB,1967,-0.381
73,"Gambia, The",GMB,1968,-0.547
73,"Gambia, The",GMB,1969,0.832
73,"Gambia, The",GMB,1970,0.399
73,"Gambia, The",GMB,1971,-0.054
73,"Gambia, The",GMB,1972,0.311
73,"Gambia, The",GMB,1973,0.685
73,"Gambia, The",GMB,1974,-0.212
73,"Gambia, The",GMB,1975,-0.164
73,"Gambia, The",GMB,1976,-0.057
73,"Gambia, The",GMB,1977,0.489
73,"Gambia, The",GMB,1978,0.422
73,"Gambia, The",GMB,1979,0.63
73,"Gambia, The",GMB,1980,0.82
73,"Gambia, The",GMB,1981,0.622
73,"Gambia, The",GMB,1982,0.326
73,"Gambia, The",GMB,1983,1.131
73,"Gambia, The",GMB,1984,0.636
73,"Gambia, The",GMB,1985,0.384
73,"Gambia, The",GMB,1986,0.665
73,"Gambia, The",GMB,1987,1.068
73,"Gambia, The",GMB,1988,0.829
73,"Gambia, The",GMB,1989,0.609
73,"Gambia, The",GMB,1990,1.139
73,"Gambia, The",GMB,1991,0.81
73,"Gambia, The",GMB,1992,0.852
73,"Gambia, The",GMB,1993,1.045
73,"Gambia, The",GMB,1994,0.814
73,"Gambia, The",GMB,1995,0.878
73,"Gambia, The",GMB,1996,1.122
73,"Gambia, The",GMB,1997,1.323
73,"Gambia, The",GMB,1998,1.555
73,"Gambia, The",GMB,1999,0.75
73,"Gambia, The",GMB,2000,0.958
73,"Gambia, The",GMB,2001,1.316
73,"Gambia, The",GMB,2002,1.38
73,"Gambia, The",GMB,2003,1.103
73,"Gambia, The",GMB,2004,1.188
73,"Gambia, The",GMB,2005,1.498
73,"Gambia, The",GMB,2006,1.221
73,"Gambia, The",GMB,2007,1.09
73,"Gambia, The",GMB,2008,1.376
73,"Gambia, The",GMB,2009,0.688
73,"Gambia, The",GMB,2010,1.324
73,"Gambia, The",GMB,2011,1.06
73,"Gambia, The",GMB,2012,0.89
73,"Gambia, The",GMB,2013,1.001
73,"Gambia, The",GMB,2014,1.188
73,"Gambia, The",GMB,2015,1.2
73,"Gambia, The",GMB,2016,1.635
73,"Gambia, The",GMB,2017,1.741
73,"Gambia, The",GMB,2018,1.028
73,"Gambia, The",GMB,2019,1.349
73,"Gambia, The",GMB,2020,1.77
73,"Gambia, The",GMB,2021,1.675
73,"Gambia, The",GMB,2022,1.323
74,Georgia,GEO,1992,-1.157
74,Georgia,GEO,1993,-1.204
74,Georgia,GEO,1994,0.451
74,Georgia,GEO,1995,0.748
74,Georgia,GEO,1996,0.189
74,Georgia,GEO,1997,0.266
74,Georgia,GEO,1998,1.26
74,Georgia,GEO,1999,1.229
74,Georgia,GEO,2000,0.967
74,Georgia,GEO,2001,1.286
74,Georgia,GEO,2002,1.06
74,Georgia,GEO,2003,-0.239
74,Georgia,GEO,2004,0.923
74,Georgia,GEO,2005,0.542
74,Georgia,GEO,2006,1.277
74,Georgia,GEO,2007,0.908
74,Georgia,GEO,2008,0.699
74,Georgia,GEO,2009,0.714
74,Georgia,GEO,2010,2.486
74,Georgia,GEO,2011,0.432
74,Georgia,GEO,2012,1.22
74,Georgia,GEO,2013,1.401
74,Georgia,GEO,2014,1.277
74,Georgia,GEO,2015,1.78
74,Georgia,GEO,2016,1.365
74,Georgia,GEO,2017,0.809
74,Georgia,GEO,2018,2.51
74,Georgia,GEO,2019,1.753
74,Georgia,GEO,2020,2.006
74,Georgia,GEO,2021,1.65
74,Georgia,GEO,2022,1.51
75,Germany,DEU,1961,0.99
75,Germany,DEU,1962,-0.75
75,Germany,DEU,1963,-1.084
75,Germany,DEU,1964,-0.328
75,Germany,DEU,1965,-0.814
75,Germany,DEU,1966,0.407
75,Germany,DEU,1967,0.868
75,Germany,DEU,1968,0.204
75,Germany,DEU,1969,-0.111
75,Germany,DEU,1970,-0.832
75,Germany,DEU,1971,0.032
75,Germany,DEU,1972,-0.014
75,Germany,DEU,1973,0.188
75,Germany,DEU,1974,0.318
75,Germany,DEU,1975,1.099
75,Germany,DEU,1976,0.47
75,Germany,DEU,1977,0.283
75,Germany,DEU,1978,-0.173
75,Germany,DEU,1979,-0.64
75,Germany,DEU,1980,-0.186
75,Germany,DEU,1981,0.296
75,Germany,DEU,1982,0.439
75,Germany,DEU,1983,1.071
75,Germany,DEU,1984,-0.11
75,Germany,DEU,1985,-0.8
75,Germany,DEU,1986,-0.007
75,Germany,DEU,1987,-0.561
75,Germany,DEU,1988,0.893
75,Germany,DEU,1989,1.491
75,Germany,DEU,1990,1.571
75,Germany,DEU,1991,0.286
75,Germany,DEU,1992,1.228
75,Germany,DEU,1993,0.31
75,Germany,DEU,1994,1.625
75,Germany,DEU,1995,1.307
75,Germany,DEU,1996,-0.699
75,Germany,DEU,1997,0.558
75,Germany,DEU,1998,1.153
75,Germany,DEU,1999,1.367
75,Germany,DEU,2000,1.764
75,Germany,DEU,2001,1.292
75,Germany,DEU,2002,1.491
75,Germany,DEU,2003,1.258
75,Germany,DEU,2004,0.998
75,Germany,DEU,2005,1.025
75,Germany,DEU,2006,1.254
75,Germany,DEU,2007,2.088
75,Germany,DEU,2008,1.542
75,Germany,DEU,2009,1.282
75,Germany,DEU,2010,0.196
75,Germany,DEU,2011,1.121
75,Germany,DEU,2012,1.349
75,Germany,DEU,2013,0.583
75,Germany,DEU,2014,2.519
75,Germany,DEU,2015,1.674
75,Germany,DEU,2016,1.988
75,Germany,DEU,2017,1.653
75,Germany,DEU,2018,2.393
75,Germany,DEU,2019,2.332
75,Germany,DEU,2020,2.516
75,Germany,DEU,2021,1.325
75,Germany,DEU,2022,2.596
76,Ghana,GHA,1961,-0.07
76,Ghana,GHA,1962,-0.154
76,Ghana,GHA,1963,0.141
76,Ghana,GHA,1964,-0.233
76,Ghana,GHA,1965,-0.17
76,Ghana,GHA,1966,0.068
76,Ghana,GHA,1967,-0.232
76,Ghana,GHA,1968,-0.17
76,Ghana,GHA,1969,0.266
76,Ghana,GHA,1970,0.302
76,Ghana,GHA,1971,-0.145
76,Ghana,GHA,1972,0.024
76,Ghana,GHA,1973,0.564
76,Ghana,GHA,1974,0.011
76,Ghana,GHA,1975,-0.228
76,Ghana,GHA,1976,-0.353
76,Ghana,GHA,1977,0.296
76,Ghana,GHA,1978,0.067
76,Ghana,GHA,1979,0.561
76,Ghana,GHA,1980,0.446
76,Ghana,GHA,1981,0.181
76,Ghana,GHA,1982,0.177
76,Ghana,GHA,1983,0.691
76,Ghana,GHA,1984,0.665
76,Ghana,GHA,1985,0.357
76,Ghana,GHA,1986,0.294
76,Ghana,GHA,1987,0.985
76,Ghana,GHA,1988,0.645
76,Ghana,GHA,1989,0.237
76,Ghana,GHA,1990,0.526
76,Ghana,GHA,1991,0.394
76,Ghana,GHA,1992,0.153
76,Ghana,GHA,1993,0.473
76,Ghana,GHA,1994,0.564
76,Ghana,GHA,1995,0.695
76,Ghana,GHA,1996,0.657
76,Ghana,GHA,1997,0.502
76,Ghana,GHA,1998,1.14
76,Ghana,GHA,1999,0.564
76,Ghana,GHA,2000,0.43
76,Ghana,GHA,2001,0.565
76,Ghana,GHA,2002,0.825
76,Ghana,GHA,2003,0.988
76,Ghana,GHA,2004,0.739
76,Ghana,GHA,2005,0.967
76,Ghana,GHA,2006,0.991
76,Ghana,GHA,2007,0.946
76,Ghana,GHA,2008,0.698
76,Ghana,GHA,2009,0.884
76,Ghana,GHA,2010,1.276
76,Ghana,GHA,2011,0.883
76,Ghana,GHA,2012,0.614
76,Ghana,GHA,2013,0.841
76,Ghana,GHA,2014,0.887
76,Ghana,GHA,2015,1.132
76,Ghana,GHA,2016,1.217
76,Ghana,GHA,2017,1.292
76,Ghana,GHA,2018,1.081
76,Ghana,GHA,2019,1.32
76,Ghana,GHA,2020,1.284
76,Ghana,GHA,2021,1.494
76,Ghana,GHA,2022,0.996
77,Gibraltar,GIB,1961,0.595
77,Gibraltar,GIB,1962,0.536
77,Gibraltar,GIB,1963,0.022
77,Gibraltar,GIB,1964,0.483
77,Gibraltar,GIB,1965,-0.087
77,Gibraltar,GIB,1966,0.228
77,Gibraltar,GIB,1967,-0.125
77,Gibraltar,GIB,1968,0.016
77,Gibraltar,GIB,1969,-0.31
77,Gibraltar,GIB,1970,-0.048
77,Gibraltar,GIB,1971,-0.81
77,Gibraltar,GIB,1972,-0.865
77,Gibraltar,GIB,1973,-0.157
77,Gibraltar,GIB,1974,-0.369
77,Gibraltar,GIB,1975,-0.177
77,Gibraltar,GIB,1976,-0.469
77,Gibraltar,GIB,1977,-0.144
77,Gibraltar,GIB,1978,0.213
77,Gibraltar,GIB,1979,0.396
77,Gibraltar,GIB,1980,0.312
77,Gibraltar,GIB,1981,0.358
77,Gibraltar,GIB,1982,0.481
77,Gibraltar,GIB,1983,0.382
77,Gibraltar,GIB,1984,-0.15
77,Gibraltar,GIB,1985,0.592
77,Gibraltar,GIB,1986,0.227
77,Gibraltar,GIB,1987,0.497
77,Gibraltar,GIB,1988,0.782
77,Gibraltar,GIB,1989,0.908
77,Gibraltar,GIB,1990,1.202
77,Gibraltar,GIB,1991,0.111
77,Gibraltar,GIB,1992,0.176
77,Gibraltar,GIB,1993,-0.128
77,Gibraltar,GIB,1994,0.736
77,Gibraltar,GIB,1995,1.315
77,Gibraltar,GIB,1996,0.747
77,Gibraltar,GIB,1997,1.47
77,Gibraltar,GIB,1998,1.109
77,Gibraltar,GIB,1999,0.715
77,Gibraltar,GIB,2000,0.829
77,Gibraltar,GIB,2001,1.28
77,Gibraltar,GIB,2002,0.862
77,Gibraltar,GIB,2003,1.4
77,Gibraltar,GIB,2004,1.027
77,Gibraltar,GIB,2005,0.841
77,Gibraltar,GIB,2006,1.425
77,Gibraltar,GIB,2007,0.83
77,Gibraltar,GIB,2008,0.982
77,Gibraltar,GIB,2009,1.283
77,Gibraltar,GIB,2010,1.318
77,Gibraltar,GIB,2011,1.618
77,Gibraltar,GIB,2012,0.924
77,Gibraltar,GIB,2013,0.869
77,Gibraltar,GIB,2014,1.417
77,Gibraltar,GIB,2015,1.382
77,Gibraltar,GIB,2016,1.726
77,Gibraltar,GIB,2017,2.005
77,Gibraltar,GIB,2018,0.739
77,Gibraltar,GIB,2019,1.3
77,Gibraltar,GIB,2020,1.923
77,Gibraltar,GIB,2021,1.504
77,Gibraltar,GIB,2022,2.228
78,Greece,GRC,1961,0.479
78,Greece,GRC,1962,0.619
78,Greece,GRC,1963,0.305
78,Greece,GRC,1964,-0.301
78,Greece,GRC,1965,-0.322
78,Greece,GRC,1966,0.79
78,Greece,GRC,1967,-0.194
78,Greece,GRC,1968,0.182
78,Greece,GRC,1969,-0.09
78,Greece,GRC,1970,0.269
78,Greece,GRC,1971,-0.222
78,Greece,GRC,1972,-0.177
78,Greece,GRC,1973,-0.357
78,Greece,GRC,1974,-0.193
78,Greece,GRC,1975,-0.25
78,Greece,GRC,1976,-0.916
78,Greece,GRC,1977,0.33
78,Greece,GRC,1978,-0.555
78,Greece,GRC,1979,0.179
78,Greece,GRC,1980,-0.379
78,Greece,GRC,1981,-0.191
78,Greece,GRC,1982,-0.243
78,Greece,GRC,1983,-0.493
78,Greece,GRC,1984,-0.123
78,Greece,GRC,1985,-0.063
78,Greece,GRC,1986,0.312
78,Greece,GRC,1987,-0.395
78,Greece,GRC,1988,0.129
78,Greece,GRC,1989,-0.204
78,Greece,GRC,1990,0.368
78,Greece,GRC,1991,-0.197
78,Greece,GRC,1992,-0.528
78,Greece,GRC,1993,-0.328
78,Greece,GRC,1994,1.06
78,Greece,GRC,1995,-0.043
78,Greece,GRC,1996,-0.161
78,Greece,GRC,1997,-0.195
78,Greece,GRC,1998,0.632
78,Greece,GRC,1999,0.8
78,Greece,GRC,2000,0.679
78,Greece,GRC,2001,1.314
78,Greece,GRC,2002,0.435
78,Greece,GRC,2003,0.385
78,Greece,GRC,2004,0.337
78,Greece,GRC,2005,0.213
78,Greece,GRC,2006,0.254
78,Greece,GRC,2007,1.08
78,Greece,GRC,2008,0.881
78,Greece,GRC,2009,0.771
78,Greece,GRC,2010,1.584
78,Greece,GRC,2011,0.394
78,Greece,GRC,2012,1.235
78,Greece,GRC,2013,1.317
78,Greece,GRC,2014,1.06
78,Greece,GRC,2015,0.904
78,Greece,GRC,2016,1.561
78,Greece,GRC,2017,0.642
78,Greece,GRC,2018,1.905
78,Greece,GRC,2019,1.381
78,Greece,GRC,2020,1.307
78,Greece,GRC,2021,1.655
78,Greece,GRC,2022,1.04
79,Greenland,GRL,1961,-0.295
79,Greenland,GRL,1962,0.842
79,Greenland,GRL,1963,0.308
79,Greenland,GRL,1964,0.257
79,Greenland,GRL,1965,0.8
79,Greenland,GRL,1966,-0.212
79,Greenland,GRL,1967,-0.371
79,Greenland,GRL,1968,-0.26
79,Greenland,GRL,1969,-0.252
79,Greenland,GRL,1970,-0.224
79,Greenland,GRL,1971,-0.784
79,Greenland,GRL,1972,-0.841
79,Greenland,GRL,1973,-0.987
79,Greenland,GRL,1974,0.306
79,Greenland,GRL,1975,-1.093
79,Greenland,GRL,1976,-0.259
79,Greenland,GRL,1977,0.76
79,Greenland,GRL,1978,-0.682
79,Greenland,GRL,1979,0.498
79,Greenland,GRL,1980,0.919
79,Greenland,GRL,1981,-0.36
79,Greenland,GRL,1982,-0.642
79,Greenland,GRL,1983,-2.062
79,Greenland,GRL,1984,-1.455
79,Greenland,GRL,1985,0.891
79,Greenland,GRL,1986,0.381
79,Greenland,GRL,1987,-0.121
79,Greenland,GRL,1988,0.513
79,Greenland,GRL,1989,-1.537
79,Greenland,GRL,1990,-0.348
79,Greenland,GRL,1991,-0.291
79,Greenland,GRL,1992,-1.228
79,Greenland,GRL,1993,-1.355
79,Greenland,GRL,1994,-0.425
79,Greenland,GRL,1995,-0.328
79,Greenland,GRL,1996,0.667
79,Greenland,GRL,1997,0.391
79,Greenland,GRL,1998,1.269
79,Greenland,GRL,1999,0.522
79,Greenland,GRL,2000,0.839
79,Greenland,GRL,2001,0.831
79,Greenland,GRL,2002,1.186
79,Greenland,GRL,2003,2.328
79,Greenland,GRL,2004,1.469
79,Greenland,GRL,2005,1.878
79,Greenland,GRL,2006,1.717
79,Greenland,GRL,2007,1.363
79,Greenland,GRL,2008,0.959
79,Greenland,GRL,2009,0.851
79,Greenland,GRL,2010,3.058
79,Greenland,GRL,2011,1.684
79,Greenland,GRL,2012,1.625
79,Greenland,GRL,2013,1.381
79,Greenland,GRL,2014,1.447
79,Greenland,GRL,2015,0.205
79,Greenland,GRL,2016,2.381
79,Greenland,GRL,2017,1.21
79,Greenland,GRL,2018,0.934
79,Greenland,GRL,2019,2.206
79,Greenland,GRL,2020,1.274
79,Greenland,GRL,2021,2.482
79,Greenland,GRL,2022,1.413
80,Grenada,GRD,1961,0.114
80,Grenada,GRD,1962,0.053
80,Grenada,GRD,1963,0.309
80,Grenada,GRD,1964,-0.052
80,Grenada,GRD,1965,-0.196
80,Grenada,GRD,1966,0.065
80,Grenada,GRD,1967,-0.233
80,Grenada,GRD,1968,-0.139
80,Grenada,GRD,1969,0.504
80,Grenada,GRD,1970,0.299
80,Grenada,GRD,1971,-0.303
80,Grenada,GRD,1972,-0.117
80,Grenada,GRD,1973,0.073
80,Grenada,GRD,1974,-0.447
80,Grenada,GRD,1975,-0.396
80,Grenada,GRD,1976,-0.24
80,Grenada,GRD,1977,-0.127
80,Grenada,GRD,1978,0.067
80,Grenada,GRD,1979,0.274
80,Grenada,GRD,1980,0.212
80,Grenada,GRD,1981,0.331
80,Grenada,GRD,1982,0.085
80,Grenada,GRD,1983,0.36
80,Grenada,GRD,1984,-0.048
80,Grenada,GRD,1985,-0.429
80,Grenada,GRD,1986,-0.192
80,Grenada,GRD,1987,0.442
80,Grenada,GRD,1988,0.446
80,Grenada,GRD,1989,-0.169
80,Grenada,GRD,1990,0.203
80,Grenada,GRD,1991,0.398
80,Grenada,GRD,1992,0.388
80,Grenada,GRD,1993,0.431
80,Grenada,GRD,1994,0.456
80,Grenada,GRD,1995,0.71
80,Grenada,GRD,1996,0.471
80,Grenada,GRD,1997,0.63
80,Grenada,GRD,1998,1.187
80,Grenada,GRD,1999,0.617
80,Grenada,GRD,2000,0.462
80,Grenada,GRD,2001,0.691
80,Grenada,GRD,2002,0.627
80,Grenada,GRD,2003,0.905
80,Grenada,GRD,2004,0.433
80,Grenada,GRD,2005,1.004
80,Grenada,GRD,2006,0.739
80,Grenada,GRD,2007,0.678
80,Grenada,GRD,2008,0.502
80,Grenada,GRD,2009,0.507
80,Grenada,GRD,2010,1.201
80,Grenada,GRD,2011,0.677
80,Grenada,GRD,2012,0.584
80,Grenada,GRD,2013,0.776
80,Grenada,GRD,2014,0.641
80,Grenada,GRD,2015,0.837
80,Grenada,GRD,2016,0.945
80,Grenada,GRD,2017,0.92
80,Grenada,GRD,2018,0.543
80,Grenada,GRD,2019,1.169
80,Grenada,GRD,2020,1.235
80,Grenada,GRD,2021,0.767
80,Grenada,GRD,2022,0.698
81,Guadeloupe,GLP,1961,0.041
81,Guadeloupe,GLP,1962,0.048
81,Guadeloupe,GLP,1963,0.249
81,Guadeloupe,GLP,1964,0.15
81,Guadeloupe,GLP,1965,-0.341
81,Guadeloupe,GLP,1966,0.051
81,Guadeloupe,GLP,1967,-0.238
81,Guadeloupe,GLP,1968,-0.211
81,Guadeloupe,GLP,1969,0.337
81,Guadeloupe,GLP,1970,0.123
81,Guadeloupe,GLP,1971,-0.245
81,Guadeloupe,GLP,1972,-0.147
81,Guadeloupe,GLP,1973,0.167
81,Guadeloupe,GLP,1974,-0.381
81,Guadeloupe,GLP,1975,-0.366
81,Guadeloupe,GLP,1976,-0.434
81,Guadeloupe,GLP,1977,0.074
81,Guadeloupe,GLP,1978,0.117
81,Guadeloupe,GLP,1979,0.099
81,Guadeloupe,GLP,1980,0.59
81,Guadeloupe,GLP,1981,0.5
81,Guadeloupe,GLP,1982,0.099
81,Guadeloupe,GLP,1983,0.494
81,Guadeloupe,GLP,1984,0.038
81,Guadeloupe,GLP,1985,-0.026
81,Guadeloupe,GLP,1986,0.01
81,Guadeloupe,GLP,1987,0.589
81,Guadeloupe,GLP,1988,0.426
81,Guadeloupe,GLP,1989,-0.032
81,Guadeloupe,GLP,1990,0.432
81,Guadeloupe,GLP,1991,0.448
81,Guadeloupe,GLP,1992,0.401
81,Guadeloupe,GLP,1993,0.524
81,Guadeloupe,GLP,1994,0.564
81,Guadeloupe,GLP,1995,0.671
81,Guadeloupe,GLP,1996,0.386
81,Guadeloupe,GLP,1997,0.51
81,Guadeloupe,GLP,1998,1.035
81,Guadeloupe,GLP,1999,0.515
81,Guadeloupe,GLP,2000,0.279
81,Guadeloupe,GLP,2001,0.557
81,Guadeloupe,GLP,2002,0.695
81,Guadeloupe,GLP,2003,0.816
81,Guadeloupe,GLP,2004,0.507
81,Guadeloupe,GLP,2005,0.827
81,Guadeloupe,GLP,2006,0.698
81,Guadeloupe,GLP,2007,0.921
81,Guadeloupe,GLP,2008,0.405
81,Guadeloupe,GLP,2009,0.547
81,Guadeloupe,GLP,2010,1.137
81,Guadeloupe,GLP,2011,0.539
81,Guadeloupe,GLP,2012,0.671
81,Guadeloupe,GLP,2013,0.75
81,Guadeloupe,GLP,2014,0.763
81,Guadeloupe,GLP,2015,0.998
81,Guadeloupe,GLP,2016,1.095
81,Guadeloupe,GLP,2017,0.907
81,Guadeloupe,GLP,2018,0.62
81,Guadeloupe,GLP,2019,0.803
81,Guadeloupe,GLP,2020,1.16
81,Guadeloupe,GLP,2021,0.826
81,Guadeloupe,GLP,2022,0.773
82,Guatemala,GTM,1961,-0.045
82,Guatemala,GTM,1962,-0.131
82,Guatemala,GTM,1963,-0.096
82,Guatemala,GTM,1964,-0.052
82,Guatemala,GTM,1965,-0.066
82,Guatemala,GTM,1966,-0.057
82,Guatemala,GTM,1967,-0.366
82,Guatemala,GTM,1968,-0.337
82,Guatemala,GTM,1969,0.413
82,Guatemala,GTM,1970,-0.106
82,Guatemala,GTM,1971,-0.141
82,Guatemala,GTM,1972,0.429
82,Guatemala,GTM,1973,0.458
82,Guatemala,GTM,1974,-0.281
82,Guatemala,GTM,1975,0.137
82,Guatemala,GTM,1976,-0.392
82,Guatemala,GTM,1977,0.225
82,Guatemala,GTM,1978,0.128
82,Guatemala,GTM,1979,0.332
82,Guatemala,GTM,1980,0.432
82,Guatemala,GTM,1981,-0.016
82,Guatemala,GTM,1982,0.457
82,Guatemala,GTM,1983,0.649
82,Guatemala,GTM,1984,0.116
82,Guatemala,GTM,1985,0.164
82,Guatemala,GTM,1986,0.125
82,Guatemala,GTM,1987,0.31
82,Guatemala,GTM,1988,0.481
82,Guatemala,GTM,1989,0.132
82,Guatemala,GTM,1990,0.309
82,Guatemala,GTM,1991,0.624
82,Guatemala,GTM,1992,0.445
82,Guatemala,GTM,1993,0.346
82,Guatemala,GTM,1994,0.592
82,Guatemala,GTM,1995,0.595
82,Guatemala,GTM,1996,0.09
82,Guatemala,GTM,1997,0.71
82,Guatemala,GTM,1998,0.867
82,Guatemala,GTM,1999,0.558
82,Guatemala,GTM,2000,0.31
82,Guatemala,GTM,2001,0.344
82,Guatemala,GTM,2002,0.556
82,Guatemala,GTM,2003,0.99
82,Guatemala,GTM,2004,0.611
82,Guatemala,GTM,2005,0.801
82,Guatemala,GTM,2006,0.612
82,Guatemala,GTM,2007,0.597
82,Guatemala,GTM,2008,0.213
82,Guatemala,GTM,2009,0.692
82,Guatemala,GTM,2010,0.685
82,Guatemala,GTM,2011,0.429
82,Guatemala,GTM,2012,0.52
82,Guatemala,GTM,2013,0.624
82,Guatemala,GTM,2014,0.638
82,Guatemala,GTM,2015,1.143
82,Guatemala,GTM,2016,1.425
82,Guatemala,GTM,2017,1.069
82,Guatemala,GTM,2018,0.884
82,Guatemala,GTM,2019,1.418
82,Guatemala,GTM,2020,1.728
82,Guatemala,GTM,2021,1.406
82,Guatemala,GTM,2022,0.916
83,Guinea,GIN,1961,-0.145
83,Guinea,GIN,1962,-0.137
83,Guinea,GIN,1963,0.16
83,Guinea,GIN,1964,-0.18
83,Guinea,GIN,1965,-0.095
83,Guinea,GIN,1966,-0.003
83,Guinea,GIN,1967,-0.237
83,Guinea,GIN,1968,-0.151
83,Guinea,GIN,1969,0.459
83,Guinea,GIN,1970,0.345
83,Guinea,GIN,1971,-0.131
83,Guinea,GIN,1972,0.203
83,Guinea,GIN,1973,0.579
83,Guinea,GIN,1974,-0.063
83,Guinea,GIN,1975,-0.248
83,Guinea,GIN,1976,-0.242
83,Guinea,GIN,1977,0.203
83,Guinea,GIN,1978,0.192
83,Guinea,GIN,1979,0.491
83,Guinea,GIN,1980,0.636
83,Guinea,GIN,1981,0.337
83,Guinea,GIN,1982,0.215
83,Guinea,GIN,1983,0.635
83,Guinea,GIN,1984,0.38
83,Guinea,GIN,1985,0.382
83,Guinea,GIN,1986,0.077
83,Guinea,GIN,1987,0.81
83,Guinea,GIN,1988,0.61
83,Guinea,GIN,1989,0.116
83,Guinea,GIN,1990,0.653
83,Guinea,GIN,1991,0.679
83,Guinea,GIN,1992,0.33
83,Guinea,GIN,1993,0.702
83,Guinea,GIN,1994,0.471
83,Guinea,GIN,1995,0.486
83,Guinea,GIN,1996,0.791
83,Guinea,GIN,1997,0.785
83,Guinea,GIN,1998,1.194
83,Guinea,GIN,1999,0.512
83,Guinea,GIN,2000,0.651
83,Guinea,GIN,2001,0.792
83,Guinea,GIN,2002,1.13
83,Guinea,GIN,2003,0.979
83,Guinea,GIN,2004,1.04
83,Guinea,GIN,2005,1.19
83,Guinea,GIN,2006,1.117
83,Guinea,GIN,2007,0.974
83,Guinea,GIN,2008,1.113
83,Guinea,GIN,2009,0.931
83,Guinea,GIN,2010,1.321
83,Guinea,GIN,2011,1.095
83,Guinea,GIN,2012,0.556
83,Guinea,GIN,2013,1.068
83,Guinea,GIN,2014,0.857
83,Guinea,GIN,2015,1.155
83,Guinea,GIN,2016,1.167
83,Guinea,GIN,2017,1.522
83,Guinea,GIN,2018,1.188
83,Guinea,GIN,2019,1.408
83,Guinea,GIN,2020,1.26
83,Guinea,GIN,2021,1.559
83,Guinea,GIN,2022,1.195
84,Guinea-Bissau,GNB,1961,-0.13
84,Guinea-Bissau,GNB,1962,-0.071
84,Guinea-Bissau,GNB,1963,0.157
84,Guinea-Bissau,GNB,1964,-0.227
84,Guinea-Bissau,GNB,1965,-0.383
84,Guinea-Bissau,GNB,1966,-0.046
84,Guinea-Bissau,GNB,1967,-0.269
84,Guinea-Bissau,GNB,1968,-0.432
84,Guinea-Bissau,GNB,1969,0.723
84,Guinea-Bissau,GNB,1970,0.345
84,Guinea-Bissau,GNB,1971,-0.059
84,Guinea-Bissau,GNB,1972,0.263
84,Guinea-Bissau,GNB,1973,0.579
84,Guinea-Bissau,GNB,1974,-0.15
84,Guinea-Bissau,GNB,1975,-0.195
84,Guinea-Bissau,GNB,1976,-0.109
84,Guinea-Bissau,GNB,1977,0.358
84,Guinea-Bissau,GNB,1978,0.294
84,Guinea-Bissau,GNB,1979,0.487
84,Guinea-Bissau,GNB,1980,0.645
84,Guinea-Bissau,GNB,1981,0.473
84,Guinea-Bissau,GNB,1982,0.282
84,Guinea-Bissau,GNB,1983,0.902
84,Guinea-Bissau,GNB,1984,0.516
84,Guinea-Bissau,GNB,1985,0.361
84,Guinea-Bissau,GNB,1986,0.495
84,Guinea-Bissau,GNB,1987,0.828
84,Guinea-Bissau,GNB,1988,0.669
84,Guinea-Bissau,GNB,1989,0.441
84,Guinea-Bissau,GNB,1990,0.96
84,Guinea-Bissau,GNB,1991,0.786
84,Guinea-Bissau,GNB,1992,0.71
84,Guinea-Bissau,GNB,1993,0.893
84,Guinea-Bissau,GNB,1994,0.744
84,Guinea-Bissau,GNB,1995,0.798
84,Guinea-Bissau,GNB,1996,0.955
84,Guinea-Bissau,GNB,1997,1.129
84,Guinea-Bissau,GNB,1998,1.56
84,Guinea-Bissau,GNB,1999,0.746
84,Guinea-Bissau,GNB,2000,0.996
84,Guinea-Bissau,GNB,2001,1.244
84,Guinea-Bissau,GNB,2002,1.281
84,Guinea-Bissau,GNB,2003,1.04
84,Guinea-Bissau,GNB,2004,1.171
84,Guinea-Bissau,GNB,2005,1.401
84,Guinea-Bissau,GNB,2006,1.186
84,Guinea-Bissau,GNB,2007,1.034
84,Guinea-Bissau,GNB,2008,1.362
84,Guinea-Bissau,GNB,2009,0.811
84,Guinea-Bissau,GNB,2010,1.328
84,Guinea-Bissau,GNB,2011,1.092
84,Guinea-Bissau,GNB,2012,0.795
84,Guinea-Bissau,GNB,2013,1.055
84,Guinea-Bissau,GNB,2014,1.168
84,Guinea-Bissau,GNB,2015,1.192
84,Guinea-Bissau,GNB,2016,1.572
84,Guinea-Bissau,GNB,2017,1.674
84,Guinea-Bissau,GNB,2018,1.125
84,Guinea-Bissau,GNB,2019,1.419
84,Guinea-Bissau,GNB,2020,1.663
84,Guinea-Bissau,GNB,2021,1.66
84,Guinea-Bissau,GNB,2022,1.295
85,Guyana,GUY,1961,0.043
85,Guyana,GUY,1962,-0.009
85,Guyana,GUY,1963,-0.188
85,Guyana,GUY,1964,0.32
85,Guyana,GUY,1965,-0.065
85,Guyana,GUY,1966,0.212
85,Guyana,GUY,1967,-0.083
85,Guyana,GUY,1968,-0.274
85,Guyana,GUY,1969,0.439
85,Guyana,GUY,1970,0.489
85,Guyana,GUY,1971,-0.486
85,Guyana,GUY,1972,-0.024
85,Guyana,GUY,1973,0.084
85,Guyana,GUY,1974,-0.462
85,Guyana,GUY,1975,-0.301
85,Guyana,GUY,1976,-0.354
85,Guyana,GUY,1977,0.083
85,Guyana,GUY,1978,-0.028
85,Guyana,GUY,1979,0.341
85,Guyana,GUY,1980,0.322
85,Guyana,GUY,1981,0.185
85,Guyana,GUY,1982,0.41
85,Guyana,GUY,1983,0.539
85,Guyana,GUY,1984,-0.351
85,Guyana,GUY,1985,-0.329
85,Guyana,GUY,1986,0.015
85,Guyana,GUY,1987,0.495
85,Guyana,GUY,1988,0.4
85,Guyana,GUY,1989,-0.044
85,Guyana,GUY,1990,0.527
85,Guyana,GUY,1991,0.286
85,Guyana,GUY,1992,0.131
85,Guyana,GUY,1993,0.178
85,Guyana,GUY,1994,0.482
85,Guyana,GUY,1995,0.988
85,Guyana,GUY,1996,0.61
85,Guyana,GUY,1997,0.884
85,Guyana,GUY,1998,1.287
85,Guyana,GUY,1999,0.405
85,Guyana,GUY,2000,0.658
85,Guyana,GUY,2001,0.825
85,Guyana,GUY,2002,1.074
85,Guyana,GUY,2003,0.948
85,Guyana,GUY,2004,0.942
85,Guyana,GUY,2005,1.321
85,Guyana,GUY,2006,1.003
85,Guyana,GUY,2007,1.025
85,Guyana,GUY,2008,0.558
85,Guyana,GUY,2009,1.162
85,Guyana,GUY,2010,1.115
85,Guyana,GUY,2011,0.968
85,Guyana,GUY,2012,0.958
85,Guyana,GUY,2013,0.894
85,Guyana,GUY,2014,1.071
85,Guyana,GUY,2015,1.352
85,Guyana,GUY,2016,1.506
85,Guyana,GUY,2017,1.149
85,Guyana,GUY,2018,1.137
85,Guyana,GUY,2019,1.178
85,Guyana,GUY,2020,1.4
85,Guyana,GUY,2021,0.875
85,Guyana,GUY,2022,1.066
86,Haiti,HTI,1961,-0.012
86,Haiti,HTI,1962,-0.049
86,Haiti,HTI,1963,-0.111
86,Haiti,HTI,1964,0.223
86,Haiti,HTI,1965,-0.31
86,Haiti,HTI,1966,-0.025
86,Haiti,HTI,1967,-0.209
86,Haiti,HTI,1968,-0.272
86,Haiti,HTI,1969,0.174
86,Haiti,HTI,1970,-0.123
86,Haiti,HTI,1971,-0.17
86,Haiti,HTI,1972,0.015
86,Haiti,HTI,1973,0.356
86,Haiti,HTI,1974,-0.342
86,Haiti,HTI,1975,0.22
86,Haiti,HTI,1976,-0.431
86,Haiti,HTI,1977,0.353
86,Haiti,HTI,1978,0.191
86,Haiti,HTI,1979,0.219
86,Haiti,HTI,1980,0.637
86,Haiti,HTI,1981,0.444
86,Haiti,HTI,1982,0.571
86,Haiti,HTI,1983,0.622
86,Haiti,HTI,1984,0.305
86,Haiti,HTI,1985,0.163
86,Haiti,HTI,1986,0.282
86,Haiti,HTI,1987,0.842
86,Haiti,HTI,1988,0.721
86,Haiti,HTI,1989,0.396
86,Haiti,HTI,1990,0.694
86,Haiti,HTI,1991,0.775
86,Haiti,HTI,1992,0.59
86,Haiti,HTI,1993,0.45
86,Haiti,HTI,1994,1.198
86,Haiti,HTI,1995,1.188
86,Haiti,HTI,1996,0.685
86,Haiti,HTI,1997,1.099
86,Haiti,HTI,1998,1.244
86,Haiti,HTI,1999,1.147
86,Haiti,HTI,2000,0.858
86,Haiti,HTI,2001,0.758
86,Haiti,HTI,2002,0.953
86,Haiti,HTI,2003,1.24
86,Haiti,HTI,2004,0.888
86,Haiti,HTI,2005,1.042
86,Haiti,HTI,2006,0.935
86,Haiti,HTI,2007,1.151
86,Haiti,HTI,2008,0.624
86,Haiti,HTI,2009,0.806
86,Haiti,HTI,2010,1.206
86,Haiti,HTI,2011,0.489
86,Haiti,HTI,2012,0.759
86,Haiti,HTI,2013,1.133
86,Haiti,HTI,2014,1.306
86,Haiti,HTI,2015,1.384
86,Haiti,HTI,2016,1.164
86,Haiti,HTI,2017,1.061
86,Haiti,HTI,2018,1.277
86,Haiti,HTI,2019,1.507
86,Haiti,HTI,2020,1.537
86,Haiti,HTI,2021,0.883
86,Haiti,HTI,2022,1.095
87,Holy See,VAT,1961,0.735
87,Holy See,VAT,1962,0.079
87,Holy See,VAT,1963,-0.137
87,Holy See,VAT,1964,0.199
87,Holy See,VAT,1965,-0.415
87,Holy See,VAT,1966,0.264
87,Holy See,VAT,1967,0.169
87,Holy See,VAT,1968,0.036
87,Holy See,VAT,1969,0.002
87,Holy See,VAT,1970,-0.13
87,Holy See,VAT,1971,-0.258
87,Holy See,VAT,1972,-0.165
87,Holy See,VAT,1973,0.02
87,Holy See,VAT,1974,-0.213
87,Holy See,VAT,1975,-0.133
87,Holy See,VAT,1976,-0.412
87,Holy See,VAT,1977,0.317
87,Holy See,VAT,1978,-0.585
87,Holy See,VAT,1979,0.115
87,Holy See,VAT,1980,-0.53
87,Holy See,VAT,1981,-0.446
87,Holy See,VAT,1982,0.594
87,Holy See,VAT,1983,0.274
87,Holy See,VAT,1984,-0.571
87,Holy See,VAT,1985,0.286
87,Holy See,VAT,1986,0.55
87,Holy See,VAT,1987,0.195
87,Holy See,VAT,1988,0.755
87,Holy See,VAT,1989,0.148
87,Holy See,VAT,1990,1.125
87,Holy See,VAT,1991,-0.017
87,Holy See,VAT,1992,0.533
87,Holy See,VAT,1993,0.48
87,Holy See,VAT,1994,1.474
87,Holy See,VAT,1995,0.2
87,Holy See,VAT,1996,0.361
87,Holy See,VAT,1997,0.857
87,Holy See,VAT,1998,0.944
87,Holy See,VAT,1999,0.79
87,Holy See,VAT,2000,1.177
87,Holy See,VAT,2001,1.487
87,Holy See,VAT,2002,0.716
87,Holy See,VAT,2003,1.501
87,Holy See,VAT,2004,0.478
87,Holy See,VAT,2005,0.479
87,Holy See,VAT,2006,0.609
87,Holy See,VAT,2007,1.305
87,Holy See,VAT,2008,0.958
87,Holy See,VAT,2009,1.042
87,Holy See,VAT,2010,0.774
87,Holy See,VAT,2011,1.047
87,Holy See,VAT,2012,1.492
87,Holy See,VAT,2013,0.866
87,Holy See,VAT,2014,1.37
87,Holy See,VAT,2015,1.518
87,Holy See,VAT,2016,1.598
87,Holy See,VAT,2017,1.318
87,Holy See,VAT,2018,1.837
87,Holy See,VAT,2019,1.591
87,Holy See,VAT,2020,1.734
87,Holy See,VAT,2021,1.546
87,Holy See,VAT,2022,2.028
88,Honduras,HND,1961,-0.058
88,Honduras,HND,1962,-0.162
88,Honduras,HND,1963,-0.229
88,Honduras,HND,1964,-0.029
88,Honduras,HND,1965,-0.055
88,Honduras,HND,1966,0.006
88,Honduras,HND,1967,-0.286
88,Honduras,HND,1968,-0.319
88,Honduras,HND,1969,0.243
88,Honduras,HND,1970,-0.124
88,Honduras,HND,1971,-0.161
88,Honduras,HND,1972,0.269
88,Honduras,HND,1973,0.507
88,Honduras,HND,1974,-0.327
88,Honduras,HND,1975,0.068
88,Honduras,HND,1976,-0.248
88,Honduras,HND,1977,0.337
88,Honduras,HND,1978,0.25
88,Honduras,HND,1979,0.407
88,Honduras,HND,1980,0.434
88,Honduras,HND,1981,0.108
88,Honduras,HND,1982,0.449
88,Honduras,HND,1983,0.581
88,Honduras,HND,1984,0.073
88,Honduras,HND,1985,0.14
88,Honduras,HND,1986,0.138
88,Honduras,HND,1987,0.391
88,Honduras,HND,1988,0.621
88,Honduras,HND,1989,0.191
88,Honduras,HND,1990,0.258
88,Honduras,HND,1991,0.493
88,Honduras,HND,1992,0.481
88,Honduras,HND,1993,0.203
88,Honduras,HND,1994,0.774
88,Honduras,HND,1995,0.876
88,Honduras,HND,1996,0.075
88,Honduras,HND,1997,0.797
88,Honduras,HND,1998,1.018
88,Honduras,HND,1999,0.384
88,Honduras,HND,2000,0.128
88,Honduras,HND,2001,0.396
88,Honduras,HND,2002,0.776
88,Honduras,HND,2003,0.672
88,Honduras,HND,2004,0.491
88,Honduras,HND,2005,0.956
88,Honduras,HND,2006,0.621
88,Honduras,HND,2007,0.769
88,Honduras,HND,2008,0.566
88,Honduras,HND,2009,0.811
88,Honduras,HND,2010,0.806
88,Honduras,HND,2011,0.73
88,Honduras,HND,2012,0.639
88,Honduras,HND,2013,0.915
88,Honduras,HND,2014,0.666
88,Honduras,HND,2015,1.126
88,Honduras,HND,2016,1.368
88,Honduras,HND,2017,1.034
88,Honduras,HND,2018,0.804
88,Honduras,HND,2019,1.233
88,Honduras,HND,2020,1.813
88,Honduras,HND,2021,1.098
88,Honduras,HND,2022,0.723
89,Hungary,HUN,1961,1.176
89,Hungary,HUN,1962,-0.419
89,Hungary,HUN,1963,-0.463
89,Hungary,HUN,1964,-0.877
89,Hungary,HUN,1965,-0.883
89,Hungary,HUN,1966,0.755
89,Hungary,HUN,1967,0.594
89,Hungary,HUN,1968,0.383
89,Hungary,HUN,1969,-0.276
89,Hungary,HUN,1970,-0.508
89,Hungary,HUN,1971,-0.063
89,Hungary,HUN,1972,0.39
89,Hungary,HUN,1973,-0.033
89,Hungary,HUN,1974,0.263
89,Hungary,HUN,1975,0.857
89,Hungary,HUN,1976,-0.274
89,Hungary,HUN,1977,0.549
89,Hungary,HUN,1978,-0.871
89,Hungary,HUN,1979,0.047
89,Hungary,HUN,1980,-0.62
89,Hungary,HUN,1981,0.146
89,Hungary,HUN,1982,0.105
89,Hungary,HUN,1983,0.997
89,Hungary,HUN,1984,-0.129
89,Hungary,HUN,1985,-1.068
89,Hungary,HUN,1986,0.356
89,Hungary,HUN,1987,-0.547
89,Hungary,HUN,1988,0.385
89,Hungary,HUN,1989,0.864
89,Hungary,HUN,1990,1.07
89,Hungary,HUN,1991,-0.058
89,Hungary,HUN,1992,0.911
89,Hungary,HUN,1993,0.069
89,Hungary,HUN,1994,1.755
89,Hungary,HUN,1995,0.631
89,Hungary,HUN,1996,-0.34
89,Hungary,HUN,1997,-0.148
89,Hungary,HUN,1998,1.081
89,Hungary,HUN,1999,0.603
89,Hungary,HUN,2000,1.733
89,Hungary,HUN,2001,1.391
89,Hungary,HUN,2002,1.423
89,Hungary,HUN,2003,0.71
89,Hungary,HUN,2004,0.543
89,Hungary,HUN,2005,0.236
89,Hungary,HUN,2006,0.699
89,Hungary,HUN,2007,2.142
89,Hungary,HUN,2008,1.495
89,Hungary,HUN,2009,1.613
89,Hungary,HUN,2010,0.806
89,Hungary,HUN,2011,0.891
89,Hungary,HUN,2012,1.727
89,Hungary,HUN,2013,1.159
89,Hungary,HUN,2014,2.229
89,Hungary,HUN,2015,2.067
89,Hungary,HUN,2016,1.89
89,Hungary,HUN,2017,1.336
89,Hungary,HUN,2018,2.524
89,Hungary,HUN,2019,2.353
89,Hungary,HUN,2020,1.99
89,Hungary,HUN,2021,1.43
89,Hungary,HUN,2022,2.142
90,Iceland,ISL,1961,0.547
90,Iceland,ISL,1962,-0.27
90,Iceland,ISL,1963,-0.091
90,Iceland,ISL,1964,1.097
90,Iceland,ISL,1965,-0.131
90,Iceland,ISL,1966,-0.498
90,Iceland,ISL,1967,-0.597
90,Iceland,ISL,1968,-0.635
90,Iceland,ISL,1969,-0.9
90,Iceland,ISL,1970,-0.617
90,Iceland,ISL,1971,-0.005
90,Iceland,ISL,1972,0.777
90,Iceland,ISL,1973,-0.099
90,Iceland,ISL,1974,0.522
90,Iceland,ISL,1975,-0.42
90,Iceland,ISL,1976,0.377
90,Iceland,ISL,1977,-0.258
90,Iceland,ISL,1978,0.054
90,Iceland,ISL,1979,-1.239
90,Iceland,ISL,1980,0.407
90,Iceland,ISL,1981,-0.909
90,Iceland,ISL,1982,-0.258
90,Iceland,ISL,1983,-0.863
90,Iceland,ISL,1984,0.204
90,Iceland,ISL,1985,0.164
90,Iceland,ISL,1986,-0.077
90,Iceland,ISL,1987,0.685
90,Iceland,ISL,1988,-0.088
90,Iceland,ISL,1989,-0.174
90,Iceland,ISL,1990,0.169
90,Iceland,ISL,1991,0.766
90,Iceland,ISL,1992,0.231
90,Iceland,ISL,1993,0.225
90,Iceland,ISL,1994,-0.108
90,Iceland,ISL,1995,-0.33
90,Iceland,ISL,1996,0.562
90,Iceland,ISL,1997,0.436
90,Iceland,ISL,1998,0.238
90,Iceland,ISL,1999,0.471
90,Iceland,ISL,2000,0.274
90,Iceland,ISL,2001,0.584
90,Iceland,ISL,2002,0.784
90,Iceland,ISL,2003,1.784
90,Iceland,ISL,2004,1.235
90,Iceland,ISL,2005,0.448
90,Iceland,ISL,2006,1.032
90,Iceland,ISL,2007,1.101
90,Iceland,ISL,2008,0.753
90,Iceland,ISL,2009,0.907
90,Iceland,ISL,2010,1.147
90,Iceland,ISL,2011,0.959
90,Iceland,ISL,2012,0.667
90,Iceland,ISL,2013,0.687
90,Iceland,ISL,2014,1.66
90,Iceland,ISL,2015,0.419
90,Iceland,ISL,2016,1.411
90,Iceland,ISL,2017,1.694
90,Iceland,ISL,2018,0.82
90,Iceland,ISL,2019,1.339
90,Iceland,ISL,2020,0.786
90,Iceland,ISL,2021,0.921
90,Iceland,ISL,2022,1.201
91,India,IND,1961,-0.208
91,India,IND,1962,-0.479
91,India,IND,1963,-0.03
91,India,IND,1964,-0.03
91,India,IND,1965,-0.072
91,India,IND,1966,0.29
91,India,IND,1967,-0.21
91,India,IND,1968,-0.234
91,India,IND,1969,0.303
91,India,IND,1970,0.033
91,India,IND,1971,-0.519
91,India,IND,1972,0.012
91,India,IND,1973,0.332
91,India,IND,1974,0.034
91,India,IND,1975,-0.308
91,India,IND,1976,0.003
91,India,IND,1977,0.155
91,India,IND,1978,-0.15
91,India,IND,1979,0.305
91,India,IND,1980,0.401
91,India,IND,1981,0.072
91,India,IND,1982,-0.017
91,India,IND,1983,-0.135
91,India,IND,1984,-0.107
91,India,IND,1985,0.211
91,India,IND,1986,0.19
91,India,IND,1987,0.578
91,India,IND,1988,0.504
91,India,IND,1989,-0.018
91,India,IND,1990,-0.081
91,India,IND,1991,0.19
91,India,IND,1992,0.035
91,India,IND,1993,0.223
91,India,IND,1994,0.107
91,India,IND,1995,0.238
91,India,IND,1996,0.339
91,India,IND,1997,-0.064
91,India,IND,1998,0.614
91,India,IND,1999,0.468
91,India,IND,2000,0.35
91,India,IND,2001,0.473
91,India,IND,2002,0.827
91,India,IND,2003,0.665
91,India,IND,2004,0.545
91,India,IND,2005,0.567
91,India,IND,2006,0.638
91,India,IND,2007,0.607
91,India,IND,2008,0.263
91,India,IND,2009,1.134
91,India,IND,2010,1.129
91,India,IND,2011,0.365
91,India,IND,2012,0.516
91,India,IND,2013,0.451
91,India,IND,2014,0.53
91,India,IND,2015,0.711
91,India,IND,2016,1.088
91,India,IND,2017,0.966
91,India,IND,2018,0.874
91,India,IND,2019,0.802
91,India,IND,2020,0.52
91,India,IND,2021,0.733
91,India,IND,2022,0.79
92,Indonesia,IDN,1961,-0.096
92,Indonesia,IDN,1962,-0.03
92,Indonesia,IDN,1963,-0.134
92,Indonesia,IDN,1964,-0.036
92,Indonesia,IDN,1965,-0.257
92,Indonesia,IDN,1966,0.025
92,Indonesia,IDN,1967,-0.163
92,Indonesia,IDN,1968,-0.069
92,Indonesia,IDN,1969,0.151
92,Indonesia,IDN,1970,0.129
92,Indonesia,IDN,1971,-0.15
92,Indonesia,IDN,1972,-0.054
92,Indonesia,IDN,1973,0.264
92,Indonesia,IDN,1974,-0.111
92,Indonesia,IDN,1975,-0.131
92,Indonesia,IDN,1976,-0.012
92,Indonesia,IDN,1977,0.118
92,Indonesia,IDN,1978,0.176
92,Indonesia,IDN,1979,0.235
92,Indonesia,IDN,1980,0.29
92,Indonesia,IDN,1981,0.2
92,Indonesia,IDN,1982,0.036
92,Indonesia,IDN,1983,0.405
92,Indonesia,IDN,1984,-0.11
92,Indonesia,IDN,1985,0.151
92,Indonesia,IDN,1986,0.138
92,Indonesia,IDN,1987,0.514
92,Indonesia,IDN,1988,0.437
92,Indonesia,IDN,1989,0.13
92,Indonesia,IDN,1990,0.089
92,Indonesia,IDN,1991,0.273
92,Indonesia,IDN,1992,0.341
92,Indonesia,IDN,1993,0.289
92,Indonesia,IDN,1994,0.343
92,Indonesia,IDN,1995,0.382
92,Indonesia,IDN,1996,0.428
92,Indonesia,IDN,1997,0.463
92,Indonesia,IDN,1998,1.05
92,Indonesia,IDN,1999,0.282
92,Indonesia,IDN,2000,0.275
92,Indonesia,IDN,2001,0.53
92,Indonesia,IDN,2002,0.607
92,Indonesia,IDN,2003,0.594
92,Indonesia,IDN,2004,0.54
92,Indonesia,IDN,2005,0.71
92,Indonesia,IDN,2006,0.422
92,Indonesia,IDN,2007,0.464
92,Indonesia,IDN,2008,0.223
92,Indonesia,IDN,2009,0.563
92,Indonesia,IDN,2010,0.766
92,Indonesia,IDN,2011,0.306
92,Indonesia,IDN,2012,0.459
92,Indonesia,IDN,2013,0.799
92,Indonesia,IDN,2014,0.812
92,Indonesia,IDN,2015,0.841
92,Indonesia,IDN,2016,1.488
92,Indonesia,IDN,2017,1.055
92,Indonesia,IDN,2018,0.973
92,Indonesia,IDN,2019,1.118
92,Indonesia,IDN,2020,1.322
92,Indonesia,IDN,2021,1.11
92,Indonesia,IDN,2022,1.085
93,"Iran, Islamic Rep. of",IRN,1961,-0.068
93,"Iran, Islamic Rep. of",IRN,1962,0.263
93,"Iran, Islamic Rep. of",IRN,1963,0.755
93,"Iran, Islamic Rep. of",IRN,1964,-0.667
93,"Iran, Islamic Rep. of",IRN,1965,-0.28
93,"Iran, Islamic Rep. of",IRN,1966,0.748
93,"Iran, Islamic Rep. of",IRN,1967,-0.271
93,"Iran, Islamic Rep. of",IRN,1968,-0.246
93,"Iran, Islamic Rep. of",IRN,1969,-0.342
93,"Iran, Islamic Rep. of",IRN,1970,0.978
93,"Iran, Islamic Rep. of",IRN,1971,0.097
93,"Iran, Islamic Rep. of",IRN,1972,-0.959
93,"Iran, Islamic Rep. of",IRN,1973,-0.199
93,"Iran, Islamic Rep. of",IRN,1974,-0.677
93,"Iran, Islamic Rep. of",IRN,1975,-0.218
93,"Iran, Islamic Rep. of",IRN,1976,-0.555
93,"Iran, Islamic Rep. of",IRN,1977,0.394
93,"Iran, Islamic Rep. of",IRN,1978,0.274
93,"Iran, Islamic Rep. of",IRN,1979,0.684
93,"Iran, Islamic Rep. of",IRN,1980,0.54
93,"Iran, Islamic Rep. of",IRN,1981,0.677
93,"Iran, Islamic Rep. of",IRN,1982,-0.12
93,"Iran, Islamic Rep. of",IRN,1983,-0.111
93,"Iran, Islamic Rep. of",IRN,1984,0.151
93,"Iran, Islamic Rep. of",IRN,1985,0.243
93,"Iran, Islamic Rep. of",IRN,1986,0.207
93,"Iran, Islamic Rep. of",IRN,1987,0.536
93,"Iran, Islamic Rep. of",IRN,1988,0.706
93,"Iran, Islamic Rep. of",IRN,1989,0.22
93,"Iran, Islamic Rep. of",IRN,1990,0.727
93,"Iran, Islamic Rep. of",IRN,1991,0.389
93,"Iran, Islamic Rep. of",IRN,1992,-0.757
93,"Iran, Islamic Rep. of",IRN,1993,-0.017
93,"Iran, Islamic Rep. of",IRN,1994,0.802
93,"Iran, Islamic Rep. of",IRN,1995,0.698
93,"Iran, Islamic Rep. of",IRN,1996,0.239
93,"Iran, Islamic Rep. of",IRN,1997,0.644
93,"Iran, Islamic Rep. of",IRN,1998,1.165
93,"Iran, Islamic Rep. of",IRN,1999,1.658
93,"Iran, Islamic Rep. of",IRN,2000,1.215
93,"Iran, Islamic Rep. of",IRN,2001,1.525
93,"Iran, Islamic Rep. of",IRN,2002,1.716
93,"Iran, Islamic Rep. of",IRN,2003,0.943
93,"Iran, Islamic Rep. of",IRN,2004,1.528
93,"Iran, Islamic Rep. of",IRN,2005,0.828
93,"Iran, Islamic Rep. of",IRN,2006,1.847
93,"Iran, Islamic Rep. of",IRN,2007,0.874
93,"Iran, Islamic Rep. of",IRN,2008,1.136
93,"Iran, Islamic Rep. of",IRN,2009,1.177
93,"Iran, Islamic Rep. of",IRN,2010,2.214
93,"Iran, Islamic Rep. of",IRN,2011,1.345
93,"Iran, Islamic Rep. of",IRN,2012,1.09
93,"Iran, Islamic Rep. of",IRN,2013,1.642
93,"Iran, Islamic Rep. of",IRN,2014,1.079
93,"Iran, Islamic Rep. of",IRN,2015,1.856
93,"Iran, Islamic Rep. of",IRN,2016,1.669
93,"Iran, Islamic Rep. of",IRN,2017,1.737
93,"Iran, Islamic Rep. of",IRN,2018,2.044
93,"Iran, Islamic Rep. of",IRN,2019,1.597
93,"Iran, Islamic Rep. of",IRN,2020,1.346
93,"Iran, Islamic Rep. of",IRN,2021,2.176
93,"Iran, Islamic Rep. of",IRN,2022,2.37
94,Iraq,IRQ,1961,-0.189
94,Iraq,IRQ,1962,0.885
94,Iraq,IRQ,1963,0.433
94,Iraq,IRQ,1964,-0.81
94,Iraq,IRQ,1965,-0.134
94,Iraq,IRQ,1966,0.964
94,Iraq,IRQ,1967,-0.843
94,Iraq,IRQ,1968,-0.275
94,Iraq,IRQ,1969,0.241
94,Iraq,IRQ,1970,0.661
94,Iraq,IRQ,1971,-0.178
94,Iraq,IRQ,1972,-0.731
94,Iraq,IRQ,1973,-0.245
94,Iraq,IRQ,1974,-0.434
94,Iraq,IRQ,1975,-0.239
94,Iraq,IRQ,1976,-0.777
94,Iraq,IRQ,1977,0.313
94,Iraq,IRQ,1978,0.162
94,Iraq,IRQ,1979,1.264
94,Iraq,IRQ,1980,0.058
94,Iraq,IRQ,1981,0.257
94,Iraq,IRQ,1982,-0.406
94,Iraq,IRQ,1983,-0.802
94,Iraq,IRQ,1984,0.036
94,Iraq,IRQ,1985,0.021
94,Iraq,IRQ,1986,0.37
94,Iraq,IRQ,1987,0.368
94,Iraq,IRQ,1988,0.106
94,Iraq,IRQ,1989,0.176
94,Iraq,IRQ,1990,0.356
94,Iraq,IRQ,1991,0.608
94,Iraq,IRQ,1992,-1.169
94,Iraq,IRQ,1993,-0.469
94,Iraq,IRQ,1994,1.009
94,Iraq,IRQ,1995,0.366
94,Iraq,IRQ,1996,0.798
94,Iraq,IRQ,1997,0.305
94,Iraq,IRQ,1998,1.295
94,Iraq,IRQ,1999,1.917
94,Iraq,IRQ,2000,0.995
94,Iraq,IRQ,2001,1.289
94,Iraq,IRQ,2002,1.168
94,Iraq,IRQ,2003,0.96
94,Iraq,IRQ,2004,1.084
94,Iraq,IRQ,2005,0.526
94,Iraq,IRQ,2006,1.621
94,Iraq,IRQ,2007,0.935
94,Iraq,IRQ,2008,1.155
94,Iraq,IRQ,2009,0.881
94,Iraq,IRQ,2010,2.712
94,Iraq,IRQ,2011,0.91
94,Iraq,IRQ,2012,1.293
94,Iraq,IRQ,2013,1.263
94,Iraq,IRQ,2014,1.175
94,Iraq,IRQ,2015,1.94
94,Iraq,IRQ,2016,1.672
94,Iraq,IRQ,2017,1.572
94,Iraq,IRQ,2018,2.406
94,Iraq,IRQ,2019,1.626
94,Iraq,IRQ,2020,1.857
94,Iraq,IRQ,2021,2.644
94,Iraq,IRQ,2022,2.147
95,Ireland,IRL,1961,0.264
95,Ireland,IRL,1962,-0.688
95,Ireland,IRL,1963,-0.773
95,Ireland,IRL,1964,0.158
95,Ireland,IRL,1965,-0.554
95,Ireland,IRL,1966,-0.033
95,Ireland,IRL,1967,-0.009
95,Ireland,IRL,1968,0.072
95,Ireland,IRL,1969,-0.265
95,Ireland,IRL,1970,0.06
95,Ireland,IRL,1971,0.342
95,Ireland,IRL,1972,-0.268
95,Ireland,IRL,1973,0.362
95,Ireland,IRL,1974,-0.211
95,Ireland,IRL,1975,0.701
95,Ireland,IRL,1976,0.561
95,Ireland,IRL,1977,-0.279
95,Ireland,IRL,1978,0.257
95,Ireland,IRL,1979,-0.687
95,Ireland,IRL,1980,-0.057
95,Ireland,IRL,1981,0.377
95,Ireland,IRL,1982,0.154
95,Ireland,IRL,1983,0.408
95,Ireland,IRL,1984,0.336
95,Ireland,IRL,1985,-0.439
95,Ireland,IRL,1986,-0.726
95,Ireland,IRL,1987,-0.143
95,Ireland,IRL,1988,0.246
95,Ireland,IRL,1989,1.054
95,Ireland,IRL,1990,0.829
95,Ireland,IRL,1991,0.199
95,Ireland,IRL,1992,0.446
95,Ireland,IRL,1993,0.064
95,Ireland,IRL,1994,0.282
95,Ireland,IRL,1995,1.198
95,Ireland,IRL,1996,-0.006
95,Ireland,IRL,1997,0.977
95,Ireland,IRL,1998,0.937
95,Ireland,IRL,1999,1.077
95,Ireland,IRL,2000,0.577
95,Ireland,IRL,2001,0.551
95,Ireland,IRL,2002,0.83
95,Ireland,IRL,2003,1.024
95,Ireland,IRL,2004,0.9
95,Ireland,IRL,2005,1.175
95,Ireland,IRL,2006,1.159
95,Ireland,IRL,2007,1.345
95,Ireland,IRL,2008,0.836
95,Ireland,IRL,2009,0.804
95,Ireland,IRL,2010,-0.104
95,Ireland,IRL,2011,0.559
95,Ireland,IRL,2012,0.705
95,Ireland,IRL,2013,0.568
95,Ireland,IRL,2014,1.357
95,Ireland,IRL,2015,0.449
95,Ireland,IRL,2016,1.04
95,Ireland,IRL,2017,1.264
95,Ireland,IRL,2018,0.783
95,Ireland,IRL,2019,1.201
95,Ireland,IRL,2020,1.075
95,Ireland,IRL,2021,1.019
95,Ireland,IRL,2022,1.764
96,Isle of Man,IMN,1961,0.358
96,Isle of Man,IMN,1962,-0.746
96,Isle of Man,IMN,1963,-0.82
96,Isle of Man,IMN,1964,0.095
96,Isle of Man,IMN,1965,-0.579
96,Isle of Man,IMN,1966,-0.1
96,Isle of Man,IMN,1967,0.105
96,Isle of Man,IMN,1968,0.035
96,Isle of Man,IMN,1969,-0.287
96,Isle of Man,IMN,1970,0.049
96,Isle of Man,IMN,1971,0.316
96,Isle of Man,IMN,1972,-0.19
96,Isle of Man,IMN,1973,0.297
96,Isle of Man,IMN,1974,-0.2
96,Isle of Man,IMN,1975,0.697
96,Isle of Man,IMN,1976,0.661
96,Isle of Man,IMN,1977,-0.339
96,Isle of Man,IMN,1978,0.209
96,Isle of Man,IMN,1979,-0.777
96,Isle of Man,IMN,1980,-0.031
96,Isle of Man,IMN,1981,0.292
96,Isle of Man,IMN,1982,0.076
96,Isle of Man,IMN,1983,0.381
96,Isle of Man,IMN,1984,0.356
96,Isle of Man,IMN,1985,-0.489
96,Isle of Man,IMN,1986,-0.684
96,Isle of Man,IMN,1987,-0.222
96,Isle of Man,IMN,1988,0.27
96,Isle of Man,IMN,1989,1.105
96,Isle of Man,IMN,1990,0.913
96,Isle of Man,IMN,1991,0.178
96,Isle of Man,IMN,1992,0.462
96,Isle of Man,IMN,1993,-0.037
96,Isle of Man,IMN,1994,0.269
96,Isle of Man,IMN,1995,1.164
96,Isle of Man,IMN,1996,-0.112
96,Isle of Man,IMN,1997,0.924
96,Isle of Man,IMN,1998,0.928
96,Isle of Man,IMN,1999,1.112
96,Isle of Man,IMN,2000,0.636
96,Isle of Man,IMN,2001,0.516
96,Isle of Man,IMN,2002,0.891
96,Isle of Man,IMN,2003,1.049
96,Isle of Man,IMN,2004,0.952
96,Isle of Man,IMN,2005,1.165
96,Isle of Man,IMN,2006,1.229
96,Isle of Man,IMN,2007,1.321
96,Isle of Man,IMN,2008,0.829
96,Isle of Man,IMN,2009,0.874
96,Isle of Man,IMN,2010,-0.111
96,Isle of Man,IMN,2011,0.681
96,Isle of Man,IMN,2012,0.61
96,Isle of Man,IMN,2013,0.428
96,Isle of Man,IMN,2014,1.515
96,Isle of Man,IMN,2015,0.441
96,Isle of Man,IMN,2016,1.118
96,Isle of Man,IMN,2017,1.367
96,Isle of Man,IMN,2018,0.881
96,Isle of Man,IMN,2019,1.175
96,Isle of Man,IMN,2020,1.199
96,Isle of Man,IMN,2021,1.02
96,Isle of Man,IMN,2022,1.84
97,Israel,ISR,1961,-0.106
97,Israel,ISR,1962,0.826
97,Israel,ISR,1963,0.842
97,Israel,ISR,1964,-0.622
97,Israel,ISR,1965,-0.031
97,Israel,ISR,1966,0.61
97,Israel,ISR,1967,-0.928
97,Israel,ISR,1968,-0.118
97,Israel,ISR,1969,0.238
97,Israel,ISR,1970,0.184
97,Israel,ISR,1971,-0.353
97,Israel,ISR,1972,-0.513
97,Israel,ISR,1973,-0.481
97,Israel,ISR,1974,-0.26
97,Israel,ISR,1975,-0.414
97,Israel,ISR,1976,-0.577
97,Israel,ISR,1977,0.005
97,Israel,ISR,1978,-0.079
97,Israel,ISR,1979,0.607
97,Israel,ISR,1980,-0.202
97,Israel,ISR,1981,-0.213
97,Israel,ISR,1982,-0.564
97,Israel,ISR,1983,-1.066
97,Israel,ISR,1984,-0.209
97,Israel,ISR,1985,0.01
97,Israel,ISR,1986,0.056
97,Israel,ISR,1987,-0.283
97,Israel,ISR,1988,0.037
97,Israel,ISR,1989,-0.174
97,Israel,ISR,1990,-0.112
97,Israel,ISR,1991,0.393
97,Israel,ISR,1992,-1.037
97,Israel,ISR,1993,-0.368
97,Israel,ISR,1994,0.796
97,Israel,ISR,1995,-0.153
97,Israel,ISR,1996,0.342
97,Israel,ISR,1997,-0.118
97,Israel,ISR,1998,0.892
97,Israel,ISR,1999,0.894
97,Israel,ISR,2000,0.25
97,Israel,ISR,2001,0.855
97,Israel,ISR,2002,0.729
97,Israel,ISR,2003,0.559
97,Israel,ISR,2004,0.556
97,Israel,ISR,2005,0.199
97,Israel,ISR,2006,0.593
97,Israel,ISR,2007,0.521
97,Israel,ISR,2008,0.724
97,Israel,ISR,2009,0.824
97,Israel,ISR,2010,2.321
97,Israel,ISR,2011,0.578
97,Israel,ISR,2012,1.035
97,Israel,ISR,2013,1.108
97,Israel,ISR,2014,0.871
97,Israel,ISR,2015,1.331
97,Israel,ISR,2016,1.607
97,Israel,ISR,2017,0.735
97,Israel,ISR,2018,2.003
97,Israel,ISR,2019,1.212
97,Israel,ISR,2020,1.451
97,Israel,ISR,2021,1.786
97,Israel,ISR,2022,1.079
98,Italy,ITA,1961,0.805
98,Italy,ITA,1962,0.025
98,Italy,ITA,1963,-0.365
98,Italy,ITA,1964,0.131
98,Italy,ITA,1965,-0.431
98,Italy,ITA,1966,0.307
98,Italy,ITA,1967,0.301
98,Italy,ITA,1968,0.011
98,Italy,ITA,1969,-0.107
98,Italy,ITA,1970,-0.153
98,Italy,ITA,1971,-0.149
98,Italy,ITA,1972,-0.132
98,Italy,ITA,1973,0.034
98,Italy,ITA,1974,-0.115
98,Italy,ITA,1975,0.075
98,Italy,ITA,1976,-0.32
98,Italy,ITA,1977,0.283
98,Italy,ITA,1978,-0.537
98,Italy,ITA,1979,0.022
98,Italy,ITA,1980,-0.421
98,Italy,ITA,1981,-0.279
98,Italy,ITA,1982,0.511
98,Italy,ITA,1983,0.384
98,Italy,ITA,1984,-0.468
98,Italy,ITA,1985,0.117
98,Italy,ITA,1986,0.436
98,Italy,ITA,1987,0.192
98,Italy,ITA,1988,0.842
98,Italy,ITA,1989,0.417
98,Italy,ITA,1990,1.132
98,Italy,ITA,1991,0.029
98,Italy,ITA,1992,0.542
98,Italy,ITA,1993,0.527
98,Italy,ITA,1994,1.513
98,Italy,ITA,1995,0.418
98,Italy,ITA,1996,0.233
98,Italy,ITA,1997,0.931
98,Italy,ITA,1998,0.969
98,Italy,ITA,1999,0.918
98,Italy,ITA,2000,1.243
98,Italy,ITA,2001,1.533
98,Italy,ITA,2002,0.913
98,Italy,ITA,2003,1.526
98,Italy,ITA,2004,0.746
98,Italy,ITA,2005,0.563
98,Italy,ITA,2006,0.84
98,Italy,ITA,2007,1.552
98,Italy,ITA,2008,1.133
98,Italy,ITA,2009,1.234
98,Italy,ITA,2010,0.755
98,Italy,ITA,2011,1.253
98,Italy,ITA,2012,1.543
98,Italy,ITA,2013,1.006
98,Italy,ITA,2014,1.638
98,Italy,ITA,2015,1.704
98,Italy,ITA,2016,1.716
98,Italy,ITA,2017,1.606
98,Italy,ITA,2018,1.834
98,Italy,ITA,2019,1.698
98,Italy,ITA,2020,1.902
98,Italy,ITA,2021,1.569
98,Italy,ITA,2022,2.135
99,Jamaica,JAM,1961,-0.021
99,Jamaica,JAM,1962,-0.038
99,Jamaica,JAM,1963,-0.116
99,Jamaica,JAM,1964,-0.042
99,Jamaica,JAM,1965,-0.219
99,Jamaica,JAM,1966,0.014
99,Jamaica,JAM,1967,-0.214
99,Jamaica,JAM,1968,-0.132
99,Jamaica,JAM,1969,0.238
99,Jamaica,JAM,1970,-0.241
99,Jamaica,JAM,1971,-0.361
99,Jamaica,JAM,1972,0.0
99,Jamaica,JAM,1973,0.309
99,Jamaica,JAM,1974,0.151
99,Jamaica,JAM,1975,0.246
99,Jamaica,JAM,1976,-0.325
99,Jamaica,JAM,1980,0.604
99,Jamaica,JAM,1981,0.852
99,Jamaica,JAM,1982,0.285
99,Jamaica,JAM,1983,0.598
99,Jamaica,JAM,1984,0.178
99,Jamaica,JAM,1985,0.205
99,Jamaica,JAM,1986,0.223
99,Jamaica,JAM,1987,1.093
99,Jamaica,JAM,1988,0.949
99,Jamaica,JAM,1989,0.534
99,Jamaica,JAM,1990,0.56
99,Jamaica,JAM,1991,0.617
99,Jamaica,JAM,1992,0.93
99,Jamaica,JAM,1993,0.607
99,Jamaica,JAM,1994,1.097
99,Jamaica,JAM,1995,1.062
99,Jamaica,JAM,1996,0.531
99,Jamaica,JAM,1997,0.99
99,Jamaica,JAM,1998,1.395
99,Jamaica,JAM,1999,0.753
99,Jamaica,JAM,2000,0.408
99,Jamaica,JAM,2001,0.661
99,Jamaica,JAM,2002,0.943
99,Jamaica,JAM,2003,1.119
99,Jamaica,JAM,2004,0.95
99,Jamaica,JAM,2005,1.037
99,Jamaica,JAM,2006,1.029
99,Jamaica,JAM,2007,0.939
99,Jamaica,JAM,2008,0.551
99,Jamaica,JAM,2009,0.819
99,Jamaica,JAM,2010,1.183
99,Jamaica,JAM,2011,0.578
99,Jamaica,JAM,2012,0.719
99,Jamaica,JAM,2013,0.988
99,Jamaica,JAM,2014,1.212
99,Jamaica,JAM,2015,1.401
99,Jamaica,JAM,2016,1.395
99,Jamaica,JAM,2017,1.076
99,Jamaica,JAM,2018,1.249
99,Jamaica,JAM,2019,1.524
99,Jamaica,JAM,2020,1.623
99,Jamaica,JAM,2021,1.267
99,Jamaica,JAM,2022,1.14
100,Japan,JPN,1961,0.668
100,Japan,JPN,1962,0.125
100,Japan,JPN,1963,-0.053
100,Japan,JPN,1964,0.266
100,Japan,JPN,1965,-0.519
100,Japan,JPN,1966,0.019
100,Japan,JPN,1967,0.034
100,Japan,JPN,1968,-0.498
100,Japan,JPN,1969,-0.049
100,Japan,JPN,1970,-0.381
100,Japan,JPN,1971,-0.334
100,Japan,JPN,1972,0.227
100,Japan,JPN,1973,0.325
100,Japan,JPN,1974,-0.488
100,Japan,JPN,1975,0.041
100,Japan,JPN,1976,-0.506
100,Japan,JPN,1977,-0.154
100,Japan,JPN,1978,0.232
100,Japan,JPN,1979,0.458
100,Japan,JPN,1980,-0.206
100,Japan,JPN,1981,-0.631
100,Japan,JPN,1982,-0.041
100,Japan,JPN,1983,0.107
100,Japan,JPN,1984,-0.605
100,Japan,JPN,1985,0.13
100,Japan,JPN,1986,-0.686
100,Japan,JPN,1987,0.326
100,Japan,JPN,1988,-0.154
100,Japan,JPN,1989,0.556
100,Japan,JPN,1990,1.132
100,Japan,JPN,1991,0.726
100,Japan,JPN,1992,0.333
100,Japan,JPN,1993,0.012
100,Japan,JPN,1994,0.965
100,Japan,JPN,1995,0.348
100,Japan,JPN,1996,-0.127
100,Japan,JPN,1997,0.454
100,Japan,JPN,1998,1.199
100,Japan,JPN,1999,0.948
100,Japan,JPN,2000,0.636
100,Japan,JPN,2001,0.418
100,Japan,JPN,2002,0.63
100,Japan,JPN,2003,0.326
100,Japan,JPN,2004,1.116
100,Japan,JPN,2005,0.737
100,Japan,JPN,2006,0.39
100,Japan,JPN,2007,1.004
100,Japan,JPN,2008,0.671
100,Japan,JPN,2009,0.801
100,Japan,JPN,2010,0.922
100,Japan,JPN,2011,0.596
100,Japan,JPN,2012,0.395
100,Japan,JPN,2013,0.628
100,Japan,JPN,2014,0.56
100,Japan,JPN,2015,0.833
100,Japan,JPN,2016,1.323
100,Japan,JPN,2017,0.796
100,Japan,JPN,2018,0.926
100,Japan,JPN,2019,1.272
100,Japan,JPN,2020,1.437
100,Japan,JPN,2021,1.27
100,Japan,JPN,2022,1.335
101,Jordan,JOR,1961,-0.189
101,Jordan,JOR,1962,0.983
101,Jordan,JOR,1963,0.784
101,Jordan,JOR,1964,-0.655
101,Jordan,JOR,1965,-0.005
101,Jordan,JOR,1966,0.742
101,Jordan,JOR,1967,-1.048
101,Jordan,JOR,1968,-0.129
101,Jordan,JOR,1969,0.383
101,Jordan,JOR,1970,0.196
101,Jordan,JOR,1971,-0.405
101,Jordan,JOR,1972,-0.626
101,Jordan,JOR,1973,-0.491
101,Jordan,JOR,1974,-0.334
101,Jordan,JOR,1975,-0.507
101,Jordan,JOR,1976,-0.726
101,Jordan,JOR,1977,-0.001
101,Jordan,JOR,1978,-0.005
101,Jordan,JOR,1979,0.77
101,Jordan,JOR,1980,-0.113
101,Jordan,JOR,1981,-0.158
101,Jordan,JOR,1982,-0.682
101,Jordan,JOR,1983,-1.071
101,Jordan,JOR,1984,-0.227
101,Jordan,JOR,1985,-0.009
101,Jordan,JOR,1986,0.069
101,Jordan,JOR,1987,-0.122
101,Jordan,JOR,1988,0.03
101,Jordan,JOR,1989,-0.065
101,Jordan,JOR,1990,-0.03
101,Jordan,JOR,1991,0.521
101,Jordan,JOR,1992,-1.11
101,Jordan,JOR,1993,-0.503
101,Jordan,JOR,1994,0.941
101,Jordan,JOR,1995,-0.047
101,Jordan,JOR,1996,0.487
101,Jordan,JOR,1997,-0.176
101,Jordan,JOR,1998,1.023
101,Jordan,JOR,1999,1.052
101,Jordan,JOR,2000,0.375
101,Jordan,JOR,2001,0.983
101,Jordan,JOR,2002,0.666
101,Jordan,JOR,2003,0.498
101,Jordan,JOR,2004,0.62
101,Jordan,JOR,2005,0.103
101,Jordan,JOR,2006,0.752
101,Jordan,JOR,2007,0.516
101,Jordan,JOR,2008,0.732
101,Jordan,JOR,2009,0.549
101,Jordan,JOR,2010,2.625
101,Jordan,JOR,2011,0.506
101,Jordan,JOR,2012,1.067
101,Jordan,JOR,2013,1.002
101,Jordan,JOR,2014,0.787
101,Jordan,JOR,2015,1.429
101,Jordan,JOR,2016,1.641
101,Jordan,JOR,2017,0.92
101,Jordan,JOR,2018,1.972
101,Jordan,JOR,2019,1.281
101,Jordan,JOR,2020,1.617
101,Jordan,JOR,2021,1.923
101,Jordan,JOR,2022,1.358
102,"Kazakhstan, Rep. of",KAZ,1992,0.287
102,"Kazakhstan, Rep. of",KAZ,1993,-0.377
102,"Kazakhstan, Rep. of",KAZ,1994,-0.052
102,"Kazakhstan, Rep. of",KAZ,1995,2.034
102,"Kazakhstan, Rep. of",KAZ,1996,-0.408
102,"Kazakhstan, Rep. of",KAZ,1997,1.889
102,"Kazakhstan, Rep. of",KAZ,1998,0.494
102,"Kazakhstan, Rep. of",KAZ,1999,1.377
102,"Kazakhstan, Rep. of",KAZ,2000,1.502
102,"Kazakhstan, Rep. of",KAZ,2001,1.655
102,"Kazakhstan, Rep. of",KAZ,2002,2.255
102,"Kazakhstan, Rep. of",KAZ,2003,0.13
102,"Kazakhstan, Rep. of",KAZ,2004,2.15
102,"Kazakhstan, Rep. of",KAZ,2005,1.551
102,"Kazakhstan, Rep. of",KAZ,2006,1.442
102,"Kazakhstan, Rep. of",KAZ,2007,2.197
102,"Kazakhstan, Rep. of",KAZ,2008,1.549
102,"Kazakhstan, Rep. of",KAZ,2009,1.195
102,"Kazakhstan, Rep. of",KAZ,2010,1.306
102,"Kazakhstan, Rep. of",KAZ,2011,0.746
102,"Kazakhstan, Rep. of",KAZ,2012,1.151
102,"Kazakhstan, Rep. of",KAZ,2013,1.621
102,"Kazakhstan, Rep. of",KAZ,2014,0.673
102,"Kazakhstan, Rep. of",KAZ,2015,1.609
102,"Kazakhstan, Rep. of",KAZ,2016,2.24
102,"Kazakhstan, Rep. of",KAZ,2017,1.757
102,"Kazakhstan, Rep. of",KAZ,2018,0.641
102,"Kazakhstan, Rep. of",KAZ,2019,1.487
102,"Kazakhstan, Rep. of",KAZ,2020,2.853
102,"Kazakhstan, Rep. of",KAZ,2021,1.465
102,"Kazakhstan, Rep. of",KAZ,2022,2.712
103,Kenya,KEN,1961,0.258
103,Kenya,KEN,1962,-0.242
103,Kenya,KEN,1963,-0.191
103,Kenya,KEN,1964,-0.442
103,Kenya,KEN,1965,-0.299
103,Kenya,KEN,1966,0.062
103,Kenya,KEN,1967,-0.064
103,Kenya,KEN,1968,-0.641
103,Kenya,KEN,1969,0.086
103,Kenya,KEN,1970,0.181
103,Kenya,KEN,1971,-0.272
103,Kenya,KEN,1972,0.216
103,Kenya,KEN,1973,0.535
103,Kenya,KEN,1974,-0.069
103,Kenya,KEN,1975,-0.067
103,Kenya,KEN,1976,0.229
103,Kenya,KEN,1977,0.216
103,Kenya,KEN,1978,-0.023
103,Kenya,KEN,1979,0.055
103,Kenya,KEN,1980,0.561
103,Kenya,KEN,1981,0.183
103,Kenya,KEN,1982,0.297
103,Kenya,KEN,1983,0.609
103,Kenya,KEN,1984,0.173
103,Kenya,KEN,1985,-0.057
103,Kenya,KEN,1986,0.133
103,Kenya,KEN,1987,0.73
103,Kenya,KEN,1988,0.589
103,Kenya,KEN,1989,-0.208
103,Kenya,KEN,1990,-0.05
103,Kenya,KEN,1991,0.258
103,Kenya,KEN,1992,0.406
103,Kenya,KEN,1993,0.048
103,Kenya,KEN,1994,0.488
103,Kenya,KEN,1995,0.356
103,Kenya,KEN,1996,0.366
103,Kenya,KEN,1997,0.415
103,Kenya,KEN,1998,0.25
103,Kenya,KEN,1999,0.24
103,Kenya,KEN,2000,0.521
103,Kenya,KEN,2001,0.602
103,Kenya,KEN,2002,0.734
103,Kenya,KEN,2003,0.879
103,Kenya,KEN,2004,0.648
103,Kenya,KEN,2005,0.762
103,Kenya,KEN,2006,0.89
103,Kenya,KEN,2007,0.634
103,Kenya,KEN,2008,0.824
103,Kenya,KEN,2009,1.293
103,Kenya,KEN,2010,1.106
103,Kenya,KEN,2011,1.137
103,Kenya,KEN,2012,1.026
103,Kenya,KEN,2013,0.93
103,Kenya,KEN,2014,1.024
103,Kenya,KEN,2015,1.164
103,Kenya,KEN,2016,1.237
103,Kenya,KEN,2017,1.5
103,Kenya,KEN,2018,0.675
103,Kenya,KEN,2019,1.624
103,Kenya,KEN,2020,1.344
103,Kenya,KEN,2021,1.421
103,Kenya,KEN,2022,1.28
104,Kiribati,KIR,1961,-0.038
104,Kiribati,KIR,1962,-0.132
104,Kiribati,KIR,1963,-0.073
104,Kiribati,KIR,1964,-0.177
104,Kiribati,KIR,1965,-0.347
104,Kiribati,KIR,1966,-0.025
104,Kiribati,KIR,1967,-0.037
104,Kiribati,KIR,1968,-0.014
104,Kiribati,KIR,1969,0.362
104,Kiribati,KIR,1970,0.111
104,Kiribati,KIR,1971,-0.442
104,Kiribati,KIR,1972,-0.294
104,Kiribati,KIR,1973,0.145
104,Kiribati,KIR,1974,-0.144
104,Kiribati,KIR,1975,-0.225
104,Kiribati,KIR,1976,-0.218
104,Kiribati,KIR,1977,0.145
104,Kiribati,KIR,1978,0.247
104,Kiribati,KIR,1979,0.171
104,Kiribati,KIR,1980,0.214
104,Kiribati,KIR,1981,0.253
104,Kiribati,KIR,1982,0.179
104,Kiribati,KIR,1983,0.122
104,Kiribati,KIR,1984,-0.138
104,Kiribati,KIR,1985,0.062
104,Kiribati,KIR,1986,0.328
104,Kiribati,KIR,1987,0.11
104,Kiribati,KIR,1988,0.073
104,Kiribati,KIR,1989,-0.203
104,Kiribati,KIR,1990,0.222
104,Kiribati,KIR,1991,0.251
104,Kiribati,KIR,1992,0.144
104,Kiribati,KIR,1993,-0.192
104,Kiribati,KIR,1994,0.096
104,Kiribati,KIR,1995,0.404
104,Kiribati,KIR,1996,0.291
104,Kiribati,KIR,1997,0.087
104,Kiribati,KIR,1998,0.498
104,Kiribati,KIR,1999,-0.142
104,Kiribati,KIR,2000,0.125
104,Kiribati,KIR,2001,0.406
104,Kiribati,KIR,2002,0.508
104,Kiribati,KIR,2003,0.591
104,Kiribati,KIR,2006,0.571
104,Kiribati,KIR,2007,0.547
104,Kiribati,KIR,2008,0.25
104,Kiribati,KIR,2009,0.603
104,Kiribati,KIR,2010,0.312
104,Kiribati,KIR,2011,0.328
104,Kiribati,KIR,2012,0.428
104,Kiribati,KIR,2013,0.628
104,Kiribati,KIR,2014,0.768
104,Kiribati,KIR,2015,0.902
104,Kiribati,KIR,2016,1.229
104,Kiribati,KIR,2017,1.041
104,Kiribati,KIR,2018,0.947
104,Kiribati,KIR,2019,0.949
104,Kiribati,KIR,2020,1.425
105,"Korea, Dem. People's Rep. of",PRK,1961,0.495
105,"Korea, Dem. People's Rep. of",PRK,1962,-0.055
105,"Korea, Dem. People's Rep. of",PRK,1963,-0.105
105,"Korea, Dem. People's Rep. of",PRK,1964,0.238
105,"Korea, Dem. People's Rep. of",PRK,1965,-0.208
105,"Korea, Dem. People's Rep. of",PRK,1966,-0.065
105,"Korea, Dem. People's Rep. of",PRK,1967,0.165
105,"Korea, Dem. People's Rep. of",PRK,1968,-0.467
105,"Korea, Dem. People's Rep. of",PRK,1969,-0.455
105,"Korea, Dem. People's Rep. of",PRK,1970,-0.379
105,"Korea, Dem. People's Rep. of",PRK,1971,-0.282
105,"Korea, Dem. People's Rep. of",PRK,1972,-0.171
105,"Korea, Dem. People's Rep. of",PRK,1973,0.614
105,"Korea, Dem. People's Rep. of",PRK,1974,-0.486
105,"Korea, Dem. People's Rep. of",PRK,1975,0.909
105,"Korea, Dem. People's Rep. of",PRK,1976,-0.343
105,"Korea, Dem. People's Rep. of",PRK,1977,0.168
105,"Korea, Dem. People's Rep. of",PRK,1978,0.665
105,"Korea, Dem. People's Rep. of",PRK,1979,0.619
105,"Korea, Dem. People's Rep. of",PRK,1980,0.004
105,"Korea, Dem. People's Rep. of",PRK,1981,-0.597
105,"Korea, Dem. People's Rep. of",PRK,1982,0.911
105,"Korea, Dem. People's Rep. of",PRK,1983,0.598
105,"Korea, Dem. People's Rep. of",PRK,1984,-0.145
105,"Korea, Dem. People's Rep. of",PRK,1985,0.152
105,"Korea, Dem. People's Rep. of",PRK,1986,-0.702
105,"Korea, Dem. People's Rep. of",PRK,1987,0.231
105,"Korea, Dem. People's Rep. of",PRK,1988,0.562
105,"Korea, Dem. People's Rep. of",PRK,1989,1.235
105,"Korea, Dem. People's Rep. of",PRK,1990,1.329
105,"Korea, Dem. People's Rep. of",PRK,1991,0.604
105,"Korea, Dem. People's Rep. of",PRK,1992,0.778
105,"Korea, Dem. People's Rep. of",PRK,1993,0.577
105,"Korea, Dem. People's Rep. of",PRK,1994,1.355
105,"Korea, Dem. People's Rep. of",PRK,1995,0.694
105,"Korea, Dem. People's Rep. of",PRK,1996,0.276
105,"Korea, Dem. People's Rep. of",PRK,1997,0.991
105,"Korea, Dem. People's Rep. of",PRK,1998,1.776
105,"Korea, Dem. People's Rep. of",PRK,1999,1.382
105,"Korea, Dem. People's Rep. of",PRK,2000,0.594
105,"Korea, Dem. People's Rep. of",PRK,2001,0.859
105,"Korea, Dem. People's Rep. of",PRK,2002,0.844
105,"Korea, Dem. People's Rep. of",PRK,2003,0.926
105,"Korea, Dem. People's Rep. of",PRK,2004,1.576
105,"Korea, Dem. People's Rep. of",PRK,2005,0.847
105,"Korea, Dem. People's Rep. of",PRK,2006,0.694
105,"Korea, Dem. People's Rep. of",PRK,2007,1.605
105,"Korea, Dem. People's Rep. of",PRK,2008,1.525
105,"Korea, Dem. People's Rep. of",PRK,2009,1.064
105,"Korea, Dem. People's Rep. of",PRK,2010,0.384
105,"Korea, Dem. People's Rep. of",PRK,2011,0.523
105,"Korea, Dem. People's Rep. of",PRK,2012,0.419
105,"Korea, Dem. People's Rep. of",PRK,2013,0.304
105,"Korea, Dem. People's Rep. of",PRK,2014,1.518
105,"Korea, Dem. People's Rep. of",PRK,2015,1.217
105,"Korea, Dem. People's Rep. of",PRK,2016,1.419
105,"Korea, Dem. People's Rep. of",PRK,2017,1.593
105,"Korea, Dem. People's Rep. of",PRK,2018,0.863
105,"Korea, Dem. People's Rep. of",PRK,2019,1.826
105,"Korea, Dem. People's Rep. of",PRK,2020,1.864
105,"Korea, Dem. People's Rep. of",PRK,2021,1.857
105,"Korea, Dem. People's Rep. of",PRK,2022,1.61
106,"Korea, Rep. of",KOR,1961,0.637
106,"Korea, Rep. of",KOR,1962,-0.094
106,"Korea, Rep. of",KOR,1963,-0.472
106,"Korea, Rep. of",KOR,1964,0.608
106,"Korea, Rep. of",KOR,1965,-0.178
106,"Korea, Rep. of",KOR,1966,0.099
106,"Korea, Rep. of",KOR,1967,0.17
106,"Korea, Rep. of",KOR,1968,-0.678
106,"Korea, Rep. of",KOR,1969,-0.288
106,"Korea, Rep. of",KOR,1970,-0.491
106,"Korea, Rep. of",KOR,1971,-0.193
106,"Korea, Rep. of",KOR,1972,-0.08
106,"Korea, Rep. of",KOR,1973,0.516
106,"Korea, Rep. of",KOR,1974,-0.808
106,"Korea, Rep. of",KOR,1975,0.571
106,"Korea, Rep. of",KOR,1976,-0.493
106,"Korea, Rep. of",KOR,1977,0.121
106,"Korea, Rep. of",KOR,1978,0.788
106,"Korea, Rep. of",KOR,1979,0.596
106,"Korea, Rep. of",KOR,1980,-0.465
106,"Korea, Rep. of",KOR,1981,-0.767
106,"Korea, Rep. of",KOR,1982,0.42
106,"Korea, Rep. of",KOR,1983,0.456
106,"Korea, Rep. of",KOR,1984,-0.282
106,"Korea, Rep. of",KOR,1985,0.262
106,"Korea, Rep. of",KOR,1986,-0.765
106,"Korea, Rep. of",KOR,1987,0.374
106,"Korea, Rep. of",KOR,1988,0.255
106,"Korea, Rep. of",KOR,1989,0.78
106,"Korea, Rep. of",KOR,1990,1.229
106,"Korea, Rep. of",KOR,1991,0.28
106,"Korea, Rep. of",KOR,1992,0.621
106,"Korea, Rep. of",KOR,1993,0.04
106,"Korea, Rep. of",KOR,1994,1.249
106,"Korea, Rep. of",KOR,1995,0.418
106,"Korea, Rep. of",KOR,1996,-0.019
106,"Korea, Rep. of",KOR,1997,0.737
106,"Korea, Rep. of",KOR,1998,1.47
106,"Korea, Rep. of",KOR,1999,1.032
106,"Korea, Rep. of",KOR,2000,0.414
106,"Korea, Rep. of",KOR,2001,0.893
106,"Korea, Rep. of",KOR,2002,0.65
106,"Korea, Rep. of",KOR,2003,0.618
106,"Korea, Rep. of",KOR,2004,1.185
106,"Korea, Rep. of",KOR,2005,0.918
106,"Korea, Rep. of",KOR,2006,0.478
106,"Korea, Rep. of",KOR,2007,1.237
106,"Korea, Rep. of",KOR,2008,0.946
106,"Korea, Rep. of",KOR,2009,0.95
106,"Korea, Rep. of",KOR,2010,0.498
106,"Korea, Rep. of",KOR,2011,0.31
106,"Korea, Rep. of",KOR,2012,0.402
106,"Korea, Rep. of",KOR,2013,0.519
106,"Korea, Rep. of",KOR,2014,0.987
106,"Korea, Rep. of",KOR,2015,0.944
106,"Korea, Rep. of",KOR,2016,1.637
106,"Korea, Rep. of",KOR,2017,1.459
106,"Korea, Rep. of",KOR,2018,0.966
106,"Korea, Rep. of",KOR,2019,1.485
106,"Korea, Rep. of",KOR,2020,1.551
106,"Korea, Rep. of",KOR,2021,1.762
106,"Korea, Rep. of",KOR,2022,1.659
107,Kuwait,KWT,1961,-0.225
107,Kuwait,KWT,1962,0.8
107,Kuwait,KWT,1963,0.485
107,Kuwait,KWT,1964,-0.781
107,Kuwait,KWT,1965,0.051
107,Kuwait,KWT,1966,0.776
107,Kuwait,KWT,1967,-0.621
107,Kuwait,KWT,1968,-0.253
107,Kuwait,KWT,1969,0.375
107,Kuwait,KWT,1970,0.514
107,Kuwait,KWT,1971,-0.178
107,Kuwait,KWT,1972,-0.766
107,Kuwait,KWT,1973,-0.274
107,Kuwait,KWT,1974,-0.341
107,Kuwait,KWT,1975,-0.254
107,Kuwait,KWT,1976,-0.649
107,Kuwait,KWT,1977,0.366
107,Kuwait,KWT,1978,0.036
107,Kuwait,KWT,1979,1.291
107,Kuwait,KWT,1980,0.497
107,Kuwait,KWT,1981,0.418
107,Kuwait,KWT,1982,-0.142
107,Kuwait,KWT,1983,-0.622
107,Kuwait,KWT,1984,0.256
107,Kuwait,KWT,1985,0.003
107,Kuwait,KWT,1986,0.467
107,Kuwait,KWT,1987,0.723
107,Kuwait,KWT,1988,0.449
107,Kuwait,KWT,1989,0.141
107,Kuwait,KWT,1990,0.396
107,Kuwait,KWT,1991,0.535
107,Kuwait,KWT,1992,-0.523
107,Kuwait,KWT,1993,-0.095
107,Kuwait,KWT,1994,0.993
107,Kuwait,KWT,1995,0.217
107,Kuwait,KWT,1996,0.929
107,Kuwait,KWT,1997,0.528
107,Kuwait,KWT,1998,1.346
107,Kuwait,KWT,1999,2.064
107,Kuwait,KWT,2000,1.28
107,Kuwait,KWT,2001,1.27
107,Kuwait,KWT,2002,1.604
107,Kuwait,KWT,2003,1.564
107,Kuwait,KWT,2004,1.519
107,Kuwait,KWT,2005,0.724
107,Kuwait,KWT,2006,1.911
107,Kuwait,KWT,2007,1.085
107,Kuwait,KWT,2008,1.434
107,Kuwait,KWT,2009,1.323
107,Kuwait,KWT,2010,2.602
107,Kuwait,KWT,2011,1.373
107,Kuwait,KWT,2012,1.562
107,Kuwait,KWT,2013,1.349
107,Kuwait,KWT,2014,1.451
107,Kuwait,KWT,2015,2.104
107,Kuwait,KWT,2016,1.695
107,Kuwait,KWT,2017,1.962
107,Kuwait,KWT,2018,2.358
107,Kuwait,KWT,2019,1.895
107,Kuwait,KWT,2020,1.975
107,Kuwait,KWT,2021,2.676
107,Kuwait,KWT,2022,2.275
108,Kyrgyz Rep.,KGZ,1992,0.093
108,Kyrgyz Rep.,KGZ,1993,-0.068
108,Kyrgyz Rep.,KGZ,1994,0.309
108,Kyrgyz Rep.,KGZ,1995,0.495
108,Kyrgyz Rep.,KGZ,1996,-0.382
108,Kyrgyz Rep.,KGZ,1997,1.467
108,Kyrgyz Rep.,KGZ,1998,0.84
108,Kyrgyz Rep.,KGZ,1999,1.112
108,Kyrgyz Rep.,KGZ,2000,1.131
108,Kyrgyz Rep.,KGZ,2001,1.503
108,Kyrgyz Rep.,KGZ,2002,1.481
108,Kyrgyz Rep.,KGZ,2003,0.494
108,Kyrgyz Rep.,KGZ,2004,1.569
108,Kyrgyz Rep.,KGZ,2005,1.21
108,Kyrgyz Rep.,KGZ,2006,1.677
108,Kyrgyz Rep.,KGZ,2007,1.743
108,Kyrgyz Rep.,KGZ,2008,1.035
108,Kyrgyz Rep.,KGZ,2009,1.027
108,Kyrgyz Rep.,KGZ,2010,1.402
108,Kyrgyz Rep.,KGZ,2011,1.27
108,Kyrgyz Rep.,KGZ,2012,0.353
108,Kyrgyz Rep.,KGZ,2013,1.428
108,Kyrgyz Rep.,KGZ,2014,0.541
108,Kyrgyz Rep.,KGZ,2015,1.546
108,Kyrgyz Rep.,KGZ,2016,1.898
108,Kyrgyz Rep.,KGZ,2017,1.478
108,Kyrgyz Rep.,KGZ,2018,1.28
108,Kyrgyz Rep.,KGZ,2019,1.679
108,Kyrgyz Rep.,KGZ,2020,1.427
108,Kyrgyz Rep.,KGZ,2021,1.417
108,Kyrgyz Rep.,KGZ,2022,2.619
109,Lao People's Dem. Rep.,LAO,1961,0.049
109,Lao People's Dem. Rep.,LAO,1962,-0.271
109,Lao People's Dem. Rep.,LAO,1963,-0.412
109,Lao People's Dem. Rep.,LAO,1964,-0.077
109,Lao People's Dem. Rep.,LAO,1965,-0.176
109,Lao People's Dem. Rep.,LAO,1966,0.453
109,Lao People's Dem. Rep.,LAO,1967,-0.123
109,Lao People's Dem. Rep.,LAO,1968,-0.128
109,Lao People's Dem. Rep.,LAO,1969,0.514
109,Lao People's Dem. Rep.,LAO,1970,-0.021
109,Lao People's Dem. Rep.,LAO,1971,-0.442
109,Lao People's Dem. Rep.,LAO,1972,-0.002
109,Lao People's Dem. Rep.,LAO,1973,0.48
109,Lao People's Dem. Rep.,LAO,1974,-0.405
109,Lao People's Dem. Rep.,LAO,1975,0.265
109,Lao People's Dem. Rep.,LAO,1976,-0.49
109,Lao People's Dem. Rep.,LAO,1977,0.018
109,Lao People's Dem. Rep.,LAO,1978,0.193
109,Lao People's Dem. Rep.,LAO,1979,0.538
109,Lao People's Dem. Rep.,LAO,1980,0.512
109,Lao People's Dem. Rep.,LAO,1981,0.486
109,Lao People's Dem. Rep.,LAO,1982,0.217
109,Lao People's Dem. Rep.,LAO,1983,0.321
109,Lao People's Dem. Rep.,LAO,1984,0.129
109,Lao People's Dem. Rep.,LAO,1985,0.321
109,Lao People's Dem. Rep.,LAO,1986,0.079
109,Lao People's Dem. Rep.,LAO,1987,0.982
109,Lao People's Dem. Rep.,LAO,1988,0.361
109,Lao People's Dem. Rep.,LAO,1989,0.299
109,Lao People's Dem. Rep.,LAO,1990,0.487
109,Lao People's Dem. Rep.,LAO,1991,0.757
109,Lao People's Dem. Rep.,LAO,1992,0.259
109,Lao People's Dem. Rep.,LAO,1993,0.338
109,Lao People's Dem. Rep.,LAO,1994,0.464
109,Lao People's Dem. Rep.,LAO,1995,0.692
109,Lao People's Dem. Rep.,LAO,1996,0.198
109,Lao People's Dem. Rep.,LAO,1997,0.384
109,Lao People's Dem. Rep.,LAO,1998,1.485
109,Lao People's Dem. Rep.,LAO,1999,0.721
109,Lao People's Dem. Rep.,LAO,2000,0.094
109,Lao People's Dem. Rep.,LAO,2001,0.766
109,Lao People's Dem. Rep.,LAO,2002,0.664
109,Lao People's Dem. Rep.,LAO,2003,1.037
109,Lao People's Dem. Rep.,LAO,2004,0.48
109,Lao People's Dem. Rep.,LAO,2005,0.961
109,Lao People's Dem. Rep.,LAO,2006,0.929
109,Lao People's Dem. Rep.,LAO,2007,0.649
109,Lao People's Dem. Rep.,LAO,2008,0.334
109,Lao People's Dem. Rep.,LAO,2009,0.696
109,Lao People's Dem. Rep.,LAO,2010,1.431
109,Lao People's Dem. Rep.,LAO,2011,0.214
109,Lao People's Dem. Rep.,LAO,2012,1.048
109,Lao People's Dem. Rep.,LAO,2013,1.22
109,Lao People's Dem. Rep.,LAO,2014,0.837
109,Lao People's Dem. Rep.,LAO,2015,1.497
109,Lao People's Dem. Rep.,LAO,2016,1.519
109,Lao People's Dem. Rep.,LAO,2017,1.243
109,Lao People's Dem. Rep.,LAO,2018,0.955
109,Lao People's Dem. Rep.,LAO,2019,2.2
109,Lao People's Dem. Rep.,LAO,2020,1.719
109,Lao People's Dem. Rep.,LAO,2021,1.287
109,Lao People's Dem. Rep.,LAO,2022,1.112
110,Latvia,LVA,1992,1.587
110,Latvia,LVA,1993,0.401
110,Latvia,LVA,1994,0.689
110,Latvia,LVA,1995,1.626
110,Latvia,LVA,1996,-0.411
110,Latvia,LVA,1997,0.766
110,Latvia,LVA,1998,0.657
110,Latvia,LVA,1999,1.562
110,Latvia,LVA,2000,2.022
110,Latvia,LVA,2001,1.83
110,Latvia,LVA,2002,1.73
110,Latvia,LVA,2003,0.253
110,Latvia,LVA,2004,1.027
110,Latvia,LVA,2005,1.355
110,Latvia,LVA,2006,1.087
110,Latvia,LVA,2007,2.206
110,Latvia,LVA,2008,2.403
110,Latvia,LVA,2009,1.524
110,Latvia,LVA,2010,0.704
110,Latvia,LVA,2011,1.151
110,Latvia,LVA,2012,1.408
110,Latvia,LVA,2013,1.082
110,Latvia,LVA,2014,2.33
110,Latvia,LVA,2015,2.166
110,Latvia,LVA,2016,1.946
110,Latvia,LVA,2017,1.503
110,Latvia,LVA,2018,2.36
110,Latvia,LVA,2019,2.462
110,Latvia,LVA,2020,3.55
110,Latvia,LVA,2021,1.987
110,Latvia,LVA,2022,1.953
111,Lebanon,LBN,1961,0.002
111,Lebanon,LBN,1962,0.852
111,Lebanon,LBN,1963,0.749
111,Lebanon,LBN,1964,-0.719
111,Lebanon,LBN,1965,-0.09
111,Lebanon,LBN,1966,0.683
111,Lebanon,LBN,1967,-0.944
111,Lebanon,LBN,1968,-0.089
111,Lebanon,LBN,1969,0.223
111,Lebanon,LBN,1970,0.389
111,Lebanon,LBN,1971,-0.306
111,Lebanon,LBN,1972,-0.675
111,Lebanon,LBN,1973,-0.535
111,Lebanon,LBN,1974,-0.226
111,Lebanon,LBN,1975,-0.253
111,Lebanon,LBN,1976,-0.667
111,Lebanon,LBN,1977,0.094
111,Lebanon,LBN,1978,0.019
111,Lebanon,LBN,1979,0.693
111,Lebanon,LBN,1980,-0.229
111,Lebanon,LBN,1981,0.017
111,Lebanon,LBN,1982,-0.496
111,Lebanon,LBN,1983,-0.958
111,Lebanon,LBN,1984,-0.081
111,Lebanon,LBN,1985,-0.015
111,Lebanon,LBN,1986,0.233
111,Lebanon,LBN,1987,-0.229
111,Lebanon,LBN,1988,0.019
111,Lebanon,LBN,1989,0.129
111,Lebanon,LBN,1990,0.059
111,Lebanon,LBN,1991,0.411
111,Lebanon,LBN,1992,-1.017
111,Lebanon,LBN,1993,-0.433
111,Lebanon,LBN,1994,1.048
111,Lebanon,LBN,1995,0.044
111,Lebanon,LBN,1996,0.39
111,Lebanon,LBN,1997,-0.103
111,Lebanon,LBN,1998,1.001
111,Lebanon,LBN,1999,1.1
111,Lebanon,LBN,2000,0.544
111,Lebanon,LBN,2001,1.146
111,Lebanon,LBN,2002,0.833
111,Lebanon,LBN,2003,0.626
111,Lebanon,LBN,2004,0.647
111,Lebanon,LBN,2005,0.28
111,Lebanon,LBN,2006,0.72
111,Lebanon,LBN,2007,0.728
111,Lebanon,LBN,2008,0.989
111,Lebanon,LBN,2009,0.844
111,Lebanon,LBN,2010,2.353
111,Lebanon,LBN,2011,0.663
111,Lebanon,LBN,2012,1.045
111,Lebanon,LBN,2013,1.26
111,Lebanon,LBN,2014,1.051
111,Lebanon,LBN,2015,1.383
111,Lebanon,LBN,2016,1.629
111,Lebanon,LBN,2017,1.023
111,Lebanon,LBN,2018,2.154
111,Lebanon,LBN,2019,1.412
111,Lebanon,LBN,2020,1.623
111,Lebanon,LBN,2021,2.039
111,Lebanon,LBN,2022,1.29
112,"Lesotho, Kingdom of",LSO,1961,0.371
112,"Lesotho, Kingdom of",LSO,1962,0.272
112,"Lesotho, Kingdom of",LSO,1963,0.026
112,"Lesotho, Kingdom of",LSO,1964,0.007
112,"Lesotho, Kingdom of",LSO,1965,-0.078
112,"Lesotho, Kingdom of",LSO,1966,0.237
112,"Lesotho, Kingdom of",LSO,1967,-0.106
112,"Lesotho, Kingdom of",LSO,1968,-0.366
112,"Lesotho, Kingdom of",LSO,1969,0.505
112,"Lesotho, Kingdom of",LSO,1970,0.502
112,"Lesotho, Kingdom of",LSO,1971,-0.015
112,"Lesotho, Kingdom of",LSO,1972,-0.11
112,"Lesotho, Kingdom of",LSO,1973,0.119
112,"Lesotho, Kingdom of",LSO,1974,-0.108
112,"Lesotho, Kingdom of",LSO,1975,-0.153
112,"Lesotho, Kingdom of",LSO,1976,-0.422
112,"Lesotho, Kingdom of",LSO,1977,0.295
112,"Lesotho, Kingdom of",LSO,1978,0.125
112,"Lesotho, Kingdom of",LSO,1979,0.326
112,"Lesotho, Kingdom of",LSO,1980,0.19
112,"Lesotho, Kingdom of",LSO,1981,-0.262
112,"Lesotho, Kingdom of",LSO,1982,0.3
112,"Lesotho, Kingdom of",LSO,1983,1.007
112,"Lesotho, Kingdom of",LSO,1984,0.351
112,"Lesotho, Kingdom of",LSO,1985,0.812
112,"Lesotho, Kingdom of",LSO,1986,0.513
112,"Lesotho, Kingdom of",LSO,1987,0.606
112,"Lesotho, Kingdom of",LSO,1988,0.484
112,"Lesotho, Kingdom of",LSO,1989,0.017
112,"Lesotho, Kingdom of",LSO,1990,0.358
112,"Lesotho, Kingdom of",LSO,1991,0.538
112,"Lesotho, Kingdom of",LSO,1992,0.988
112,"Lesotho, Kingdom of",LSO,1993,1.042
112,"Lesotho, Kingdom of",LSO,1994,0.114
112,"Lesotho, Kingdom of",LSO,1995,0.732
112,"Lesotho, Kingdom of",LSO,1996,-0.212
112,"Lesotho, Kingdom of",LSO,1997,0.243
112,"Lesotho, Kingdom of",LSO,1998,0.93
112,"Lesotho, Kingdom of",LSO,1999,1.243
112,"Lesotho, Kingdom of",LSO,2000,0.326
112,"Lesotho, Kingdom of",LSO,2001,0.594
112,"Lesotho, Kingdom of",LSO,2002,0.621
112,"Lesotho, Kingdom of",LSO,2003,0.775
112,"Lesotho, Kingdom of",LSO,2004,0.829
112,"Lesotho, Kingdom of",LSO,2005,0.891
112,"Lesotho, Kingdom of",LSO,2006,0.358
112,"Lesotho, Kingdom of",LSO,2007,0.664
112,"Lesotho, Kingdom of",LSO,2008,0.355
112,"Lesotho, Kingdom of",LSO,2009,0.417
112,"Lesotho, Kingdom of",LSO,2010,1.025
112,"Lesotho, Kingdom of",LSO,2011,0.331
112,"Lesotho, Kingdom of",LSO,2012,0.66
112,"Lesotho, Kingdom of",LSO,2013,0.867
112,"Lesotho, Kingdom of",LSO,2014,1.091
112,"Lesotho, Kingdom of",LSO,2015,1.529
112,"Lesotho, Kingdom of",LSO,2016,2.015
112,"Lesotho, Kingdom of",LSO,2017,1.215
112,"Lesotho, Kingdom of",LSO,2018,1.101
112,"Lesotho, Kingdom of",LSO,2019,1.668
112,"Lesotho, Kingdom of",LSO,2020,0.791
112,"Lesotho, Kingdom of",LSO,2021,1.204
112,"Lesotho, Kingdom of",LSO,2022,1.372
113,Liberia,LBR,1961,-0.095
113,Liberia,LBR,1962,-0.074
113,Liberia,LBR,1963,0.154
113,Liberia,LBR,1964,-0.133
113,Liberia,LBR,1965,-0.259
113,Liberia,LBR,1966,0.05
113,Liberia,LBR,1967,-0.149
113,Liberia,LBR,1968,-0.076
113,Liberia,LBR,1969,0.147
113,Liberia,LBR,1970,0.272
113,Liberia,LBR,1971,-0.131
113,Liberia,LBR,1972,0.025
113,Liberia,LBR,1973,0.504
113,Liberia,LBR,1974,0.023
113,Liberia,LBR,1975,-0.121
113,Liberia,LBR,1976,-0.193
113,Liberia,LBR,1977,0.237
113,Liberia,LBR,1978,0.246
113,Liberia,LBR,1979,0.55
113,Liberia,LBR,1980,0.417
113,Liberia,LBR,1981,0.171
113,Liberia,LBR,1982,0.249
113,Liberia,LBR,1983,0.536
113,Liberia,LBR,1984,0.388
113,Liberia,LBR,1985,0.282
113,Liberia,LBR,1986,0.173
113,Liberia,LBR,1987,0.951
113,Liberia,LBR,1988,0.824
113,Liberia,LBR,1989,0.364
113,Liberia,LBR,1990,0.581
113,Liberia,LBR,1991,0.52
113,Liberia,LBR,1992,0.246
113,Liberia,LBR,1993,0.529
113,Liberia,LBR,1994,0.533
113,Liberia,LBR,1995,0.653
113,Liberia,LBR,1996,0.587
113,Liberia,LBR,1997,0.972
113,Liberia,LBR,1998,1.297
113,Liberia,LBR,1999,0.781
113,Liberia,LBR,2000,0.56
113,Liberia,LBR,2001,0.513
113,Liberia,LBR,2002,0.875
113,Liberia,LBR,2003,0.938
113,Liberia,LBR,2004,0.911
113,Liberia,LBR,2005,1.108
113,Liberia,LBR,2006,1.119
113,Liberia,LBR,2007,1.041
113,Liberia,LBR,2008,1.131
113,Liberia,LBR,2009,1.365
113,Liberia,LBR,2010,1.42
113,Liberia,LBR,2011,1.102
113,Liberia,LBR,2012,0.869
113,Liberia,LBR,2013,0.983
113,Liberia,LBR,2014,0.934
113,Liberia,LBR,2015,1.288
113,Liberia,LBR,2016,1.412
113,Liberia,LBR,2017,1.539
113,Liberia,LBR,2018,1.306
113,Liberia,LBR,2019,1.494
113,Liberia,LBR,2020,1.593
113,Liberia,LBR,2021,1.474
113,Liberia,LBR,2022,1.556
114,Libya,LBY,1961,-0.473
114,Libya,LBY,1962,0.208
114,Libya,LBY,1963,0.23
114,Libya,LBY,1964,-0.051
114,Libya,LBY,1965,-0.077
114,Libya,LBY,1966,0.251
114,Libya,LBY,1967,-0.557
114,Libya,LBY,1968,0.008
114,Libya,LBY,1969,0.815
114,Libya,LBY,1970,-0.223
114,Libya,LBY,1971,-0.195
114,Libya,LBY,1972,0.179
114,Libya,LBY,1973,-0.188
114,Libya,LBY,1974,-0.132
114,Libya,LBY,1975,-0.449
114,Libya,LBY,1976,-0.55
114,Libya,LBY,1977,0.246
114,Libya,LBY,1978,-0.26
114,Libya,LBY,1979,0.302
114,Libya,LBY,1980,-0.051
114,Libya,LBY,1981,0.022
114,Libya,LBY,1982,0.136
114,Libya,LBY,1983,-0.332
114,Libya,LBY,1984,-0.076
114,Libya,LBY,1985,0.099
114,Libya,LBY,1986,0.236
114,Libya,LBY,1987,0.06
114,Libya,LBY,1988,1.051
114,Libya,LBY,1989,-0.006
114,Libya,LBY,1990,0.557
114,Libya,LBY,1991,0.231
114,Libya,LBY,1992,-0.404
114,Libya,LBY,1993,0.306
114,Libya,LBY,1994,0.47
114,Libya,LBY,1995,0.344
114,Libya,LBY,1996,0.541
114,Libya,LBY,1997,0.472
114,Libya,LBY,1998,0.76
114,Libya,LBY,1999,1.248
114,Libya,LBY,2000,0.306
114,Libya,LBY,2001,1.291
114,Libya,LBY,2002,0.905
114,Libya,LBY,2003,0.95
114,Libya,LBY,2004,0.745
114,Libya,LBY,2005,0.717
114,Libya,LBY,2006,0.81
114,Libya,LBY,2007,0.86
114,Libya,LBY,2008,0.879
114,Libya,LBY,2009,0.764
114,Libya,LBY,2010,2.074
114,Libya,LBY,2011,0.819
114,Libya,LBY,2012,0.77
114,Libya,LBY,2013,1.24
114,Libya,LBY,2014,1.237
114,Libya,LBY,2015,0.711
114,Libya,LBY,2016,1.587
114,Libya,LBY,2017,0.525
114,Libya,LBY,2018,1.737
114,Libya,LBY,2019,0.92
114,Libya,LBY,2020,1.174
114,Libya,LBY,2021,1.924
114,Libya,LBY,2022,0.559
115,Liechtenstein,LIE,1961,1.052
115,Liechtenstein,LIE,1962,-0.483
115,Liechtenstein,LIE,1963,-0.775
115,Liechtenstein,LIE,1964,0.058
115,Liechtenstein,LIE,1965,-0.84
115,Liechtenstein,LIE,1966,0.407
115,Liechtenstein,LIE,1967,0.545
115,Liechtenstein,LIE,1968,0.013
115,Liechtenstein,LIE,1969,-0.015
115,Liechtenstein,LIE,1970,-0.553
115,Liechtenstein,LIE,1971,-0.078
115,Liechtenstein,LIE,1972,0.077
115,Liechtenstein,LIE,1973,-0.024
115,Liechtenstein,LIE,1974,0.177
115,Liechtenstein,LIE,1975,0.68
115,Liechtenstein,LIE,1976,0.293
115,Liechtenstein,LIE,1977,0.272
115,Liechtenstein,LIE,1978,-0.354
115,Liechtenstein,LIE,1979,-0.081
115,Liechtenstein,LIE,1980,-0.159
115,Liechtenstein,LIE,1981,0.045
115,Liechtenstein,LIE,1982,0.544
115,Liechtenstein,LIE,1983,0.942
115,Liechtenstein,LIE,1984,-0.371
115,Liechtenstein,LIE,1985,-0.336
115,Liechtenstein,LIE,1986,0.383
115,Liechtenstein,LIE,1987,-0.045
115,Liechtenstein,LIE,1988,0.929
115,Liechtenstein,LIE,1989,1.089
115,Liechtenstein,LIE,1990,1.308
115,Liechtenstein,LIE,1991,0.184
115,Liechtenstein,LIE,1992,1.09
115,Liechtenstein,LIE,1993,0.635
115,Liechtenstein,LIE,1994,1.925
115,Liechtenstein,LIE,1995,0.9
115,Liechtenstein,LIE,1996,-0.033
115,Liechtenstein,LIE,1997,0.942
115,Liechtenstein,LIE,1998,1.208
115,Liechtenstein,LIE,1999,0.979
115,Liechtenstein,LIE,2000,1.464
115,Liechtenstein,LIE,2001,1.44
115,Liechtenstein,LIE,2002,1.382
115,Liechtenstein,LIE,2003,1.67
115,Liechtenstein,LIE,2004,0.899
115,Liechtenstein,LIE,2005,0.663
115,Liechtenstein,LIE,2006,0.955
115,Liechtenstein,LIE,2007,1.931
115,Liechtenstein,LIE,2008,1.385
115,Liechtenstein,LIE,2009,1.405
115,Liechtenstein,LIE,2010,0.48
115,Liechtenstein,LIE,2011,1.657
115,Liechtenstein,LIE,2012,1.611
115,Liechtenstein,LIE,2013,0.927
115,Liechtenstein,LIE,2014,2.232
115,Liechtenstein,LIE,2015,2.046
115,Liechtenstein,LIE,2016,2.028
115,Liechtenstein,LIE,2017,1.795
115,Liechtenstein,LIE,2018,2.26
115,Liechtenstein,LIE,2019,2.079
115,Liechtenstein,LIE,2020,2.367
115,Liechtenstein,LIE,2021,1.232
115,Liechtenstein,LIE,2022,2.534
116,Lithuania,LTU,1992,1.485
116,Lithuania,LTU,1993,0.297
116,Lithuania,LTU,1994,0.947
116,Lithuania,LTU,1995,1.515
116,Lithuania,LTU,1996,-0.518
116,Lithuania,LTU,1997,0.521
116,Lithuania,LTU,1998,0.74
116,Lithuania,LTU,1999,1.49
116,Lithuania,LTU,2000,2.026
116,Lithuania,LTU,2001,1.804
116,Lithuania,LTU,2002,1.917
116,Lithuania,LTU,2003,0.182
116,Lithuania,LTU,2004,0.883
116,Lithuania,LTU,2005,1.206
116,Lithuania,LTU,2006,0.923
116,Lithuania,LTU,2007,2.196
116,Lithuania,LTU,2008,2.221
116,Lithuania,LTU,2009,1.396
116,Lithuania,LTU,2010,0.766
116,Lithuania,LTU,2011,0.957
116,Lithuania,LTU,2012,1.37
116,Lithuania,LTU,2013,0.967
116,Lithuania,LTU,2014,2.238
116,Lithuania,LTU,2015,2.095
116,Lithuania,LTU,2016,1.944
116,Lithuania,LTU,2017,1.542
116,Lithuania,LTU,2018,2.427
116,Lithuania,LTU,2019,2.642
116,Lithuania,LTU,2020,3.445
116,Lithuania,LTU,2021,1.792
116,Lithuania,LTU,2022,1.96
117,Luxembourg,LUX,2000,1.651
117,Luxembourg,LUX,2001,1.433
117,Luxembourg,LUX,2002,1.393
117,Luxembourg,LUX,2003,1.692
117,Luxembourg,LUX,2004,1.013
117,Luxembourg,LUX,2005,1.129
117,Luxembourg,LUX,2006,1.357
117,Luxembourg,LUX,2007,1.94
117,Luxembourg,LUX,2008,1.279
117,Luxembourg,LUX,2009,1.188
117,Luxembourg,LUX,2010,0.325
117,Luxembourg,LUX,2011,1.343
117,Luxembourg,LUX,2012,1.262
117,Luxembourg,LUX,2013,0.569
117,Luxembourg,LUX,2014,2.475
117,Luxembourg,LUX,2015,1.528
117,Luxembourg,LUX,2016,1.877
117,Luxembourg,LUX,2017,1.647
117,Luxembourg,LUX,2018,2.468
117,Luxembourg,LUX,2019,2.155
117,Luxembourg,LUX,2020,2.632
117,Luxembourg,LUX,2021,1.158
117,Luxembourg,LUX,2022,2.926
118,"Madagascar, Rep. of",MDG,1961,0.522
118,"Madagascar, Rep. of",MDG,1962,-0.117
118,"Madagascar, Rep. of",MDG,1963,-0.31
118,"Madagascar, Rep. of",MDG,1964,-0.397
118,"Madagascar, Rep. of",MDG,1965,-0.588
118,"Madagascar, Rep. of",MDG,1966,-0.06
118,"Madagascar, Rep. of",MDG,1967,0.308
118,"Madagascar, Rep. of",MDG,1968,-0.418
118,"Madagascar, Rep. of",MDG,1969,0.406
118,"Madagascar, Rep. of",MDG,1970,0.228
118,"Madagascar, Rep. of",MDG,1971,-0.244
118,"Madagascar, Rep. of",MDG,1972,-0.064
118,"Madagascar, Rep. of",MDG,1973,0.161
118,"Madagascar, Rep. of",MDG,1974,-0.291
118,"Madagascar, Rep. of",MDG,1975,-0.249
118,"Madagascar, Rep. of",MDG,1976,0.004
118,"Madagascar, Rep. of",MDG,1977,0.356
118,"Madagascar, Rep. of",MDG,1978,0.515
118,"Madagascar, Rep. of",MDG,1979,0.26
118,"Madagascar, Rep. of",MDG,1980,0.319
118,"Madagascar, Rep. of",MDG,1981,0.117
118,"Madagascar, Rep. of",MDG,1982,0.293
118,"Madagascar, Rep. of",MDG,1983,0.43
118,"Madagascar, Rep. of",MDG,1984,-0.1
118,"Madagascar, Rep. of",MDG,1985,0.088
118,"Madagascar, Rep. of",MDG,1986,-0.041
118,"Madagascar, Rep. of",MDG,1987,0.534
118,"Madagascar, Rep. of",MDG,1988,0.572
118,"Madagascar, Rep. of",MDG,1989,0.061
118,"Madagascar, Rep. of",MDG,1990,0.108
118,"Madagascar, Rep. of",MDG,1991,0.384
118,"Madagascar, Rep. of",MDG,1992,0.386
118,"Madagascar, Rep. of",MDG,1993,0.38
118,"Madagascar, Rep. of",MDG,1994,0.319
118,"Madagascar, Rep. of",MDG,1995,0.405
118,"Madagascar, Rep. of",MDG,1996,0.198
118,"Madagascar, Rep. of",MDG,1997,0.653
118,"Madagascar, Rep. of",MDG,1998,0.821
118,"Madagascar, Rep. of",MDG,1999,0.44
118,"Madagascar, Rep. of",MDG,2000,0.451
118,"Madagascar, Rep. of",MDG,2001,0.64
118,"Madagascar, Rep. of",MDG,2002,0.58
118,"Madagascar, Rep. of",MDG,2003,0.682
118,"Madagascar, Rep. of",MDG,2004,0.505
118,"Madagascar, Rep. of",MDG,2005,0.599
118,"Madagascar, Rep. of",MDG,2006,0.838
118,"Madagascar, Rep. of",MDG,2007,0.735
118,"Madagascar, Rep. of",MDG,2008,0.559
118,"Madagascar, Rep. of",MDG,2009,0.9
118,"Madagascar, Rep. of",MDG,2010,1.188
118,"Madagascar, Rep. of",MDG,2011,1.132
118,"Madagascar, Rep. of",MDG,2012,0.88
118,"Madagascar, Rep. of",MDG,2013,0.749
118,"Madagascar, Rep. of",MDG,2014,0.777
118,"Madagascar, Rep. of",MDG,2015,1.134
118,"Madagascar, Rep. of",MDG,2016,1.147
118,"Madagascar, Rep. of",MDG,2017,1.379
118,"Madagascar, Rep. of",MDG,2018,0.983
118,"Madagascar, Rep. of",MDG,2019,1.438
118,"Madagascar, Rep. of",MDG,2020,1.137
118,"Madagascar, Rep. of",MDG,2021,1.194
118,"Madagascar, Rep. of",MDG,2022,0.86
119,Malawi,MWI,1961,0.314
119,Malawi,MWI,1962,-0.149
119,Malawi,MWI,1963,-0.427
119,Malawi,MWI,1964,-0.267
119,Malawi,MWI,1965,-0.572
119,Malawi,MWI,1966,0.149
119,Malawi,MWI,1967,0.09
119,Malawi,MWI,1968,-0.271
119,Malawi,MWI,1969,0.29
119,Malawi,MWI,1970,0.164
119,Malawi,MWI,1971,-0.27
119,Malawi,MWI,1972,-0.008
119,Malawi,MWI,1973,0.3
119,Malawi,MWI,1974,-0.325
119,Malawi,MWI,1975,-0.147
119,Malawi,MWI,1976,-0.085
119,Malawi,MWI,1977,0.504
119,Malawi,MWI,1978,0.265
119,Malawi,MWI,1979,0.131
119,Malawi,MWI,1980,0.231
119,Malawi,MWI,1981,-0.191
119,Malawi,MWI,1982,0.0
119,Malawi,MWI,1983,1.038
119,Malawi,MWI,1984,0.363
119,Malawi,MWI,1985,0.016
119,Malawi,MWI,1986,0.162
119,Malawi,MWI,1987,0.679
119,Malawi,MWI,1988,0.693
119,Malawi,MWI,1989,0.174
119,Malawi,MWI,1990,0.616
119,Malawi,MWI,1991,0.15
119,Malawi,MWI,1992,0.749
119,Malawi,MWI,1993,0.153
119,Malawi,MWI,1994,0.27
119,Malawi,MWI,1995,0.794
119,Malawi,MWI,1996,0.189
119,Malawi,MWI,1997,0.626
119,Malawi,MWI,1998,1.031
119,Malawi,MWI,1999,0.349
119,Malawi,MWI,2000,0.797
119,Malawi,MWI,2001,0.592
119,Malawi,MWI,2002,0.963
119,Malawi,MWI,2003,0.982
119,Malawi,MWI,2004,0.879
119,Malawi,MWI,2005,1.366
119,Malawi,MWI,2006,0.997
119,Malawi,MWI,2007,0.904
119,Malawi,MWI,2008,0.512
119,Malawi,MWI,2009,0.648
119,Malawi,MWI,2010,1.03
119,Malawi,MWI,2011,0.771
119,Malawi,MWI,2012,0.925
119,Malawi,MWI,2013,0.676
119,Malawi,MWI,2014,1.129
119,Malawi,MWI,2015,1.141
119,Malawi,MWI,2016,1.361
119,Malawi,MWI,2017,1.016
119,Malawi,MWI,2018,1.022
119,Malawi,MWI,2019,1.22
119,Malawi,MWI,2020,1.306
119,Malawi,MWI,2021,0.762
119,Malawi,MWI,2022,0.816
120,Malaysia,MYS,1961,-0.07
120,Malaysia,MYS,1962,-0.085
120,Malaysia,MYS,1963,-0.107
120,Malaysia,MYS,1964,0.036
120,Malaysia,MYS,1965,-0.231
120,Malaysia,MYS,1966,0.131
120,Malaysia,MYS,1967,-0.134
120,Malaysia,MYS,1968,-0.108
120,Malaysia,MYS,1969,0.225
120,Malaysia,MYS,1970,0.115
120,Malaysia,MYS,1971,-0.243
120,Malaysia,MYS,1972,0.049
120,Malaysia,MYS,1973,0.262
120,Malaysia,MYS,1974,-0.193
120,Malaysia,MYS,1975,-0.029
120,Malaysia,MYS,1976,-0.239
120,Malaysia,MYS,1977,0.073
120,Malaysia,MYS,1978,0.249
120,Malaysia,MYS,1979,0.379
120,Malaysia,MYS,1980,0.292
120,Malaysia,MYS,1981,0.256
120,Malaysia,MYS,1982,0.27
120,Malaysia,MYS,1983,0.689
120,Malaysia,MYS,1984,0.052
120,Malaysia,MYS,1985,0.244
120,Malaysia,MYS,1986,0.281
120,Malaysia,MYS,1987,0.59
120,Malaysia,MYS,1988,0.525
120,Malaysia,MYS,1989,0.181
120,Malaysia,MYS,1990,0.548
120,Malaysia,MYS,1991,0.464
120,Malaysia,MYS,1992,0.429
120,Malaysia,MYS,1993,0.278
120,Malaysia,MYS,1994,0.42
120,Malaysia,MYS,1995,0.544
120,Malaysia,MYS,1996,0.481
120,Malaysia,MYS,1997,0.69
120,Malaysia,MYS,1998,1.279
120,Malaysia,MYS,1999,0.483
120,Malaysia,MYS,2000,0.449
120,Malaysia,MYS,2001,0.689
120,Malaysia,MYS,2002,0.785
120,Malaysia,MYS,2003,0.781
120,Malaysia,MYS,2004,0.755
120,Malaysia,MYS,2005,0.938
120,Malaysia,MYS,2006,0.707
120,Malaysia,MYS,2007,0.763
120,Malaysia,MYS,2008,0.628
120,Malaysia,MYS,2009,0.865
120,Malaysia,MYS,2010,1.111
120,Malaysia,MYS,2011,0.754
120,Malaysia,MYS,2012,0.901
120,Malaysia,MYS,2013,1.121
120,Malaysia,MYS,2014,1.199
120,Malaysia,MYS,2015,1.372
120,Malaysia,MYS,2016,1.836
120,Malaysia,MYS,2017,1.419
120,Malaysia,MYS,2018,1.443
120,Malaysia,MYS,2019,1.7
120,Malaysia,MYS,2020,1.688
120,Malaysia,MYS,2021,1.473
120,Malaysia,MYS,2022,1.367
121,Maldives,MDV,1962,-0.061
121,Maldives,MDV,1966,0.42
121,Maldives,MDV,1967,-0.155
121,Maldives,MDV,1968,-0.23
121,Maldives,MDV,1969,0.241
121,Maldives,MDV,1972,0.21
121,Maldives,MDV,1973,0.574
121,Maldives,MDV,1974,-0.148
121,Maldives,MDV,1975,-0.318
121,Maldives,MDV,1976,0.005
121,Maldives,MDV,1977,0.011
121,Maldives,MDV,1978,-0.158
121,Maldives,MDV,1979,0.073
121,Maldives,MDV,1980,0.15
121,Maldives,MDV,1981,0.092
121,Maldives,MDV,1982,0.269
121,Maldives,MDV,1983,0.413
121,Maldives,MDV,1984,0.169
121,Maldives,MDV,1985,-0.072
121,Maldives,MDV,1986,0.149
121,Maldives,MDV,1987,0.595
121,Maldives,MDV,1988,0.787
121,Maldives,MDV,1989,-0.005
121,Maldives,MDV,1990,0.528
121,Maldives,MDV,1991,0.566
121,Maldives,MDV,1992,0.174
121,Maldives,MDV,1993,0.209
121,Maldives,MDV,1994,0.409
121,Maldives,MDV,1995,0.681
121,Maldives,MDV,1996,0.418
121,Maldives,MDV,1997,0.573
121,Maldives,MDV,1998,0.917
121,Maldives,MDV,1999,0.297
121,Maldives,MDV,2000,0.255
121,Maldives,MDV,2001,0.46
121,Maldives,MDV,2002,0.618
121,Maldives,MDV,2003,0.518
121,Maldives,MDV,2004,0.387
121,Maldives,MDV,2005,0.775
121,Maldives,MDV,2006,0.317
121,Maldives,MDV,2007,0.363
121,Maldives,MDV,2008,0.169
121,Maldives,MDV,2009,0.53
121,Maldives,MDV,2010,0.683
121,Maldives,MDV,2011,0.561
121,Maldives,MDV,2012,0.573
121,Maldives,MDV,2013,0.662
121,Maldives,MDV,2014,0.766
121,Maldives,MDV,2015,0.982
121,Maldives,MDV,2016,1.555
121,Maldives,MDV,2017,1.126
121,Maldives,MDV,2018,0.84
121,Maldives,MDV,2019,1.131
121,Maldives,MDV,2020,1.17
121,Maldives,MDV,2021,1.122
121,Maldives,MDV,2022,0.784
122,Mali,MLI,1961,-0.301
122,Mali,MLI,1962,-0.145
122,Mali,MLI,1963,0.213
122,Mali,MLI,1964,-0.13
122,Mali,MLI,1965,-0.299
122,Mali,MLI,1966,0.005
122,Mali,MLI,1967,-0.124
122,Mali,MLI,1968,-0.287
122,Mali,MLI,1969,0.665
122,Mali,MLI,1970,0.365
122,Mali,MLI,1971,-0.007
122,Mali,MLI,1972,0.278
122,Mali,MLI,1973,0.508
122,Mali,MLI,1974,-0.435
122,Mali,MLI,1975,-0.471
122,Mali,MLI,1976,-0.374
122,Mali,MLI,1977,0.362
122,Mali,MLI,1978,0.36
122,Mali,MLI,1979,0.646
122,Mali,MLI,1980,0.97
122,Mali,MLI,1981,0.395
122,Mali,MLI,1982,0.264
122,Mali,MLI,1983,0.83
122,Mali,MLI,1984,0.609
122,Mali,MLI,1985,0.512
122,Mali,MLI,1986,0.304
122,Mali,MLI,1987,1.081
122,Mali,MLI,1988,0.784
122,Mali,MLI,1989,0.107
122,Mali,MLI,1990,0.903
122,Mali,MLI,1991,0.685
122,Mali,MLI,1992,0.194
122,Mali,MLI,1993,1.026
122,Mali,MLI,1994,0.206
122,Mali,MLI,1995,0.57
122,Mali,MLI,1996,1.161
122,Mali,MLI,1997,0.87
122,Mali,MLI,1998,1.214
122,Mali,MLI,1999,0.375
122,Mali,MLI,2000,0.647
122,Mali,MLI,2001,0.583
122,Mali,MLI,2002,1.246
122,Mali,MLI,2003,1.238
122,Mali,MLI,2004,1.214
122,Mali,MLI,2005,1.396
122,Mali,MLI,2006,1.097
122,Mali,MLI,2007,0.933
122,Mali,MLI,2008,0.548
122,Mali,MLI,2009,0.96
122,Mali,MLI,2010,1.63
122,Mali,MLI,2011,1.207
122,Mali,MLI,2012,0.426
122,Mali,MLI,2013,0.969
122,Mali,MLI,2014,0.787
122,Mali,MLI,2015,1.017
122,Mali,MLI,2016,1.089
122,Mali,MLI,2017,1.347
122,Mali,MLI,2018,1.04
122,Mali,MLI,2019,1.089
122,Mali,MLI,2020,1.01
122,Mali,MLI,2021,1.687
122,Mali,MLI,2022,0.887
123,Malta,MLT,1961,0.551
123,Malta,MLT,1962,0.35
123,Malta,MLT,1963,-0.204
123,Malta,MLT,1964,0.26
123,Malta,MLT,1965,-0.218
123,Malta,MLT,1966,0.149
123,Malta,MLT,1967,0.131
123,Malta,MLT,1968,-0.033
123,Malta,MLT,1969,-0.129
123,Malta,MLT,1970,-0.144
123,Malta,MLT,1971,-0.272
123,Malta,MLT,1972,-0.294
123,Malta,MLT,1973,-0.003
123,Malta,MLT,1974,-0.251
123,Malta,MLT,1975,-0.383
123,Malta,MLT,1976,-0.706
123,Malta,MLT,1977,0.304
123,Malta,MLT,1978,-0.602
123,Malta,MLT,1979,0.036
123,Malta,MLT,1980,-0.504
123,Malta,MLT,1981,-0.344
123,Malta,MLT,1982,0.623
123,Malta,MLT,1983,0.037
123,Malta,MLT,1984,-0.267
123,Malta,MLT,1985,0.426
123,Malta,MLT,1986,0.4
123,Malta,MLT,1987,0.525
123,Malta,MLT,1988,1.194
123,Malta,MLT,1989,0.206
123,Malta,MLT,1990,1.235
123,Malta,MLT,1991,0.147
123,Malta,MLT,1992,0.275
123,Malta,MLT,1993,0.625
123,Malta,MLT,1994,1.421
123,Malta,MLT,1995,0.461
123,Malta,MLT,1996,0.639
123,Malta,MLT,1997,1.054
123,Malta,MLT,1998,0.876
123,Malta,MLT,1999,1.268
123,Malta,MLT,2000,1.055
123,Malta,MLT,2001,1.669
123,Malta,MLT,2002,0.942
123,Malta,MLT,2003,1.401
123,Malta,MLT,2004,0.699
123,Malta,MLT,2005,0.67
123,Malta,MLT,2006,0.996
123,Malta,MLT,2007,1.398
123,Malta,MLT,2008,1.271
123,Malta,MLT,2009,1.08
123,Malta,MLT,2010,1.243
123,Malta,MLT,2011,1.013
123,Malta,MLT,2012,1.44
123,Malta,MLT,2013,1.343
123,Malta,MLT,2014,1.507
123,Malta,MLT,2015,1.403
123,Malta,MLT,2016,1.748
123,Malta,MLT,2017,1.224
123,Malta,MLT,2018,1.441
123,Malta,MLT,2019,1.29
123,Malta,MLT,2020,1.643
123,Malta,MLT,2021,2.123
123,Malta,MLT,2022,1.955
124,"Marshall Islands, Rep. of the",MHL,1991,0.082
124,"Marshall Islands, Rep. of the",MHL,1992,0.184
124,"Marshall Islands, Rep. of the",MHL,1993,0.012
124,"Marshall Islands, Rep. of the",MHL,1994,0.213
124,"Marshall Islands, Rep. of the",MHL,1995,-0.002
124,"Marshall Islands, Rep. of the",MHL,1996,0.09
124,"Marshall Islands, Rep. of the",MHL,1997,0.023
124,"Marshall Islands, Rep. of the",MHL,1998,0.004
124,"Marshall Islands, Rep. of the",MHL,1999,-0.273
124,"Marshall Islands, Rep. of the",MHL,2000,-0.159
124,"Marshall Islands, Rep. of the",MHL,2001,0.165
124,"Marshall Islands, Rep. of the",MHL,2002,0.324
124,"Marshall Islands, Rep. of the",MHL,2003,0.29
124,"Marshall Islands, Rep. of the",MHL,2004,0.435
124,"Marshall Islands, Rep. of the",MHL,2005,0.364
124,"Marshall Islands, Rep. of the",MHL,2006,0.275
124,"Marshall Islands, Rep. of the",MHL,2007,0.219
124,"Marshall Islands, Rep. of the",MHL,2008,-0.029
124,"Marshall Islands, Rep. of the",MHL,2009,0.174
124,"Marshall Islands, Rep. of the",MHL,2010,0.345
124,"Marshall Islands, Rep. of the",MHL,2011,0.155
124,"Marshall Islands, Rep. of the",MHL,2012,0.539
124,"Marshall Islands, Rep. of the",MHL,2013,0.544
124,"Marshall Islands, Rep. of the",MHL,2014,0.564
124,"Marshall Islands, Rep. of the",MHL,2015,0.464
124,"Marshall Islands, Rep. of the",MHL,2016,0.783
124,"Marshall Islands, Rep. of the",MHL,2017,0.569
124,"Marshall Islands, Rep. of the",MHL,2018,0.354
124,"Marshall Islands, Rep. of the",MHL,2019,0.562
124,"Marshall Islands, Rep. of the",MHL,2020,0.672
124,"Marshall Islands, Rep. of the",MHL,2021,0.384
124,"Marshall Islands, Rep. of the",MHL,2022,0.007
125,Martinique,MTQ,1961,-0.04
125,Martinique,MTQ,1962,0.151
125,Martinique,MTQ,1963,0.243
125,Martinique,MTQ,1964,0.062
125,Martinique,MTQ,1965,-0.283
125,Martinique,MTQ,1966,0.067
125,Martinique,MTQ,1967,-0.246
125,Martinique,MTQ,1968,-0.213
125,Martinique,MTQ,1969,0.403
125,Martinique,MTQ,1970,0.186
125,Martinique,MTQ,1971,-0.193
125,Martinique,MTQ,1972,-0.047
125,Martinique,MTQ,1973,0.158
125,Martinique,MTQ,1974,-0.395
125,Martinique,MTQ,1975,-0.394
125,Martinique,MTQ,1976,-0.415
125,Martinique,MTQ,1977,0.02
125,Martinique,MTQ,1978,0.082
125,Martinique,MTQ,1979,0.166
125,Martinique,MTQ,1980,0.401
125,Martinique,MTQ,1981,0.406
125,Martinique,MTQ,1982,0.074
125,Martinique,MTQ,1983,0.433
125,Martinique,MTQ,1984,-0.029
125,Martinique,MTQ,1985,-0.06
125,Martinique,MTQ,1986,0.017
125,Martinique,MTQ,1987,0.591
125,Martinique,MTQ,1988,0.404
125,Martinique,MTQ,1989,-0.001
125,Martinique,MTQ,1990,0.424
125,Martinique,MTQ,1991,0.445
125,Martinique,MTQ,1992,0.405
125,Martinique,MTQ,1993,0.487
125,Martinique,MTQ,1994,0.565
125,Martinique,MTQ,1995,0.67
125,Martinique,MTQ,1996,0.433
125,Martinique,MTQ,1997,0.591
125,Martinique,MTQ,1998,1.003
125,Martinique,MTQ,1999,0.477
125,Martinique,MTQ,2000,0.262
125,Martinique,MTQ,2001,0.506
125,Martinique,MTQ,2002,0.681
125,Martinique,MTQ,2003,0.802
125,Martinique,MTQ,2004,0.515
125,Martinique,MTQ,2005,0.834
125,Martinique,MTQ,2006,0.736
125,Martinique,MTQ,2007,0.846
125,Martinique,MTQ,2008,0.407
125,Martinique,MTQ,2009,0.553
125,Martinique,MTQ,2010,1.177
125,Martinique,MTQ,2011,0.596
125,Martinique,MTQ,2012,0.699
125,Martinique,MTQ,2013,0.714
125,Martinique,MTQ,2014,0.674
125,Martinique,MTQ,2015,0.892
125,Martinique,MTQ,2016,1.034
125,Martinique,MTQ,2017,0.8
125,Martinique,MTQ,2018,0.54
125,Martinique,MTQ,2019,0.752
125,Martinique,MTQ,2020,1.092
125,Martinique,MTQ,2021,0.716
125,Martinique,MTQ,2022,0.684
126,"Mauritania, Islamic Rep. of",MRT,1961,-0.047
126,"Mauritania, Islamic Rep. of",MRT,1962,0.14
126,"Mauritania, Islamic Rep. of",MRT,1963,0.103
126,"Mauritania, Islamic Rep. of",MRT,1964,0.057
126,"Mauritania, Islamic Rep. of",MRT,1965,-0.53
126,"Mauritania, Islamic Rep. of",MRT,1966,0.112
126,"Mauritania, Islamic Rep. of",MRT,1967,-0.248
126,"Mauritania, Islamic Rep. of",MRT,1968,-0.481
126,"Mauritania, Islamic Rep. of",MRT,1969,0.612
126,"Mauritania, Islamic Rep. of",MRT,1970,0.701
126,"Mauritania, Islamic Rep. of",MRT,1971,-0.311
126,"Mauritania, Islamic Rep. of",MRT,1972,-0.052
126,"Mauritania, Islamic Rep. of",MRT,1973,0.496
126,"Mauritania, Islamic Rep. of",MRT,1974,-0.679
126,"Mauritania, Islamic Rep. of",MRT,1975,-0.314
126,"Mauritania, Islamic Rep. of",MRT,1976,-0.556
126,"Mauritania, Islamic Rep. of",MRT,1977,0.654
126,"Mauritania, Islamic Rep. of",MRT,1978,0.569
126,"Mauritania, Islamic Rep. of",MRT,1979,0.987
126,"Mauritania, Islamic Rep. of",MRT,1980,0.911
126,"Mauritania, Islamic Rep. of",MRT,1981,0.91
126,"Mauritania, Islamic Rep. of",MRT,1982,0.593
126,"Mauritania, Islamic Rep. of",MRT,1983,1.623
126,"Mauritania, Islamic Rep. of",MRT,1984,0.571
126,"Mauritania, Islamic Rep. of",MRT,1985,0.592
126,"Mauritania, Islamic Rep. of",MRT,1986,0.293
126,"Mauritania, Islamic Rep. of",MRT,1987,1.562
126,"Mauritania, Islamic Rep. of",MRT,1988,0.875
126,"Mauritania, Islamic Rep. of",MRT,1989,0.737
126,"Mauritania, Islamic Rep. of",MRT,1990,1.481
126,"Mauritania, Islamic Rep. of",MRT,1991,0.87
126,"Mauritania, Islamic Rep. of",MRT,1992,0.89
126,"Mauritania, Islamic Rep. of",MRT,1993,0.99
126,"Mauritania, Islamic Rep. of",MRT,1994,0.673
126,"Mauritania, Islamic Rep. of",MRT,1995,1.222
126,"Mauritania, Islamic Rep. of",MRT,1996,1.555
126,"Mauritania, Islamic Rep. of",MRT,1997,1.321
126,"Mauritania, Islamic Rep. of",MRT,1998,1.801
126,"Mauritania, Islamic Rep. of",MRT,1999,0.539
126,"Mauritania, Islamic Rep. of",MRT,2000,1.2
126,"Mauritania, Islamic Rep. of",MRT,2001,1.36
126,"Mauritania, Islamic Rep. of",MRT,2002,1.353
126,"Mauritania, Islamic Rep. of",MRT,2003,1.36
126,"Mauritania, Islamic Rep. of",MRT,2004,1.49
126,"Mauritania, Islamic Rep. of",MRT,2005,1.389
126,"Mauritania, Islamic Rep. of",MRT,2006,1.444
126,"Mauritania, Islamic Rep. of",MRT,2007,1.06
126,"Mauritania, Islamic Rep. of",MRT,2008,1.321
126,"Mauritania, Islamic Rep. of",MRT,2009,0.968
126,"Mauritania, Islamic Rep. of",MRT,2010,2.02
126,"Mauritania, Islamic Rep. of",MRT,2011,1.671
126,"Mauritania, Islamic Rep. of",MRT,2012,0.942
126,"Mauritania, Islamic Rep. of",MRT,2013,1.588
126,"Mauritania, Islamic Rep. of",MRT,2014,1.48
126,"Mauritania, Islamic Rep. of",MRT,2015,1.563
126,"Mauritania, Islamic Rep. of",MRT,2016,1.825
126,"Mauritania, Islamic Rep. of",MRT,2017,2.141
126,"Mauritania, Islamic Rep. of",MRT,2018,1.086
126,"Mauritania, Islamic Rep. of",MRT,2019,1.435
126,"Mauritania, Islamic Rep. of",MRT,2020,1.919
126,"Mauritania, Islamic Rep. of",MRT,2021,1.855
126,"Mauritania, Islamic Rep. of",MRT,2022,1.711
127,Mauritius,MUS,1961,0.524
127,Mauritius,MUS,1962,-0.111
127,Mauritius,MUS,1963,-0.155
127,Mauritius,MUS,1964,-0.246
127,Mauritius,MUS,1965,-0.208
127,Mauritius,MUS,1966,-0.019
127,Mauritius,MUS,1967,0.12
127,Mauritius,MUS,1968,-0.213
127,Mauritius,MUS,1969,0.296
127,Mauritius,MUS,1970,0.333
127,Mauritius,MUS,1971,-0.32
127,Mauritius,MUS,1972,0.133
127,Mauritius,MUS,1973,-0.075
127,Mauritius,MUS,1974,-0.686
127,Mauritius,MUS,1975,-0.105
127,Mauritius,MUS,1976,0.018
127,Mauritius,MUS,1977,0.556
127,Mauritius,MUS,1978,0.345
127,Mauritius,MUS,1979,0.369
127,Mauritius,MUS,1980,0.411
127,Mauritius,MUS,1981,0.199
127,Mauritius,MUS,1982,0.316
127,Mauritius,MUS,1983,0.286
127,Mauritius,MUS,1984,-0.21
127,Mauritius,MUS,1985,-0.06
127,Mauritius,MUS,1986,0.181
127,Mauritius,MUS,1987,0.656
127,Mauritius,MUS,1988,0.443
127,Mauritius,MUS,1989,0.063
127,Mauritius,MUS,1990,0.22
127,Mauritius,MUS,1991,0.492
127,Mauritius,MUS,1992,0.157
127,Mauritius,MUS,1993,0.179
127,Mauritius,MUS,1994,0.466
127,Mauritius,MUS,1995,0.314
127,Mauritius,MUS,1996,0.042
127,Mauritius,MUS,1997,0.585
127,Mauritius,MUS,1998,0.827
127,Mauritius,MUS,1999,0.211
127,Mauritius,MUS,2000,0.173
127,Mauritius,MUS,2001,0.499
127,Mauritius,MUS,2002,0.401
127,Mauritius,MUS,2003,0.69
127,Mauritius,MUS,2004,0.313
127,Mauritius,MUS,2005,0.381
127,Mauritius,MUS,2006,0.312
127,Mauritius,MUS,2007,0.537
127,Mauritius,MUS,2008,0.294
127,Mauritius,MUS,2009,0.797
127,Mauritius,MUS,2010,1.076
127,Mauritius,MUS,2011,0.865
127,Mauritius,MUS,2012,0.665
127,Mauritius,MUS,2013,0.797
127,Mauritius,MUS,2014,0.905
127,Mauritius,MUS,2015,1.158
127,Mauritius,MUS,2016,1.084
127,Mauritius,MUS,2017,1.319
127,Mauritius,MUS,2018,1.051
127,Mauritius,MUS,2019,1.462
127,Mauritius,MUS,2020,1.109
127,Mauritius,MUS,2021,0.987
127,Mauritius,MUS,2022,0.595
128,Mayotte,MYT,1961,0.444
128,Mayotte,MYT,1962,0.028
128,Mayotte,MYT,1963,-0.152
128,Mayotte,MYT,1964,-0.14
128,Mayotte,MYT,1965,-0.497
128,Mayotte,MYT,1966,0.113
128,Mayotte,MYT,1967,0.184
128,Mayotte,MYT,1968,-0.453
128,Mayotte,MYT,1969,0.151
128,Mayotte,MYT,1970,0.168
128,Mayotte,MYT,1971,-0.74
128,Mayotte,MYT,1972,-0.171
128,Mayotte,MYT,1973,0.195
128,Mayotte,MYT,1974,-0.494
128,Mayotte,MYT,1975,-0.182
128,Mayotte,MYT,1978,0.304
128,Mayotte,MYT,1979,0.232
128,Mayotte,MYT,1980,0.361
128,Mayotte,MYT,1981,0.237
128,Mayotte,MYT,1982,0.611
128,Mayotte,MYT,1983,0.366
128,Mayotte,MYT,1984,-0.416
128,Mayotte,MYT,1985,-0.114
128,Mayotte,MYT,1986,0.084
128,Mayotte,MYT,1987,0.466
128,Mayotte,MYT,1988,0.448
128,Mayotte,MYT,1989,-0.164
128,Mayotte,MYT,1990,0.234
128,Mayotte,MYT,1991,0.378
128,Mayotte,MYT,1992,0.215
128,Mayotte,MYT,1993,0.324
128,Mayotte,MYT,1994,0.621
128,Mayotte,MYT,1995,0.441
128,Mayotte,MYT,1996,0.079
128,Mayotte,MYT,1997,0.448
128,Mayotte,MYT,1998,0.873
128,Mayotte,MYT,1999,0.317
128,Mayotte,MYT,2000,0.086
128,Mayotte,MYT,2001,0.248
128,Mayotte,MYT,2002,0.694
128,Mayotte,MYT,2003,0.367
128,Mayotte,MYT,2004,0.234
128,Mayotte,MYT,2005,0.369
128,Mayotte,MYT,2006,0.173
128,Mayotte,MYT,2007,0.594
128,Mayotte,MYT,2008,0.383
128,Mayotte,MYT,2009,0.704
128,Mayotte,MYT,2010,0.947
128,Mayotte,MYT,2011,0.684
128,Mayotte,MYT,2012,0.614
128,Mayotte,MYT,2013,0.49
128,Mayotte,MYT,2014,0.685
128,Mayotte,MYT,2015,0.911
128,Mayotte,MYT,2016,0.815
128,Mayotte,MYT,2017,1.04
128,Mayotte,MYT,2018,0.823
128,Mayotte,MYT,2019,1.383
128,Mayotte,MYT,2020,1.133
128,Mayotte,MYT,2021,0.824
128,Mayotte,MYT,2022,0.678
129,Mexico,MEX,1961,-0.145
129,Mexico,MEX,1962,0.19
129,Mexico,MEX,1963,0.23
129,Mexico,MEX,1964,-0.284
129,Mexico,MEX,1965,-0.057
129,Mexico,MEX,1966,-0.238
129,Mexico,MEX,1967,-0.098
129,Mexico,MEX,1968,-0.414
129,Mexico,MEX,1969,0.179
129,Mexico,MEX,1970,-0.3
129,Mexico,MEX,1971,-0.066
129,Mexico,MEX,1972,0.304
129,Mexico,MEX,1973,-0.167
129,Mexico,MEX,1974,-0.088
129,Mexico,MEX,1975,-0.332
129,Mexico,MEX,1976,-0.495
129,Mexico,MEX,1977,-0.012
129,Mexico,MEX,1978,0.166
129,Mexico,MEX,1979,-0.08
129,Mexico,MEX,1980,0.38
129,Mexico,MEX,1981,0.162
129,Mexico,MEX,1982,0.573
129,Mexico,MEX,1983,0.024
129,Mexico,MEX,1984,-0.102
129,Mexico,MEX,1985,0.097
129,Mexico,MEX,1986,0.298
129,Mexico,MEX,1987,-0.119
129,Mexico,MEX,1988,0.174
129,Mexico,MEX,1989,0.493
129,Mexico,MEX,1990,0.274
129,Mexico,MEX,1991,0.268
129,Mexico,MEX,1992,0.086
129,Mexico,MEX,1993,0.327
129,Mexico,MEX,1994,0.711
129,Mexico,MEX,1995,0.81
129,Mexico,MEX,1996,0.567
129,Mexico,MEX,1997,0.5
129,Mexico,MEX,1998,0.736
129,Mexico,MEX,1999,0.642
129,Mexico,MEX,2000,0.634
129,Mexico,MEX,2001,0.549
129,Mexico,MEX,2002,0.73
129,Mexico,MEX,2003,0.894
129,Mexico,MEX,2004,0.365
129,Mexico,MEX,2005,0.806
129,Mexico,MEX,2006,0.93
129,Mexico,MEX,2007,0.503
129,Mexico,MEX,2008,0.558
129,Mexico,MEX,2009,1.053
129,Mexico,MEX,2010,0.306
129,Mexico,MEX,2011,1.026
129,Mexico,MEX,2012,0.948
129,Mexico,MEX,2013,0.798
129,Mexico,MEX,2014,0.911
129,Mexico,MEX,2015,1.141
129,Mexico,MEX,2016,1.346
129,Mexico,MEX,2017,1.629
129,Mexico,MEX,2018,1.24
129,Mexico,MEX,2019,1.378
129,Mexico,MEX,2020,1.726
129,Mexico,MEX,2021,1.163
129,Mexico,MEX,2022,1.249
130,"Micronesia, Federated States of",FSM,1991,-0.041
130,"Micronesia, Federated States of",FSM,1992,0.081
130,"Micronesia, Federated States of",FSM,1993,-0.164
130,"Micronesia, Federated States of",FSM,1994,0.065
130,"Micronesia, Federated States of",FSM,1995,0.035
130,"Micronesia, Federated States of",FSM,1996,0.051
130,"Micronesia, Federated States of",FSM,1997,0.005
130,"Micronesia, Federated States of",FSM,1998,0.238
130,"Micronesia, Federated States of",FSM,1999,-0.093
130,"Micronesia, Federated States of",FSM,2000,-0.029
130,"Micronesia, Federated States of",FSM,2001,0.115
130,"Micronesia, Federated States of",FSM,2002,0.017
130,"Micronesia, Federated States of",FSM,2003,0.074
130,"Micronesia, Federated States of",FSM,2004,0.154
130,"Micronesia, Federated States of",FSM,2005,0.098
130,"Micronesia, Federated States of",FSM,2006,0.18
130,"Micronesia, Federated States of",FSM,2007,0.097
130,"Micronesia, Federated States of",FSM,2008,-0.116
130,"Micronesia, Federated States of",FSM,2009,0.04
130,"Micronesia, Federated States of",FSM,2010,0.217
130,"Micronesia, Federated States of",FSM,2011,0.103
130,"Micronesia, Federated States of",FSM,2012,0.473
130,"Micronesia, Federated States of",FSM,2013,0.59
130,"Micronesia, Federated States of",FSM,2014,0.438
130,"Micronesia, Federated States of",FSM,2015,0.486
130,"Micronesia, Federated States of",FSM,2016,0.868
130,"Micronesia, Federated States of",FSM,2017,0.877
130,"Micronesia, Federated States of",FSM,2018,0.727
130,"Micronesia, Federated States of",FSM,2019,0.543
130,"Micronesia, Federated States of",FSM,2020,0.806
130,"Micronesia, Federated States of",FSM,2021,0.598
130,"Micronesia, Federated States of",FSM,2022,0.627
131,"Moldova, Rep. of",MDA,1992,0.496
131,"Moldova, Rep. of",MDA,1993,-0.643
131,"Moldova, Rep. of",MDA,1994,1.662
131,"Moldova, Rep. of",MDA,1995,0.635
131,"Moldova, Rep. of",MDA,1996,-0.655
131,"Moldova, Rep. of",MDA,1997,-0.429
131,"Moldova, Rep. of",MDA,1998,0.811
131,"Moldova, Rep. of",MDA,1999,0.925
131,"Moldova, Rep. of",MDA,2000,1.498
131,"Moldova, Rep. of",MDA,2001,1.715
131,"Moldova, Rep. of",MDA,2002,1.455
131,"Moldova, Rep. of",MDA,2003,-0.181
131,"Moldova, Rep. of",MDA,2004,0.721
131,"Moldova, Rep. of",MDA,2005,0.854
131,"Moldova, Rep. of",MDA,2006,0.253
131,"Moldova, Rep. of",MDA,2007,2.369
131,"Moldova, Rep. of",MDA,2008,1.532
131,"Moldova, Rep. of",MDA,2009,1.774
131,"Moldova, Rep. of",MDA,2010,1.365
131,"Moldova, Rep. of",MDA,2011,0.491
131,"Moldova, Rep. of",MDA,2012,2.089
131,"Moldova, Rep. of",MDA,2013,1.364
131,"Moldova, Rep. of",MDA,2014,1.445
131,"Moldova, Rep. of",MDA,2015,2.015
131,"Moldova, Rep. of",MDA,2016,2.092
131,"Moldova, Rep. of",MDA,2017,1.411
131,"Moldova, Rep. of",MDA,2018,2.103
131,"Moldova, Rep. of",MDA,2019,2.405
131,"Moldova, Rep. of",MDA,2020,3.06
131,"Moldova, Rep. of",MDA,2021,1.339
131,"Moldova, Rep. of",MDA,2022,2.143
132,Monaco,MCO,1961,0.739
132,Monaco,MCO,1962,-0.048
132,Monaco,MCO,1963,-0.631
132,Monaco,MCO,1964,0.408
132,Monaco,MCO,1965,-0.464
132,Monaco,MCO,1966,0.21
132,Monaco,MCO,1967,0.432
132,Monaco,MCO,1968,0.013
132,Monaco,MCO,1969,-0.228
132,Monaco,MCO,1970,-0.017
132,Monaco,MCO,1971,0.002
132,Monaco,MCO,1972,-0.114
132,Monaco,MCO,1973,0.288
132,Monaco,MCO,1974,-0.086
132,Monaco,MCO,1975,0.195
132,Monaco,MCO,1976,0.044
132,Monaco,MCO,1977,-0.039
132,Monaco,MCO,1978,-0.403
132,Monaco,MCO,1979,-0.018
132,Monaco,MCO,1980,-0.353
132,Monaco,MCO,1981,-0.083
132,Monaco,MCO,1982,0.55
132,Monaco,MCO,1983,0.494
132,Monaco,MCO,1984,-0.603
132,Monaco,MCO,1985,-0.106
132,Monaco,MCO,1986,0.433
132,Monaco,MCO,1987,0.196
132,Monaco,MCO,1988,0.758
132,Monaco,MCO,1989,0.908
132,Monaco,MCO,1990,1.284
132,Monaco,MCO,1991,0.107
132,Monaco,MCO,1992,0.651
132,Monaco,MCO,1993,0.461
132,Monaco,MCO,1994,1.302
132,Monaco,MCO,1995,0.672
132,Monaco,MCO,1996,0.211
132,Monaco,MCO,1997,1.297
132,Monaco,MCO,1998,0.922
132,Monaco,MCO,1999,0.924
132,Monaco,MCO,2000,1.112
132,Monaco,MCO,2001,1.381
132,Monaco,MCO,2002,0.916
132,Monaco,MCO,2003,1.645
132,Monaco,MCO,2004,0.851
132,Monaco,MCO,2005,0.806
132,Monaco,MCO,2006,1.183
132,Monaco,MCO,2007,1.643
132,Monaco,MCO,2008,1.103
132,Monaco,MCO,2009,1.468
132,Monaco,MCO,2010,0.452
132,Monaco,MCO,2011,1.403
132,Monaco,MCO,2012,1.396
132,Monaco,MCO,2013,0.724
132,Monaco,MCO,2014,1.811
132,Monaco,MCO,2015,1.902
132,Monaco,MCO,2016,1.773
132,Monaco,MCO,2017,1.962
132,Monaco,MCO,2018,1.94
132,Monaco,MCO,2019,1.919
132,Monaco,MCO,2020,2.2
132,Monaco,MCO,2021,1.5
132,Monaco,MCO,2022,2.737
133,Mongolia,MNG,1961,0.17
133,Mongolia,MNG,1962,-0.106
133,Mongolia,MNG,1963,1.202
133,Mongolia,MNG,1964,-0.174
133,Mongolia,MNG,1965,0.857
133,Mongolia,MNG,1966,0.371
133,Mongolia,MNG,1967,-0.458
133,Mongolia,MNG,1968,-0.813
133,Mongolia,MNG,1969,-0.861
133,Mongolia,MNG,1970,-0.306
133,Mongolia,MNG,1971,-0.038
133,Mongolia,MNG,1972,0.234
133,Mongolia,MNG,1973,0.689
133,Mongolia,MNG,1974,0.193
133,Mongolia,MNG,1975,0.49
133,Mongolia,MNG,1976,-0.2
133,Mongolia,MNG,1977,0.065
133,Mongolia,MNG,1978,0.908
133,Mongolia,MNG,1979,0.951
133,Mongolia,MNG,1980,0.473
133,Mongolia,MNG,1981,0.217
133,Mongolia,MNG,1982,1.135
133,Mongolia,MNG,1983,0.601
133,Mongolia,MNG,1984,-0.353
133,Mongolia,MNG,1985,-0.444
133,Mongolia,MNG,1986,0.361
133,Mongolia,MNG,1987,0.166
133,Mongolia,MNG,1988,0.63
133,Mongolia,MNG,1989,1.334
133,Mongolia,MNG,1990,1.53
133,Mongolia,MNG,1991,1.08
133,Mongolia,MNG,1992,0.81
133,Mongolia,MNG,1993,0.454
133,Mongolia,MNG,1994,1.329
133,Mongolia,MNG,1995,1.268
133,Mongolia,MNG,1996,0.41
133,Mongolia,MNG,1997,1.933
133,Mongolia,MNG,1998,2.117
133,Mongolia,MNG,1999,1.764
133,Mongolia,MNG,2000,0.98
133,Mongolia,MNG,2001,1.684
133,Mongolia,MNG,2002,1.786
133,Mongolia,MNG,2003,0.49
133,Mongolia,MNG,2004,1.76
133,Mongolia,MNG,2005,0.923
133,Mongolia,MNG,2006,1.221
133,Mongolia,MNG,2007,2.729
133,Mongolia,MNG,2008,1.759
133,Mongolia,MNG,2009,1.397
133,Mongolia,MNG,2010,0.306
133,Mongolia,MNG,2011,0.757
133,Mongolia,MNG,2012,0.23
133,Mongolia,MNG,2013,1.024
133,Mongolia,MNG,2014,1.879
133,Mongolia,MNG,2015,2.131
133,Mongolia,MNG,2016,1.391
133,Mongolia,MNG,2017,2.493
133,Mongolia,MNG,2018,2.207
133,Mongolia,MNG,2019,1.847
133,Mongolia,MNG,2020,2.353
133,Mongolia,MNG,2021,1.994
133,Mongolia,MNG,2022,2.197
134,Montenegro,MNE,2006,0.479
134,Montenegro,MNE,2007,1.702
134,Montenegro,MNE,2008,1.267
134,Montenegro,MNE,2009,1.227
134,Montenegro,MNE,2010,1.185
134,Montenegro,MNE,2011,0.985
134,Montenegro,MNE,2012,1.653
134,Montenegro,MNE,2013,1.444
134,Montenegro,MNE,2014,1.503
134,Montenegro,MNE,2015,1.702
134,Montenegro,MNE,2016,1.474
134,Montenegro,MNE,2017,1.275
134,Montenegro,MNE,2018,2.232
134,Montenegro,MNE,2019,1.823
134,Montenegro,MNE,2020,1.706
134,Montenegro,MNE,2021,1.596
134,Montenegro,MNE,2022,1.865
135,Montserrat,MSR,1961,0.09
135,Montserrat,MSR,1962,0.031
135,Montserrat,MSR,1963,0.288
135,Montserrat,MSR,1964,0.214
135,Montserrat,MSR,1965,-0.385
135,Montserrat,MSR,1966,0.097
135,Montserrat,MSR,1967,-0.192
135,Montserrat,MSR,1968,-0.225
135,Montserrat,MSR,1969,0.271
135,Montserrat,MSR,1970,0.109
135,Montserrat,MSR,1971,-0.233
135,Montserrat,MSR,1972,-0.214
135,Montserrat,MSR,1973,0.164
135,Montserrat,MSR,1974,-0.377
135,Montserrat,MSR,1975,-0.419
135,Montserrat,MSR,1976,-0.467
135,Montserrat,MSR,1977,0.076
135,Montserrat,MSR,1978,0.161
135,Montserrat,MSR,1979,0.16
135,Montserrat,MSR,1980,0.646
135,Montserrat,MSR,1981,0.564
135,Montserrat,MSR,1982,0.162
135,Montserrat,MSR,1983,0.489
135,Montserrat,MSR,1984,0.009
135,Montserrat,MSR,1985,-0.051
135,Montserrat,MSR,1986,-0.023
135,Montserrat,MSR,1987,0.649
135,Montserrat,MSR,1988,0.395
135,Montserrat,MSR,1989,-0.077
135,Montserrat,MSR,1990,0.417
135,Montserrat,MSR,1991,0.459
135,Montserrat,MSR,1992,0.445
135,Montserrat,MSR,1993,0.528
135,Montserrat,MSR,1994,0.493
135,Montserrat,MSR,1995,0.677
135,Montserrat,MSR,1996,0.377
135,Montserrat,MSR,1997,0.455
135,Montserrat,MSR,1998,1.046
135,Montserrat,MSR,1999,0.541
135,Montserrat,MSR,2000,0.335
135,Montserrat,MSR,2002,0.634
135,Montserrat,MSR,2003,0.783
135,Montserrat,MSR,2004,0.501
135,Montserrat,MSR,2005,0.843
135,Montserrat,MSR,2006,0.659
135,Montserrat,MSR,2007,0.934
135,Montserrat,MSR,2008,0.394
135,Montserrat,MSR,2009,0.498
135,Montserrat,MSR,2010,1.153
135,Montserrat,MSR,2011,0.586
135,Montserrat,MSR,2012,0.696
135,Montserrat,MSR,2013,0.783
135,Montserrat,MSR,2014,0.744
135,Montserrat,MSR,2015,1.035
135,Montserrat,MSR,2016,1.097
135,Montserrat,MSR,2017,0.958
135,Montserrat,MSR,2018,0.627
135,Montserrat,MSR,2019,0.797
135,Montserrat,MSR,2020,1.131
135,Montserrat,MSR,2021,0.862
135,Montserrat,MSR,2022,0.77
136,Morocco,MAR,1961,0.57
136,Morocco,MAR,1962,0.401
136,Morocco,MAR,1963,0.179
136,Morocco,MAR,1964,0.486
136,Morocco,MAR,1965,-0.286
136,Morocco,MAR,1966,0.433
136,Morocco,MAR,1967,-0.032
136,Morocco,MAR,1968,-0.151
136,Morocco,MAR,1969,0.03
136,Morocco,MAR,1970,0.108
136,Morocco,MAR,1971,-0.775
136,Morocco,MAR,1972,-1.303
136,Morocco,MAR,1973,0.062
136,Morocco,MAR,1974,-0.402
136,Morocco,MAR,1975,-0.221
136,Morocco,MAR,1976,-0.819
136,Morocco,MAR,1977,0.041
136,Morocco,MAR,1978,0.316
136,Morocco,MAR,1979,0.438
136,Morocco,MAR,1980,0.548
136,Morocco,MAR,1981,0.414
136,Morocco,MAR,1982,0.431
136,Morocco,MAR,1983,0.724
136,Morocco,MAR,1984,0.208
136,Morocco,MAR,1985,0.797
136,Morocco,MAR,1986,0.19
136,Morocco,MAR,1987,0.993
136,Morocco,MAR,1988,0.837
136,Morocco,MAR,1989,0.665
136,Morocco,MAR,1990,1.409
136,Morocco,MAR,1991,0.133
136,Morocco,MAR,1992,0.246
136,Morocco,MAR,1993,0.222
136,Morocco,MAR,1994,1.019
136,Morocco,MAR,1995,1.174
136,Morocco,MAR,1996,0.936
136,Morocco,MAR,1997,1.271
136,Morocco,MAR,1998,1.483
136,Morocco,MAR,1999,0.976
136,Morocco,MAR,2000,0.845
136,Morocco,MAR,2001,1.745
136,Morocco,MAR,2002,1.108
136,Morocco,MAR,2003,1.593
136,Morocco,MAR,2004,1.029
136,Morocco,MAR,2005,1.188
136,Morocco,MAR,2006,1.389
136,Morocco,MAR,2007,0.93
136,Morocco,MAR,2008,1.069
136,Morocco,MAR,2009,1.16
136,Morocco,MAR,2010,2.02
136,Morocco,MAR,2011,1.698
136,Morocco,MAR,2012,1.299
136,Morocco,MAR,2013,1.233
136,Morocco,MAR,2014,1.603
136,Morocco,MAR,2015,1.115
136,Morocco,MAR,2016,1.84
136,Morocco,MAR,2017,2.131
136,Morocco,MAR,2018,0.597
136,Morocco,MAR,2019,1.466
136,Morocco,MAR,2020,2.107
136,Morocco,MAR,2021,1.798
136,Morocco,MAR,2022,2.303
137,"Mozambique, Rep. of",MOZ,1961,0.391
137,"Mozambique, Rep. of",MOZ,1962,0.031
137,"Mozambique, Rep. of",MOZ,1963,-0.435
137,"Mozambique, Rep. of",MOZ,1964,-0.18
137,"Mozambique, Rep. of",MOZ,1965,-0.596
137,"Mozambique, Rep. of",MOZ,1966,0.143
137,"Mozambique, Rep. of",MOZ,1967,0.12
137,"Mozambique, Rep. of",MOZ,1968,-0.373
137,"Mozambique, Rep. of",MOZ,1969,0.289
137,"Mozambique, Rep. of",MOZ,1970,0.228
137,"Mozambique, Rep. of",MOZ,1971,-0.142
137,"Mozambique, Rep. of",MOZ,1972,-0.222
137,"Mozambique, Rep. of",MOZ,1973,0.262
137,"Mozambique, Rep. of",MOZ,1974,-0.295
137,"Mozambique, Rep. of",MOZ,1975,-0.163
137,"Mozambique, Rep. of",MOZ,1976,-0.142
137,"Mozambique, Rep. of",MOZ,1977,0.468
137,"Mozambique, Rep. of",MOZ,1978,0.364
137,"Mozambique, Rep. of",MOZ,1979,0.129
137,"Mozambique, Rep. of",MOZ,1980,0.093
137,"Mozambique, Rep. of",MOZ,1981,-0.188
137,"Mozambique, Rep. of",MOZ,1982,-0.04
137,"Mozambique, Rep. of",MOZ,1983,0.918
137,"Mozambique, Rep. of",MOZ,1984,0.263
137,"Mozambique, Rep. of",MOZ,1985,-0.008
137,"Mozambique, Rep. of",MOZ,1986,0.103
137,"Mozambique, Rep. of",MOZ,1987,0.679
137,"Mozambique, Rep. of",MOZ,1988,0.588
137,"Mozambique, Rep. of",MOZ,1989,0.092
137,"Mozambique, Rep. of",MOZ,1990,0.368
137,"Mozambique, Rep. of",MOZ,1991,0.125
137,"Mozambique, Rep. of",MOZ,1992,0.759
137,"Mozambique, Rep. of",MOZ,1993,0.299
137,"Mozambique, Rep. of",MOZ,1994,0.087
137,"Mozambique, Rep. of",MOZ,1995,0.555
137,"Mozambique, Rep. of",MOZ,1996,0.111
137,"Mozambique, Rep. of",MOZ,1997,0.209
137,"Mozambique, Rep. of",MOZ,1998,0.949
137,"Mozambique, Rep. of",MOZ,1999,0.288
137,"Mozambique, Rep. of",MOZ,2000,0.375
137,"Mozambique, Rep. of",MOZ,2001,0.481
137,"Mozambique, Rep. of",MOZ,2002,0.683
137,"Mozambique, Rep. of",MOZ,2003,0.589
137,"Mozambique, Rep. of",MOZ,2004,0.437
137,"Mozambique, Rep. of",MOZ,2005,1.045
137,"Mozambique, Rep. of",MOZ,2006,0.581
137,"Mozambique, Rep. of",MOZ,2007,0.647
137,"Mozambique, Rep. of",MOZ,2008,0.384
137,"Mozambique, Rep. of",MOZ,2009,0.585
137,"Mozambique, Rep. of",MOZ,2010,1.105
137,"Mozambique, Rep. of",MOZ,2011,0.812
137,"Mozambique, Rep. of",MOZ,2012,0.746
137,"Mozambique, Rep. of",MOZ,2013,0.479
137,"Mozambique, Rep. of",MOZ,2014,0.716
137,"Mozambique, Rep. of",MOZ,2015,1.034
137,"Mozambique, Rep. of",MOZ,2016,1.262
137,"Mozambique, Rep. of",MOZ,2017,0.837
137,"Mozambique, Rep. of",MOZ,2018,0.81
137,"Mozambique, Rep. of",MOZ,2019,1.209
137,"Mozambique, Rep. of",MOZ,2020,1.026
137,"Mozambique, Rep. of",MOZ,2021,0.687
137,"Mozambique, Rep. of",MOZ,2022,0.834
138,Myanmar,MMR,1961,-0.024
138,Myanmar,MMR,1962,-0.112
138,Myanmar,MMR,1963,-0.169
138,Myanmar,MMR,1964,0.036
138,Myanmar,MMR,1965,-0.315
138,Myanmar,MMR,1966,0.377
138,Myanmar,MMR,1967,-0.058
138,Myanmar,MMR,1968,-0.17
138,Myanmar,MMR,1969,0.187
138,Myanmar,MMR,1970,-0.044
138,Myanmar,MMR,1971,-0.414
138,Myanmar,MMR,1972,-0.013
138,Myanmar,MMR,1973,0.263
138,Myanmar,MMR,1974,-0.252
138,Myanmar,MMR,1975,0.183
138,Myanmar,MMR,1976,-0.391
138,Myanmar,MMR,1977,-0.117
138,Myanmar,MMR,1978,0.076
138,Myanmar,MMR,1979,0.516
138,Myanmar,MMR,1980,0.298
138,Myanmar,MMR,1981,0.299
138,Myanmar,MMR,1982,0.08
138,Myanmar,MMR,1983,0.156
138,Myanmar,MMR,1984,0.086
138,Myanmar,MMR,1985,0.19
138,Myanmar,MMR,1986,0.091
138,Myanmar,MMR,1987,0.569
138,Myanmar,MMR,1988,0.408
138,Myanmar,MMR,1989,0.338
138,Myanmar,MMR,1990,0.215
138,Myanmar,MMR,1991,0.509
138,Myanmar,MMR,1992,0.101
138,Myanmar,MMR,1993,0.126
138,Myanmar,MMR,1994,0.494
138,Myanmar,MMR,1995,0.654
138,Myanmar,MMR,1996,0.439
138,Myanmar,MMR,1997,0.272
138,Myanmar,MMR,1998,1.192
138,Myanmar,MMR,1999,0.926
138,Myanmar,MMR,2000,0.223
138,Myanmar,MMR,2001,0.634
138,Myanmar,MMR,2002,0.676
138,Myanmar,MMR,2003,0.653
138,Myanmar,MMR,2004,0.6
138,Myanmar,MMR,2005,0.932
138,Myanmar,MMR,2006,0.855
138,Myanmar,MMR,2007,0.507
138,Myanmar,MMR,2008,0.495
138,Myanmar,MMR,2009,0.918
138,Myanmar,MMR,2010,1.203
138,Myanmar,MMR,2011,0.51
138,Myanmar,MMR,2012,0.915
138,Myanmar,MMR,2013,0.986
138,Myanmar,MMR,2014,0.902
138,Myanmar,MMR,2015,1.245
138,Myanmar,MMR,2016,1.443
138,Myanmar,MMR,2017,1.328
138,Myanmar,MMR,2018,1.064
138,Myanmar,MMR,2019,1.726
138,Myanmar,MMR,2020,1.669
138,Myanmar,MMR,2021,1.656
138,Myanmar,MMR,2022,1.436
139,Namibia,NAM,1961,0.184
139,Namibia,NAM,1962,-0.051
139,Namibia,NAM,1963,0.071
139,Namibia,NAM,1964,-0.081
139,Namibia,NAM,1965,-0.083
139,Namibia,NAM,1966,0.106
139,Namibia,NAM,1967,-0.159
139,Namibia,NAM,1968,-0.206
139,Namibia,NAM,1969,0.159
139,Namibia,NAM,1970,0.427
139,Namibia,NAM,1971,-0.157
139,Namibia,NAM,1972,0.033
139,Namibia,NAM,1973,0.624
139,Namibia,NAM,1974,-0.71
139,Namibia,NAM,1975,0.024
139,Namibia,NAM,1976,-0.539
139,Namibia,NAM,1977,0.2
139,Namibia,NAM,1978,-0.066
139,Namibia,NAM,1979,0.432
139,Namibia,NAM,1980,0.269
139,Namibia,NAM,1981,0.1
139,Namibia,NAM,1982,0.431
139,Namibia,NAM,1983,0.769
139,Namibia,NAM,1984,0.853
139,Namibia,NAM,1985,0.591
139,Namibia,NAM,1986,0.38
139,Namibia,NAM,1987,1.1
139,Namibia,NAM,1988,0.482
139,Namibia,NAM,1989,-0.289
139,Namibia,NAM,1990,0.726
139,Namibia,NAM,1991,0.211
139,Namibia,NAM,1992,0.658
139,Namibia,NAM,1993,0.702
139,Namibia,NAM,1994,0.315
139,Namibia,NAM,1995,1.004
139,Namibia,NAM,1996,0.19
139,Namibia,NAM,1997,0.048
139,Namibia,NAM,1998,1.284
139,Namibia,NAM,1999,0.85
139,Namibia,NAM,2000,-0.041
139,Namibia,NAM,2001,0.414
139,Namibia,NAM,2002,0.918
139,Namibia,NAM,2003,1.293
139,Namibia,NAM,2004,0.858
139,Namibia,NAM,2005,0.815
139,Namibia,NAM,2006,-0.079
139,Namibia,NAM,2007,0.997
139,Namibia,NAM,2008,0.672
139,Namibia,NAM,2009,0.462
139,Namibia,NAM,2010,1.214
139,Namibia,NAM,2011,-0.478
139,Namibia,NAM,2012,-0.128
139,Namibia,NAM,2013,0.759
139,Namibia,NAM,2014,0.439
139,Namibia,NAM,2015,1.215
139,Namibia,NAM,2016,1.473
139,Namibia,NAM,2017,0.818
139,Namibia,NAM,2018,1.11
139,Namibia,NAM,2019,1.821
139,Namibia,NAM,2020,0.601
139,Namibia,NAM,2021,-0.059
139,Namibia,NAM,2022,0.239
140,"Nauru, Rep. of",NRU,1961,-0.404
140,"Nauru, Rep. of",NRU,1966,-0.565
140,"Nauru, Rep. of",NRU,1971,-0.351
140,"Nauru, Rep. of",NRU,1972,-0.703
140,"Nauru, Rep. of",NRU,1973,0.257
140,"Nauru, Rep. of",NRU,1974,0.219
140,"Nauru, Rep. of",NRU,1975,0.28
140,"Nauru, Rep. of",NRU,1977,-0.329
140,"Nauru, Rep. of",NRU,1978,0.479
140,"Nauru, Rep. of",NRU,1979,0.433
140,"Nauru, Rep. of",NRU,1980,0.203
140,"Nauru, Rep. of",NRU,1981,0.342
140,"Nauru, Rep. of",NRU,1982,-0.173
140,"Nauru, Rep. of",NRU,1984,-0.017
140,"Nauru, Rep. of",NRU,1985,0.051
140,"Nauru, Rep. of",NRU,1989,0.199
140,"Nauru, Rep. of",NRU,1990,-0.18
140,"Nauru, Rep. of",NRU,1991,-0.006
140,"Nauru, Rep. of",NRU,1992,-0.434
141,Nepal,NPL,1961,0.13
141,Nepal,NPL,1962,-0.448
141,Nepal,NPL,1963,-0.184
141,Nepal,NPL,1964,0.177
141,Nepal,NPL,1965,-0.356
141,Nepal,NPL,1966,0.247
141,Nepal,NPL,1967,-0.254
141,Nepal,NPL,1968,-0.394
141,Nepal,NPL,1969,0.119
141,Nepal,NPL,1970,0.128
141,Nepal,NPL,1971,-0.561
141,Nepal,NPL,1972,0.024
141,Nepal,NPL,1973,0.161
141,Nepal,NPL,1974,0.15
141,Nepal,NPL,1975,-0.128
141,Nepal,NPL,1976,-0.035
141,Nepal,NPL,1977,-0.022
141,Nepal,NPL,1978,-0.41
141,Nepal,NPL,1979,0.318
141,Nepal,NPL,1980,0.121
141,Nepal,NPL,1981,-0.087
141,Nepal,NPL,1982,-0.164
141,Nepal,NPL,1983,-0.423
141,Nepal,NPL,1984,-0.079
141,Nepal,NPL,1985,0.324
141,Nepal,NPL,1986,-0.063
141,Nepal,NPL,1987,0.349
141,Nepal,NPL,1988,0.595
141,Nepal,NPL,1989,0.079
141,Nepal,NPL,1990,-0.035
141,Nepal,NPL,1991,0.075
141,Nepal,NPL,1992,-0.073
141,Nepal,NPL,1993,-0.177
141,Nepal,NPL,1994,0.158
141,Nepal,NPL,1995,0.305
141,Nepal,NPL,1996,0.208
141,Nepal,NPL,1997,-0.413
141,Nepal,NPL,1998,0.313
141,Nepal,NPL,1999,0.64
141,Nepal,NPL,2000,0.082
141,Nepal,NPL,2001,0.448
141,Nepal,NPL,2002,0.551
141,Nepal,NPL,2003,0.306
141,Nepal,NPL,2004,0.351
141,Nepal,NPL,2005,0.678
141,Nepal,NPL,2006,0.796
141,Nepal,NPL,2007,0.727
141,Nepal,NPL,2008,0.347
141,Nepal,NPL,2009,1.119
141,Nepal,NPL,2010,1.138
141,Nepal,NPL,2011,0.231
141,Nepal,NPL,2012,0.402
141,Nepal,NPL,2013,0.189
141,Nepal,NPL,2014,0.337
141,Nepal,NPL,2015,0.654
141,Nepal,NPL,2016,1.169
141,Nepal,NPL,2017,1.071
141,Nepal,NPL,2018,0.627
141,Nepal,NPL,2019,0.854
141,Nepal,NPL,2020,0.229
141,Nepal,NPL,2021,0.632
141,Nepal,NPL,2022,1.132
142,"Netherlands, The",NLD,1961,0.852
142,"Netherlands, The",NLD,1962,-0.908
142,"Netherlands, The",NLD,1963,-1.27
142,"Netherlands, The",NLD,1964,-0.337
142,"Netherlands, The",NLD,1965,-0.728
142,"Netherlands, The",NLD,1966,0.273
142,"Netherlands, The",NLD,1967,0.757
142,"Netherlands, The",NLD,1968,0.156
142,"Netherlands, The",NLD,1969,-0.007
142,"Netherlands, The",NLD,1970,-0.59
142,"Netherlands, The",NLD,1971,0.045
142,"Netherlands, The",NLD,1972,-0.116
142,"Netherlands, The",NLD,1973,0.29
142,"Netherlands, The",NLD,1974,0.23
142,"Netherlands, The",NLD,1975,1.035
142,"Netherlands, The",NLD,1976,0.709
142,"Netherlands, The",NLD,1977,0.159
142,"Netherlands, The",NLD,1978,-0.068
142,"Netherlands, The",NLD,1979,-0.902
142,"Netherlands, The",NLD,1980,0.01
142,"Netherlands, The",NLD,1981,0.339
142,"Netherlands, The",NLD,1982,0.47
142,"Netherlands, The",NLD,1983,0.87
142,"Netherlands, The",NLD,1984,0.062
142,"Netherlands, The",NLD,1985,-0.851
142,"Netherlands, The",NLD,1986,-0.197
142,"Netherlands, The",NLD,1987,-0.503
142,"Netherlands, The",NLD,1988,0.796
142,"Netherlands, The",NLD,1989,1.541
142,"Netherlands, The",NLD,1990,1.567
142,"Netherlands, The",NLD,1991,0.265
142,"Netherlands, The",NLD,1992,1.184
142,"Netherlands, The",NLD,1993,0.25
142,"Netherlands, The",NLD,1994,1.367
142,"Netherlands, The",NLD,1995,1.542
142,"Netherlands, The",NLD,1996,-0.779
142,"Netherlands, The",NLD,1997,0.611
142,"Netherlands, The",NLD,1998,1.068
142,"Netherlands, The",NLD,1999,1.574
142,"Netherlands, The",NLD,2000,1.595
142,"Netherlands, The",NLD,2001,1.266
142,"Netherlands, The",NLD,2002,1.526
142,"Netherlands, The",NLD,2003,1.207
142,"Netherlands, The",NLD,2004,1.16
142,"Netherlands, The",NLD,2005,1.252
142,"Netherlands, The",NLD,2006,1.507
142,"Netherlands, The",NLD,2007,2.074
142,"Netherlands, The",NLD,2008,1.432
142,"Netherlands, The",NLD,2009,1.223
142,"Netherlands, The",NLD,2010,0.1
142,"Netherlands, The",NLD,2011,1.071
142,"Netherlands, The",NLD,2012,1.149
142,"Netherlands, The",NLD,2013,0.427
142,"Netherlands, The",NLD,2014,2.564
142,"Netherlands, The",NLD,2015,1.29
142,"Netherlands, The",NLD,2016,1.936
142,"Netherlands, The",NLD,2017,1.731
142,"Netherlands, The",NLD,2018,2.135
142,"Netherlands, The",NLD,2019,2.142
142,"Netherlands, The",NLD,2020,2.483
142,"Netherlands, The",NLD,2021,1.316
142,"Netherlands, The",NLD,2022,2.601
143,New Caledonia,NCL,1961,-0.248
143,New Caledonia,NCL,1962,0.081
143,New Caledonia,NCL,1963,-0.211
143,New Caledonia,NCL,1964,0.164
143,New Caledonia,NCL,1965,-0.806
143,New Caledonia,NCL,1966,-0.638
143,New Caledonia,NCL,1967,0.032
143,New Caledonia,NCL,1968,-0.429
143,New Caledonia,NCL,1969,-0.167
143,New Caledonia,NCL,1970,0.454
143,New Caledonia,NCL,1971,0.128
143,New Caledonia,NCL,1972,-0.207
143,New Caledonia,NCL,1973,0.799
143,New Caledonia,NCL,1974,0.293
143,New Caledonia,NCL,1975,0.23
143,New Caledonia,NCL,1976,0.155
143,New Caledonia,NCL,1977,0.159
143,New Caledonia,NCL,1978,0.292
143,New Caledonia,NCL,1979,0.208
143,New Caledonia,NCL,1980,0.421
143,New Caledonia,NCL,1981,0.377
143,New Caledonia,NCL,1982,0.194
143,New Caledonia,NCL,1983,0.692
143,New Caledonia,NCL,1984,0.328
143,New Caledonia,NCL,1985,0.509
143,New Caledonia,NCL,1986,0.366
143,New Caledonia,NCL,1987,0.069
143,New Caledonia,NCL,1988,1.05
143,New Caledonia,NCL,1989,0.479
143,New Caledonia,NCL,1990,0.764
143,New Caledonia,NCL,1991,0.35
143,New Caledonia,NCL,1992,0.467
143,New Caledonia,NCL,1993,0.27
143,New Caledonia,NCL,1994,0.228
143,New Caledonia,NCL,1995,1.01
143,New Caledonia,NCL,1996,1.204
143,New Caledonia,NCL,1997,0.549
143,New Caledonia,NCL,1998,2.002
143,New Caledonia,NCL,1999,1.229
143,New Caledonia,NCL,2000,0.759
143,New Caledonia,NCL,2001,1.027
143,New Caledonia,NCL,2002,1.03
143,New Caledonia,NCL,2003,0.788
143,New Caledonia,NCL,2004,0.913
143,New Caledonia,NCL,2005,0.762
143,New Caledonia,NCL,2006,0.683
143,New Caledonia,NCL,2007,1.146
143,New Caledonia,NCL,2008,1.129
143,New Caledonia,NCL,2009,0.909
143,New Caledonia,NCL,2010,1.254
143,New Caledonia,NCL,2011,1.022
143,New Caledonia,NCL,2012,0.87
143,New Caledonia,NCL,2013,1.026
143,New Caledonia,NCL,2014,1.005
143,New Caledonia,NCL,2015,1.215
143,New Caledonia,NCL,2016,2.026
143,New Caledonia,NCL,2017,1.768
143,New Caledonia,NCL,2018,1.384
143,New Caledonia,NCL,2019,1.303
143,New Caledonia,NCL,2020,1.764
143,New Caledonia,NCL,2021,1.689
143,New Caledonia,NCL,2022,2.421
144,New Zealand,NZL,1961,-0.282
144,New Zealand,NZL,1962,0.581
144,New Zealand,NZL,1963,-0.356
144,New Zealand,NZL,1964,-0.455
144,New Zealand,NZL,1965,-0.451
144,New Zealand,NZL,1966,-0.233
144,New Zealand,NZL,1967,-0.184
144,New Zealand,NZL,1968,-0.086
144,New Zealand,NZL,1969,-0.374
144,New Zealand,NZL,1970,0.596
144,New Zealand,NZL,1971,0.684
144,New Zealand,NZL,1972,0.119
144,New Zealand,NZL,1973,0.196
144,New Zealand,NZL,1974,0.363
144,New Zealand,NZL,1975,0.588
144,New Zealand,NZL,1976,-0.51
144,New Zealand,NZL,1977,-0.388
144,New Zealand,NZL,1978,0.387
144,New Zealand,NZL,1979,0.316
144,New Zealand,NZL,1980,0.007
144,New Zealand,NZL,1981,0.427
144,New Zealand,NZL,1982,-0.062
144,New Zealand,NZL,1983,-0.294
144,New Zealand,NZL,1984,0.174
144,New Zealand,NZL,1985,0.398
144,New Zealand,NZL,1986,0.382
144,New Zealand,NZL,1987,0.397
144,New Zealand,NZL,1988,0.488
144,New Zealand,NZL,1989,0.736
144,New Zealand,NZL,1990,0.572
144,New Zealand,NZL,1991,-0.028
144,New Zealand,NZL,1992,-0.716
144,New Zealand,NZL,1993,-0.38
144,New Zealand,NZL,1994,-0.077
144,New Zealand,NZL,1995,0.108
144,New Zealand,NZL,1996,0.244
144,New Zealand,NZL,1997,-0.128
144,New Zealand,NZL,1998,0.981
144,New Zealand,NZL,1999,1.009
144,New Zealand,NZL,2000,0.265
144,New Zealand,NZL,2001,0.572
144,New Zealand,NZL,2002,0.42
144,New Zealand,NZL,2003,0.238
144,New Zealand,NZL,2004,0.033
144,New Zealand,NZL,2005,0.443
144,New Zealand,NZL,2006,0.391
144,New Zealand,NZL,2007,0.237
144,New Zealand,NZL,2008,0.564
144,New Zealand,NZL,2009,0.059
144,New Zealand,NZL,2010,0.598
144,New Zealand,NZL,2011,0.673
144,New Zealand,NZL,2012,0.125
144,New Zealand,NZL,2013,0.999
144,New Zealand,NZL,2014,0.544
144,New Zealand,NZL,2015,0.568
144,New Zealand,NZL,2016,1.214
144,New Zealand,NZL,2017,0.627
144,New Zealand,NZL,2018,1.173
144,New Zealand,NZL,2019,1.118
144,New Zealand,NZL,2020,0.912
144,New Zealand,NZL,2021,0.982
144,New Zealand,NZL,2022,1.319
145,Nicaragua,NIC,1961,-0.089
145,Nicaragua,NIC,1962,-0.329
145,Nicaragua,NIC,1963,-0.203
145,Nicaragua,NIC,1964,-0.107
145,Nicaragua,NIC,1965,0.041
145,Nicaragua,NIC,1966,0.185
145,Nicaragua,NIC,1967,-0.269
145,Nicaragua,NIC,1968,-0.235
145,Nicaragua,NIC,1969,0.291
145,Nicaragua,NIC,1970,-0.206
145,Nicaragua,NIC,1971,-0.293
145,Nicaragua,NIC,1972,0.163
145,Nicaragua,NIC,1973,0.434
145,Nicaragua,NIC,1974,-0.252
145,Nicaragua,NIC,1975,0.061
145,Nicaragua,NIC,1976,-0.072
145,Nicaragua,NIC,1977,0.269
145,Nicaragua,NIC,1978,0.205
145,Nicaragua,NIC,1979,0.177
145,Nicaragua,NIC,1980,0.511
145,Nicaragua,NIC,1981,0.255
145,Nicaragua,NIC,1982,0.659
145,Nicaragua,NIC,1983,0.786
145,Nicaragua,NIC,1984,0.04
145,Nicaragua,NIC,1985,0.107
145,Nicaragua,NIC,1986,0.171
145,Nicaragua,NIC,1987,0.422
145,Nicaragua,NIC,1988,0.505
145,Nicaragua,NIC,1989,0.158
145,Nicaragua,NIC,1990,0.35
145,Nicaragua,NIC,1991,0.497
145,Nicaragua,NIC,1992,0.487
145,Nicaragua,NIC,1993,0.317
145,Nicaragua,NIC,1994,0.707
145,Nicaragua,NIC,1995,0.898
145,Nicaragua,NIC,1996,0.077
145,Nicaragua,NIC,1997,0.808
145,Nicaragua,NIC,1998,1.087
145,Nicaragua,NIC,1999,0.169
145,Nicaragua,NIC,2000,0.142
145,Nicaragua,NIC,2001,0.502
145,Nicaragua,NIC,2002,0.79
145,Nicaragua,NIC,2003,0.738
145,Nicaragua,NIC,2004,0.576
145,Nicaragua,NIC,2005,0.841
145,Nicaragua,NIC,2006,0.707
145,Nicaragua,NIC,2007,0.844
145,Nicaragua,NIC,2008,0.567
145,Nicaragua,NIC,2009,0.821
145,Nicaragua,NIC,2010,0.868
145,Nicaragua,NIC,2011,0.695
145,Nicaragua,NIC,2012,0.683
145,Nicaragua,NIC,2013,1.201
145,Nicaragua,NIC,2014,0.802
145,Nicaragua,NIC,2015,1.018
145,Nicaragua,NIC,2016,1.315
145,Nicaragua,NIC,2017,1.025
145,Nicaragua,NIC,2018,0.9
145,Nicaragua,NIC,2019,1.161
145,Nicaragua,NIC,2020,1.526
145,Nicaragua,NIC,2021,1.026
145,Nicaragua,NIC,2022,0.842
146,Niger,NER,1961,-0.694
146,Niger,NER,1962,-0.135
146,Niger,NER,1963,0.434
146,Niger,NER,1964,-0.261
146,Niger,NER,1965,-0.007
146,Niger,NER,1966,-0.092
146,Niger,NER,1967,-0.364
146,Niger,NER,1968,0.08
146,Niger,NER,1969,0.766
146,Niger,NER,1970,0.051
146,Niger,NER,1971,-0.092
146,Niger,NER,1972,0.334
146,Niger,NER,1973,0.445
146,Niger,NER,1974,0.008
146,Niger,NER,1975,-0.409
146,Niger,NER,1976,0.288
146,Niger,NER,1977,-0.357
146,Niger,NER,1978,0.192
146,Niger,NER,1979,0.714
146,Niger,NER,1980,0.518
146,Niger,NER,1981,0.04
146,Niger,NER,1982,0.371
146,Niger,NER,1983,0.029
146,Niger,NER,1984,0.607
146,Niger,NER,1985,0.284
146,Niger,NER,1986,0.733
146,Niger,NER,1987,0.655
146,Niger,NER,1988,0.587
146,Niger,NER,1989,-0.384
146,Niger,NER,1990,0.48
146,Niger,NER,1991,0.862
146,Niger,NER,1992,-0.286
146,Niger,NER,1993,0.403
146,Niger,NER,1994,0.205
146,Niger,NER,1995,0.373
146,Niger,NER,1996,1.054
146,Niger,NER,1997,0.688
146,Niger,NER,1998,0.652
146,Niger,NER,1999,0.549
146,Niger,NER,2000,0.677
146,Niger,NER,2001,0.165
146,Niger,NER,2002,0.542
146,Niger,NER,2003,0.778
146,Niger,NER,2004,0.545
146,Niger,NER,2005,1.169
146,Niger,NER,2006,1.179
146,Niger,NER,2007,0.872
146,Niger,NER,2008,0.283
146,Niger,NER,2009,1.313
146,Niger,NER,2010,1.557
146,Niger,NER,2011,0.956
146,Niger,NER,2012,0.588
146,Niger,NER,2013,0.809
146,Niger,NER,2014,0.987
146,Niger,NER,2015,0.832
146,Niger,NER,2016,0.933
146,Niger,NER,2017,0.843
146,Niger,NER,2018,1.065
146,Niger,NER,2019,0.943
146,Niger,NER,2020,0.776
146,Niger,NER,2021,1.425
146,Niger,NER,2022,0.428
147,Nigeria,NGA,1961,-0.241
147,Nigeria,NGA,1962,-0.247
147,Nigeria,NGA,1963,0.271
147,Nigeria,NGA,1964,-0.257
147,Nigeria,NGA,1965,-0.037
147,Nigeria,NGA,1966,-0.063
147,Nigeria,NGA,1967,-0.317
147,Nigeria,NGA,1968,-0.035
147,Nigeria,NGA,1969,0.393
147,Nigeria,NGA,1970,0.218
147,Nigeria,NGA,1971,-0.053
147,Nigeria,NGA,1972,0.074
147,Nigeria,NGA,1973,0.791
147,Nigeria,NGA,1974,0.135
147,Nigeria,NGA,1975,-0.278
147,Nigeria,NGA,1976,0.038
147,Nigeria,NGA,1977,0.286
147,Nigeria,NGA,1978,0.004
147,Nigeria,NGA,1979,0.508
147,Nigeria,NGA,1980,0.375
147,Nigeria,NGA,1981,0.155
147,Nigeria,NGA,1982,0.36
147,Nigeria,NGA,1983,0.238
147,Nigeria,NGA,1984,0.794
147,Nigeria,NGA,1985,0.389
147,Nigeria,NGA,1986,0.544
147,Nigeria,NGA,1987,0.823
147,Nigeria,NGA,1988,0.501
147,Nigeria,NGA,1989,-0.412
147,Nigeria,NGA,1990,0.582
147,Nigeria,NGA,1991,0.621
147,Nigeria,NGA,1992,-0.122
147,Nigeria,NGA,1993,0.497
147,Nigeria,NGA,1994,0.424
147,Nigeria,NGA,1995,0.38
147,Nigeria,NGA,1996,0.748
147,Nigeria,NGA,1997,0.646
147,Nigeria,NGA,1998,1.034
147,Nigeria,NGA,1999,0.766
147,Nigeria,NGA,2000,0.526
147,Nigeria,NGA,2001,0.225
147,Nigeria,NGA,2002,0.776
147,Nigeria,NGA,2003,0.776
147,Nigeria,NGA,2004,0.698
147,Nigeria,NGA,2005,1.182
147,Nigeria,NGA,2006,1.204
147,Nigeria,NGA,2007,0.816
147,Nigeria,NGA,2008,0.585
147,Nigeria,NGA,2009,1.301
147,Nigeria,NGA,2010,1.426
147,Nigeria,NGA,2011,0.852
147,Nigeria,NGA,2012,0.526
147,Nigeria,NGA,2013,0.922
147,Nigeria,NGA,2014,1.012
147,Nigeria,NGA,2015,1.187
147,Nigeria,NGA,2016,1.168
147,Nigeria,NGA,2017,1.17
147,Nigeria,NGA,2018,1.093
147,Nigeria,NGA,2019,1.229
147,Nigeria,NGA,2020,1.127
147,Nigeria,NGA,2021,1.559
147,Nigeria,NGA,2022,0.791
148,Niue,NIU,1961,0.285
148,Niue,NIU,1962,-0.291
148,Niue,NIU,1963,-0.402
148,Niue,NIU,1964,0.148
148,Niue,NIU,1965,-0.468
148,Niue,NIU,1966,-0.362
148,Niue,NIU,1967,-0.22
148,Niue,NIU,1968,-0.06
148,Niue,NIU,1972,-0.145
148,Niue,NIU,1973,0.621
148,Niue,NIU,1974,0.137
148,Niue,NIU,1975,-0.033
148,Niue,NIU,1976,0.292
148,Niue,NIU,1977,0.133
148,Niue,NIU,1978,0.284
148,Niue,NIU,1979,0.226
148,Niue,NIU,1980,0.15
148,Niue,NIU,1981,-0.049
148,Niue,NIU,1982,0.163
148,Niue,NIU,1983,0.424
148,Niue,NIU,1984,0.525
148,Niue,NIU,1985,0.33
148,Niue,NIU,1986,0.213
148,Niue,NIU,1987,0.322
148,Niue,NIU,1988,0.767
148,Niue,NIU,1989,0.324
148,Niue,NIU,1990,0.422
148,Niue,NIU,1991,0.665
148,Niue,NIU,1992,0.297
149,Norfolk Island,NFK,1961,-0.315
149,Norfolk Island,NFK,1962,0.396
149,Norfolk Island,NFK,1963,0.1
149,Norfolk Island,NFK,1964,0.17
149,Norfolk Island,NFK,1965,-0.452
149,Norfolk Island,NFK,1966,-0.265
149,Norfolk Island,NFK,1967,0.201
149,Norfolk Island,NFK,1968,-0.005
149,Norfolk Island,NFK,1969,-0.365
149,Norfolk Island,NFK,1970,0.446
149,Norfolk Island,NFK,1971,0.378
149,Norfolk Island,NFK,1972,-0.088
149,Norfolk Island,NFK,1973,0.758
149,Norfolk Island,NFK,1976,-0.179
149,Norfolk Island,NFK,1977,-0.246
149,Norfolk Island,NFK,1978,-0.118
149,Norfolk Island,NFK,1979,0.015
149,Norfolk Island,NFK,1980,-0.032
149,Norfolk Island,NFK,1981,0.195
149,Norfolk Island,NFK,1982,-0.042
149,Norfolk Island,NFK,1983,0.269
149,Norfolk Island,NFK,1984,0.149
149,Norfolk Island,NFK,1985,0.212
149,Norfolk Island,NFK,1986,0.282
149,Norfolk Island,NFK,1987,-0.015
149,Norfolk Island,NFK,1988,0.8
149,Norfolk Island,NFK,1989,0.516
149,Norfolk Island,NFK,1990,0.486
149,Norfolk Island,NFK,1991,0.131
149,Norfolk Island,NFK,1992,-0.143
149,Norfolk Island,NFK,1993,-0.107
149,Norfolk Island,NFK,1994,-0.161
149,Norfolk Island,NFK,1995,0.463
149,Norfolk Island,NFK,1996,0.818
149,Norfolk Island,NFK,1997,-0.165
149,Norfolk Island,NFK,1998,1.409
149,Norfolk Island,NFK,2000,-0.051
149,Norfolk Island,NFK,2001,0.25
149,Norfolk Island,NFK,2002,0.166
149,Norfolk Island,NFK,2003,0.045
149,Norfolk Island,NFK,2004,0.294
149,Norfolk Island,NFK,2005,0.326
149,Norfolk Island,NFK,2006,0.208
149,Norfolk Island,NFK,2007,0.294
149,Norfolk Island,NFK,2008,0.183
149,Norfolk Island,NFK,2009,0.232
149,Norfolk Island,NFK,2010,0.47
149,Norfolk Island,NFK,2011,0.571
149,Norfolk Island,NFK,2012,0.101
149,Norfolk Island,NFK,2013,0.153
149,Norfolk Island,NFK,2014,-0.005
149,Norfolk Island,NFK,2015,0.532
149,Norfolk Island,NFK,2016,1.05
149,Norfolk Island,NFK,2017,0.717
149,Norfolk Island,NFK,2018,0.7
149,Norfolk Island,NFK,2019,0.667
149,Norfolk Island,NFK,2020,0.705
149,Norfolk Island,NFK,2021,0.613
149,Norfolk Island,NFK,2022,1.225
150,"North Macedonia, Republic of",MKD,1992,0.02
150,"North Macedonia, Republic of",MKD,1993,-0.01
150,"North Macedonia, Republic of",MKD,1994,1.451
150,"North Macedonia, Republic of",MKD,1995,-0.076
150,"North Macedonia, Republic of",MKD,1996,-0.146
150,"North Macedonia, Republic of",MKD,1997,-0.139
150,"North Macedonia, Republic of",MKD,1998,0.746
150,"North Macedonia, Republic of",MKD,1999,0.586
150,"North Macedonia, Republic of",MKD,2000,1.07
150,"North Macedonia, Republic of",MKD,2001,1.587
150,"North Macedonia, Republic of",MKD,2002,0.364
150,"North Macedonia, Republic of",MKD,2003,0.618
150,"North Macedonia, Republic of",MKD,2004,0.362
150,"North Macedonia, Republic of",MKD,2005,0.148
150,"North Macedonia, Republic of",MKD,2006,0.372
150,"North Macedonia, Republic of",MKD,2007,1.518
150,"North Macedonia, Republic of",MKD,2008,1.128
150,"North Macedonia, Republic of",MKD,2009,1.011
150,"North Macedonia, Republic of",MKD,2010,1.346
150,"North Macedonia, Republic of",MKD,2011,0.735
150,"North Macedonia, Republic of",MKD,2012,1.448
150,"North Macedonia, Republic of",MKD,2013,1.415
150,"North Macedonia, Republic of",MKD,2014,1.292
150,"North Macedonia, Republic of",MKD,2015,1.479
150,"North Macedonia, Republic of",MKD,2016,1.635
150,"North Macedonia, Republic of",MKD,2017,1.06
150,"North Macedonia, Republic of",MKD,2018,2.083
150,"North Macedonia, Republic of",MKD,2019,1.822
150,"North Macedonia, Republic of",MKD,2020,1.467
150,"North Macedonia, Republic of",MKD,2021,1.53
150,"North Macedonia, Republic of",MKD,2022,1.404
151,Norway,NOR,1961,1.239
151,Norway,NOR,1962,-0.776
151,Norway,NOR,1963,-0.13
151,Norway,NOR,1964,0.373
151,Norway,NOR,1965,-0.264
151,Norway,NOR,1966,-1.642
151,Norway,NOR,1967,0.558
151,Norway,NOR,1968,-0.937
151,Norway,NOR,1969,-0.173
151,Norway,NOR,1970,-0.695
151,Norway,NOR,1971,-0.079
151,Norway,NOR,1972,0.931
151,Norway,NOR,1973,0.918
151,Norway,NOR,1974,0.969
151,Norway,NOR,1975,1.058
151,Norway,NOR,1976,-0.041
151,Norway,NOR,1977,-0.552
151,Norway,NOR,1978,-0.101
151,Norway,NOR,1979,-1.07
151,Norway,NOR,1980,-0.313
151,Norway,NOR,1981,-0.494
151,Norway,NOR,1982,-0.054
151,Norway,NOR,1983,0.633
151,Norway,NOR,1984,0.532
151,Norway,NOR,1985,-0.594
151,Norway,NOR,1986,-0.43
151,Norway,NOR,1987,-0.83
151,Norway,NOR,1988,0.476
151,Norway,NOR,1989,1.741
151,Norway,NOR,1990,1.517
151,Norway,NOR,1991,0.977
151,Norway,NOR,1992,1.121
151,Norway,NOR,1993,0.697
151,Norway,NOR,1994,0.065
151,Norway,NOR,1995,0.944
151,Norway,NOR,1996,-0.06
151,Norway,NOR,1997,0.761
151,Norway,NOR,1998,0.383
151,Norway,NOR,1999,1.257
151,Norway,NOR,2000,1.427
151,Norway,NOR,2001,0.613
151,Norway,NOR,2002,1.386
151,Norway,NOR,2003,1.089
151,Norway,NOR,2004,1.3
151,Norway,NOR,2005,1.759
151,Norway,NOR,2006,1.504
151,Norway,NOR,2007,1.702
151,Norway,NOR,2008,1.619
151,Norway,NOR,2009,1.393
151,Norway,NOR,2010,-0.341
151,Norway,NOR,2011,1.398
151,Norway,NOR,2012,1.063
151,Norway,NOR,2013,0.791
151,Norway,NOR,2014,2.412
151,Norway,NOR,2015,1.781
151,Norway,NOR,2016,1.718
151,Norway,NOR,2017,1.551
151,Norway,NOR,2018,1.485
151,Norway,NOR,2019,1.208
151,Norway,NOR,2020,2.389
151,Norway,NOR,2021,1.499
151,Norway,NOR,2022,1.918
152,Oman,OMN,1961,-0.274
152,Oman,OMN,1962,0.338
152,Oman,OMN,1963,0.393
152,Oman,OMN,1964,-0.478
152,Oman,OMN,1965,-0.315
152,Oman,OMN,1966,0.18
152,Oman,OMN,1967,0.034
152,Oman,OMN,1968,-0.614
152,Oman,OMN,1969,0.247
152,Oman,OMN,1970,0.855
152,Oman,OMN,1971,0.08
152,Oman,OMN,1972,-0.1
152,Oman,OMN,1973,-0.172
152,Oman,OMN,1974,-0.137
152,Oman,OMN,1975,-0.225
152,Oman,OMN,1976,0.221
152,Oman,OMN,1977,0.575
152,Oman,OMN,1978,0.138
152,Oman,OMN,1979,0.138
152,Oman,OMN,1980,-0.02
152,Oman,OMN,1981,0.223
152,Oman,OMN,1982,-0.418
152,Oman,OMN,1983,-0.698
152,Oman,OMN,1984,-0.706
152,Oman,OMN,1985,-0.104
152,Oman,OMN,1986,-0.042
152,Oman,OMN,1987,0.07
152,Oman,OMN,1988,0.201
152,Oman,OMN,1989,-0.347
152,Oman,OMN,1990,0.061
152,Oman,OMN,1991,-0.304
152,Oman,OMN,1992,-0.55
152,Oman,OMN,1993,0.247
152,Oman,OMN,1994,0.126
152,Oman,OMN,1995,-0.018
152,Oman,OMN,1996,-0.114
152,Oman,OMN,1997,-0.227
152,Oman,OMN,1998,0.745
152,Oman,OMN,1999,0.578
152,Oman,OMN,2000,0.554
152,Oman,OMN,2001,0.661
152,Oman,OMN,2002,0.891
152,Oman,OMN,2003,0.838
152,Oman,OMN,2004,0.778
152,Oman,OMN,2005,0.814
152,Oman,OMN,2006,0.838
152,Oman,OMN,2007,0.652
152,Oman,OMN,2008,0.537
152,Oman,OMN,2009,0.728
152,Oman,OMN,2010,1.104
152,Oman,OMN,2011,0.84
152,Oman,OMN,2012,0.754
152,Oman,OMN,2013,0.473
152,Oman,OMN,2014,0.485
152,Oman,OMN,2015,1.213
152,Oman,OMN,2016,0.933
152,Oman,OMN,2017,1.421
152,Oman,OMN,2018,1.121
152,Oman,OMN,2019,0.89
152,Oman,OMN,2020,0.496
152,Oman,OMN,2021,1.329
152,Oman,OMN,2022,1.055
153,Pakistan,PAK,1961,-0.272
153,Pakistan,PAK,1962,-0.242
153,Pakistan,PAK,1963,0.422
153,Pakistan,PAK,1964,-0.379
153,Pakistan,PAK,1965,-0.279
153,Pakistan,PAK,1966,-0.142
153,Pakistan,PAK,1967,-0.319
153,Pakistan,PAK,1968,-0.47
153,Pakistan,PAK,1969,0.247
153,Pakistan,PAK,1970,0.556
153,Pakistan,PAK,1971,0.198
153,Pakistan,PAK,1972,-0.476
153,Pakistan,PAK,1973,0.117
153,Pakistan,PAK,1974,-0.176
153,Pakistan,PAK,1975,-0.584
153,Pakistan,PAK,1976,-0.271
153,Pakistan,PAK,1977,0.352
153,Pakistan,PAK,1978,-0.006
153,Pakistan,PAK,1979,-0.005
153,Pakistan,PAK,1980,0.485
153,Pakistan,PAK,1981,0.31
153,Pakistan,PAK,1982,-0.37
153,Pakistan,PAK,1983,-0.399
153,Pakistan,PAK,1984,-0.206
153,Pakistan,PAK,1985,0.221
153,Pakistan,PAK,1986,-0.288
153,Pakistan,PAK,1987,0.161
153,Pakistan,PAK,1988,0.72
153,Pakistan,PAK,1989,-0.313
153,Pakistan,PAK,1990,0.339
153,Pakistan,PAK,1991,-0.306
153,Pakistan,PAK,1992,-0.413
153,Pakistan,PAK,1993,0.415
153,Pakistan,PAK,1994,0.162
153,Pakistan,PAK,1995,-0.116
153,Pakistan,PAK,1996,-0.152
153,Pakistan,PAK,1997,-0.386
153,Pakistan,PAK,1998,0.436
153,Pakistan,PAK,1999,0.823
153,Pakistan,PAK,2000,0.668
153,Pakistan,PAK,2001,0.762
153,Pakistan,PAK,2002,1.021
153,Pakistan,PAK,2003,0.527
153,Pakistan,PAK,2004,1.006
153,Pakistan,PAK,2005,0.211
153,Pakistan,PAK,2006,1.023
153,Pakistan,PAK,2007,0.65
153,Pakistan,PAK,2008,0.362
153,Pakistan,PAK,2009,1.034
153,Pakistan,PAK,2010,1.29
153,Pakistan,PAK,2011,0.833
153,Pakistan,PAK,2012,0.263
153,Pakistan,PAK,2013,0.778
153,Pakistan,PAK,2014,0.358
153,Pakistan,PAK,2015,0.529
153,Pakistan,PAK,2016,1.233
153,Pakistan,PAK,2017,1.252
153,Pakistan,PAK,2018,1.359
153,Pakistan,PAK,2019,0.566
153,Pakistan,PAK,2020,0.394
153,Pakistan,PAK,2021,1.121
153,Pakistan,PAK,2022,1.389
154,"Palau, Rep. of",PLW,1992,0.069
154,"Palau, Rep. of",PLW,1993,0.019
154,"Palau, Rep. of",PLW,1994,0.249
154,"Palau, Rep. of",PLW,1995,0.301
154,"Palau, Rep. of",PLW,1996,0.357
154,"Palau, Rep. of",PLW,1997,0.342
154,"Palau, Rep. of",PLW,1998,0.602
154,"Palau, Rep. of",PLW,1999,0.412
154,"Palau, Rep. of",PLW,2000,0.399
154,"Palau, Rep. of",PLW,2001,0.436
154,"Palau, Rep. of",PLW,2002,0.555
154,"Palau, Rep. of",PLW,2003,0.365
154,"Palau, Rep. of",PLW,2004,0.552
154,"Palau, Rep. of",PLW,2005,0.387
154,"Palau, Rep. of",PLW,2006,0.427
154,"Palau, Rep. of",PLW,2007,0.525
154,"Palau, Rep. of",PLW,2009,0.65
154,"Palau, Rep. of",PLW,2010,0.598
154,"Palau, Rep. of",PLW,2011,0.573
154,"Palau, Rep. of",PLW,2012,0.77
154,"Palau, Rep. of",PLW,2013,0.885
154,"Palau, Rep. of",PLW,2014,0.952
154,"Palau, Rep. of",PLW,2015,1.201
154,"Palau, Rep. of",PLW,2016,1.264
154,"Palau, Rep. of",PLW,2017,1.133
154,"Palau, Rep. of",PLW,2018,1.205
154,"Palau, Rep. of",PLW,2021,1.468
154,"Palau, Rep. of",PLW,2022,1.672
155,Panama,PAN,1965,-0.216
155,Panama,PAN,1966,0.117
155,Panama,PAN,1967,-0.215
155,Panama,PAN,1968,-0.14
155,Panama,PAN,1969,0.259
155,Panama,PAN,1970,0.117
155,Panama,PAN,1971,-0.334
155,Panama,PAN,1972,0.072
155,Panama,PAN,1973,0.164
155,Panama,PAN,1974,-0.377
155,Panama,PAN,1975,-0.401
155,Panama,PAN,1976,-0.024
155,Panama,PAN,1977,0.23
155,Panama,PAN,1978,0.12
155,Panama,PAN,1979,0.198
155,Panama,PAN,1980,0.481
155,Panama,PAN,1981,0.294
155,Panama,PAN,1982,0.444
155,Panama,PAN,1983,0.919
155,Panama,PAN,1984,-0.004
155,Panama,PAN,1985,-0.156
155,Panama,PAN,1986,0.069
155,Panama,PAN,1987,0.566
155,Panama,PAN,1988,0.183
155,Panama,PAN,1989,0.085
155,Panama,PAN,1990,0.394
155,Panama,PAN,1991,0.531
155,Panama,PAN,1992,0.403
155,Panama,PAN,1993,0.459
155,Panama,PAN,1994,0.456
155,Panama,PAN,1995,0.591
155,Panama,PAN,1996,0.3
155,Panama,PAN,1997,0.647
155,Panama,PAN,1998,0.991
155,Panama,PAN,1999,-0.088
155,Panama,PAN,2000,0.144
155,Panama,PAN,2001,0.551
155,Panama,PAN,2002,0.883
155,Panama,PAN,2003,0.926
155,Panama,PAN,2004,0.729
155,Panama,PAN,2005,0.741
155,Panama,PAN,2006,0.744
155,Panama,PAN,2007,0.654
155,Panama,PAN,2008,0.435
155,Panama,PAN,2009,0.953
155,Panama,PAN,2010,0.978
155,Panama,PAN,2011,0.585
155,Panama,PAN,2012,0.88
155,Panama,PAN,2013,0.999
155,Panama,PAN,2014,1.014
155,Panama,PAN,2015,1.232
155,Panama,PAN,2016,1.171
155,Panama,PAN,2017,0.94
155,Panama,PAN,2018,1.283
155,Panama,PAN,2019,1.43
155,Panama,PAN,2020,1.481
155,Panama,PAN,2021,1.199
155,Panama,PAN,2022,0.728
156,Papua New Guinea,PNG,1961,-0.162
156,Papua New Guinea,PNG,1962,0.241
156,Papua New Guinea,PNG,1963,0.009
156,Papua New Guinea,PNG,1964,0.105
156,Papua New Guinea,PNG,1965,-0.493
156,Papua New Guinea,PNG,1966,-0.07
156,Papua New Guinea,PNG,1967,-0.22
156,Papua New Guinea,PNG,1968,-0.037
156,Papua New Guinea,PNG,1969,0.123
156,Papua New Guinea,PNG,1970,0.201
156,Papua New Guinea,PNG,1971,0.005
156,Papua New Guinea,PNG,1972,-0.344
156,Papua New Guinea,PNG,1973,0.153
156,Papua New Guinea,PNG,1974,0.022
156,Papua New Guinea,PNG,1975,0.016
156,Papua New Guinea,PNG,1976,-0.296
156,Papua New Guinea,PNG,1977,-0.086
156,Papua New Guinea,PNG,1978,0.212
156,Papua New Guinea,PNG,1979,0.117
156,Papua New Guinea,PNG,1980,0.207
156,Papua New Guinea,PNG,1981,0.293
156,Papua New Guinea,PNG,1982,-0.091
156,Papua New Guinea,PNG,1983,0.367
156,Papua New Guinea,PNG,1984,0.307
156,Papua New Guinea,PNG,1985,0.222
156,Papua New Guinea,PNG,1986,0.341
156,Papua New Guinea,PNG,1987,0.38
156,Papua New Guinea,PNG,1988,0.666
156,Papua New Guinea,PNG,1989,0.424
156,Papua New Guinea,PNG,1990,0.413
156,Papua New Guinea,PNG,1991,0.281
156,Papua New Guinea,PNG,1992,0.542
156,Papua New Guinea,PNG,1993,0.364
156,Papua New Guinea,PNG,1994,0.356
156,Papua New Guinea,PNG,1995,0.654
156,Papua New Guinea,PNG,1996,0.551
156,Papua New Guinea,PNG,1997,0.079
156,Papua New Guinea,PNG,1998,1.012
156,Papua New Guinea,PNG,1999,0.311
156,Papua New Guinea,PNG,2000,0.377
156,Papua New Guinea,PNG,2001,0.496
156,Papua New Guinea,PNG,2002,0.671
156,Papua New Guinea,PNG,2003,0.519
156,Papua New Guinea,PNG,2004,0.234
156,Papua New Guinea,PNG,2005,0.658
156,Papua New Guinea,PNG,2006,0.252
156,Papua New Guinea,PNG,2007,0.438
156,Papua New Guinea,PNG,2008,0.342
156,Papua New Guinea,PNG,2009,0.317
156,Papua New Guinea,PNG,2010,1.007
156,Papua New Guinea,PNG,2011,0.388
156,Papua New Guinea,PNG,2012,0.295
156,Papua New Guinea,PNG,2013,0.8
156,Papua New Guinea,PNG,2014,0.393
156,Papua New Guinea,PNG,2015,0.16
156,Papua New Guinea,PNG,2016,1.129
156,Papua New Guinea,PNG,2017,0.79
156,Papua New Guinea,PNG,2018,0.662
156,Papua New Guinea,PNG,2019,0.695
156,Papua New Guinea,PNG,2020,1.082
156,Papua New Guinea,PNG,2021,1.18
156,Papua New Guinea,PNG,2022,1.221
157,Paraguay,PRY,1961,0.563
157,Paraguay,PRY,1962,-0.663
157,Paraguay,PRY,1963,0.903
157,Paraguay,PRY,1964,-0.238
157,Paraguay,PRY,1965,-0.079
157,Paraguay,PRY,1966,-0.088
157,Paraguay,PRY,1967,0.481
157,Paraguay,PRY,1968,-0.041
157,Paraguay,PRY,1969,0.384
157,Paraguay,PRY,1970,0.261
157,Paraguay,PRY,1971,-0.385
157,Paraguay,PRY,1972,0.42
157,Paraguay,PRY,1973,0.094
157,Paraguay,PRY,1974,-0.265
157,Paraguay,PRY,1975,-0.121
157,Paraguay,PRY,1976,-0.435
157,Paraguay,PRY,1977,0.7
157,Paraguay,PRY,1978,0.658
157,Paraguay,PRY,1979,0.096
157,Paraguay,PRY,1980,0.187
157,Paraguay,PRY,1981,0.387
157,Paraguay,PRY,1982,0.356
157,Paraguay,PRY,1983,-0.312
157,Paraguay,PRY,1984,0.482
157,Paraguay,PRY,1985,0.37
157,Paraguay,PRY,1986,0.835
157,Paraguay,PRY,1987,0.173
157,Paraguay,PRY,1988,-0.073
157,Paraguay,PRY,1989,-0.109
157,Paraguay,PRY,1990,0.016
157,Paraguay,PRY,1991,0.648
157,Paraguay,PRY,1992,-0.39
157,Paraguay,PRY,1993,0.208
157,Paraguay,PRY,1994,0.865
157,Paraguay,PRY,1995,0.542
157,Paraguay,PRY,1996,0.095
157,Paraguay,PRY,1997,0.869
157,Paraguay,PRY,1998,0.176
157,Paraguay,PRY,1999,0.004
157,Paraguay,PRY,2000,0.101
157,Paraguay,PRY,2001,0.609
157,Paraguay,PRY,2002,1.074
157,Paraguay,PRY,2003,0.721
157,Paraguay,PRY,2004,0.394
157,Paraguay,PRY,2005,0.511
157,Paraguay,PRY,2006,0.915
157,Paraguay,PRY,2007,0.252
157,Paraguay,PRY,2008,0.259
157,Paraguay,PRY,2009,0.897
157,Paraguay,PRY,2010,0.326
157,Paraguay,PRY,2011,0.601
157,Paraguay,PRY,2012,0.825
157,Paraguay,PRY,2013,0.327
157,Paraguay,PRY,2014,1.119
157,Paraguay,PRY,2015,1.493
157,Paraguay,PRY,2016,0.25
157,Paraguay,PRY,2017,1.15
157,Paraguay,PRY,2018,0.539
157,Paraguay,PRY,2019,1.276
157,Paraguay,PRY,2020,1.369
157,Paraguay,PRY,2021,0.696
157,Paraguay,PRY,2022,0.649
158,Peru,PER,1961,0.001
158,Peru,PER,1962,-0.116
158,Peru,PER,1963,0.085
158,Peru,PER,1964,-0.203
158,Peru,PER,1965,0.2
158,Peru,PER,1966,0.095
158,Peru,PER,1967,-0.25
158,Peru,PER,1968,-0.312
158,Peru,PER,1969,0.509
158,Peru,PER,1970,0.002
158,Peru,PER,1971,-0.454
158,Peru,PER,1972,0.19
158,Peru,PER,1973,0.128
158,Peru,PER,1974,-0.281
158,Peru,PER,1975,-0.28
158,Peru,PER,1976,-0.111
158,Peru,PER,1977,0.282
158,Peru,PER,1978,0.075
158,Peru,PER,1979,0.241
158,Peru,PER,1980,0.361
158,Peru,PER,1981,0.059
158,Peru,PER,1982,0.183
158,Peru,PER,1983,1.303
158,Peru,PER,1984,0.228
158,Peru,PER,1985,0.115
158,Peru,PER,1986,0.154
158,Peru,PER,1987,0.884
158,Peru,PER,1988,0.511
158,Peru,PER,1989,0.056
158,Peru,PER,1990,0.359
158,Peru,PER,1991,0.501
158,Peru,PER,1992,0.816
158,Peru,PER,1993,0.494
158,Peru,PER,1994,0.511
158,Peru,PER,1995,0.798
158,Peru,PER,1996,0.158
158,Peru,PER,1997,0.855
158,Peru,PER,1998,1.29
158,Peru,PER,1999,0.232
158,Peru,PER,2000,0.325
158,Peru,PER,2001,0.49
158,Peru,PER,2002,0.754
158,Peru,PER,2003,0.769
158,Peru,PER,2004,0.682
158,Peru,PER,2005,0.813
158,Peru,PER,2006,0.809
158,Peru,PER,2007,0.555
158,Peru,PER,2008,0.604
158,Peru,PER,2009,0.869
158,Peru,PER,2010,1.063
158,Peru,PER,2011,0.791
158,Peru,PER,2012,0.808
158,Peru,PER,2013,0.647
158,Peru,PER,2014,0.883
158,Peru,PER,2015,1.256
158,Peru,PER,2016,1.454
158,Peru,PER,2017,0.978
158,Peru,PER,2018,0.734
158,Peru,PER,2019,1.048
158,Peru,PER,2020,1.778
158,Peru,PER,2021,1.287
158,Peru,PER,2022,0.878
159,Philippines,PHL,1961,-0.143
159,Philippines,PHL,1962,-0.113
159,Philippines,PHL,1963,-0.357
159,Philippines,PHL,1964,-0.04
159,Philippines,PHL,1965,-0.29
159,Philippines,PHL,1966,0.165
159,Philippines,PHL,1967,-0.148
159,Philippines,PHL,1968,-0.115
159,Philippines,PHL,1969,0.132
159,Philippines,PHL,1970,0.203
159,Philippines,PHL,1971,-0.324
159,Philippines,PHL,1972,0.026
159,Philippines,PHL,1973,0.319
159,Philippines,PHL,1974,-0.05
159,Philippines,PHL,1975,0.083
159,Philippines,PHL,1976,-0.141
159,Philippines,PHL,1977,0.288
159,Philippines,PHL,1978,0.181
159,Philippines,PHL,1979,0.355
159,Philippines,PHL,1980,0.136
159,Philippines,PHL,1981,0.228
159,Philippines,PHL,1982,0.154
159,Philippines,PHL,1983,0.602
159,Philippines,PHL,1984,0.148
159,Philippines,PHL,1985,0.345
159,Philippines,PHL,1986,0.266
159,Philippines,PHL,1987,0.563
159,Philippines,PHL,1988,0.799
159,Philippines,PHL,1989,0.281
159,Philippines,PHL,1990,0.412
159,Philippines,PHL,1991,0.359
159,Philippines,PHL,1992,0.379
159,Philippines,PHL,1993,0.385
159,Philippines,PHL,1994,0.501
159,Philippines,PHL,1995,0.528
159,Philippines,PHL,1996,0.427
159,Philippines,PHL,1997,0.489
159,Philippines,PHL,1998,1.322
159,Philippines,PHL,1999,0.561
159,Philippines,PHL,2000,0.673
159,Philippines,PHL,2001,0.825
159,Philippines,PHL,2002,0.733
159,Philippines,PHL,2003,0.795
159,Philippines,PHL,2004,0.687
159,Philippines,PHL,2005,0.782
159,Philippines,PHL,2006,0.831
159,Philippines,PHL,2007,0.875
159,Philippines,PHL,2008,0.574
159,Philippines,PHL,2009,0.718
159,Philippines,PHL,2010,1.065
159,Philippines,PHL,2011,0.62
159,Philippines,PHL,2012,0.912
159,Philippines,PHL,2013,1.057
159,Philippines,PHL,2014,0.96
159,Philippines,PHL,2015,1.155
159,Philippines,PHL,2016,1.603
159,Philippines,PHL,2017,1.3
159,Philippines,PHL,2018,1.329
159,Philippines,PHL,2019,1.407
159,Philippines,PHL,2020,1.56
159,Philippines,PHL,2021,1.431
159,Philippines,PHL,2022,1.405
160,Pitcairn Islands,PCN,1961,0.579
160,Pitcairn Islands,PCN,1962,0.128
160,Pitcairn Islands,PCN,1963,0.2
160,Pitcairn Islands,PCN,1964,0.264
160,Pitcairn Islands,PCN,1965,0.25
160,Pitcairn Islands,PCN,1966,-0.466
160,Pitcairn Islands,PCN,1967,0.407
160,Pitcairn Islands,PCN,1968,-0.366
160,Pitcairn Islands,PCN,1969,-0.257
160,Pitcairn Islands,PCN,1970,0.391
160,Pitcairn Islands,PCN,1971,0.079
160,Pitcairn Islands,PCN,1972,-0.311
160,Pitcairn Islands,PCN,1973,-0.318
160,Pitcairn Islands,PCN,1974,-0.003
160,Pitcairn Islands,PCN,1975,0.093
160,Pitcairn Islands,PCN,1976,-0.27
160,Pitcairn Islands,PCN,1977,-0.599
160,Pitcairn Islands,PCN,1978,-0.14
160,Pitcairn Islands,PCN,1979,-0.431
160,Pitcairn Islands,PCN,1980,-0.091
160,Pitcairn Islands,PCN,1981,-0.03
160,Pitcairn Islands,PCN,1982,0.066
160,Pitcairn Islands,PCN,1983,-0.589
160,Pitcairn Islands,PCN,1984,0.262
160,Pitcairn Islands,PCN,1985,0.284
160,Pitcairn Islands,PCN,1986,0.068
160,Pitcairn Islands,PCN,1987,-0.338
160,Pitcairn Islands,PCN,1988,-0.079
160,Pitcairn Islands,PCN,1989,0.234
160,Pitcairn Islands,PCN,1990,0.012
160,Pitcairn Islands,PCN,1991,-0.411
160,Pitcairn Islands,PCN,1992,-0.521
160,Pitcairn Islands,PCN,1993,-0.7
160,Pitcairn Islands,PCN,1994,-0.34
160,Pitcairn Islands,PCN,1995,-0.183
160,Pitcairn Islands,PCN,1996,-0.396
160,Pitcairn Islands,PCN,1997,-0.415
160,Pitcairn Islands,PCN,1998,-0.607
160,Pitcairn Islands,PCN,2000,0.332
160,Pitcairn Islands,PCN,2001,0.089
160,Pitcairn Islands,PCN,2002,0.428
160,Pitcairn Islands,PCN,2003,-0.226
160,Pitcairn Islands,PCN,2004,-0.622
160,Pitcairn Islands,PCN,2005,-0.393
160,Pitcairn Islands,PCN,2006,0.367
160,Pitcairn Islands,PCN,2007,-0.057
160,Pitcairn Islands,PCN,2008,-0.139
160,Pitcairn Islands,PCN,2009,-0.299
160,Pitcairn Islands,PCN,2010,-0.11
161,"Poland, Rep. of",POL,1961,1.397
161,"Poland, Rep. of",POL,1962,-0.515
161,"Poland, Rep. of",POL,1963,-0.885
161,"Poland, Rep. of",POL,1964,-0.72
161,"Poland, Rep. of",POL,1965,-1.064
161,"Poland, Rep. of",POL,1966,0.554
161,"Poland, Rep. of",POL,1967,1.134
161,"Poland, Rep. of",POL,1968,0.458
161,"Poland, Rep. of",POL,1969,-0.493
161,"Poland, Rep. of",POL,1970,-1.288
161,"Poland, Rep. of",POL,1971,0.133
161,"Poland, Rep. of",POL,1972,0.477
161,"Poland, Rep. of",POL,1973,0.419
161,"Poland, Rep. of",POL,1974,0.488
161,"Poland, Rep. of",POL,1975,1.485
161,"Poland, Rep. of",POL,1976,-0.295
161,"Poland, Rep. of",POL,1977,0.424
161,"Poland, Rep. of",POL,1978,-0.233
161,"Poland, Rep. of",POL,1979,-0.774
161,"Poland, Rep. of",POL,1980,-0.76
161,"Poland, Rep. of",POL,1981,0.436
161,"Poland, Rep. of",POL,1982,0.324
161,"Poland, Rep. of",POL,1983,1.452
161,"Poland, Rep. of",POL,1984,0.238
161,"Poland, Rep. of",POL,1985,-1.046
161,"Poland, Rep. of",POL,1986,0.015
161,"Poland, Rep. of",POL,1987,-1.081
161,"Poland, Rep. of",POL,1988,0.681
161,"Poland, Rep. of",POL,1989,1.695
161,"Poland, Rep. of",POL,1990,1.709
161,"Poland, Rep. of",POL,1991,0.407
161,"Poland, Rep. of",POL,1992,1.142
161,"Poland, Rep. of",POL,1993,0.065
161,"Poland, Rep. of",POL,1994,1.371
161,"Poland, Rep. of",POL,1995,1.11
161,"Poland, Rep. of",POL,1996,-0.787
161,"Poland, Rep. of",POL,1997,0.011
161,"Poland, Rep. of",POL,1998,0.947
161,"Poland, Rep. of",POL,1999,1.203
161,"Poland, Rep. of",POL,2000,1.887
161,"Poland, Rep. of",POL,2001,1.285
161,"Poland, Rep. of",POL,2002,1.7
161,"Poland, Rep. of",POL,2003,0.366
161,"Poland, Rep. of",POL,2004,0.781
161,"Poland, Rep. of",POL,2005,0.881
161,"Poland, Rep. of",POL,2006,0.835
161,"Poland, Rep. of",POL,2007,2.147
161,"Poland, Rep. of",POL,2008,1.752
161,"Poland, Rep. of",POL,2009,1.274
161,"Poland, Rep. of",POL,2010,0.403
161,"Poland, Rep. of",POL,2011,0.765
161,"Poland, Rep. of",POL,2012,1.383
161,"Poland, Rep. of",POL,2013,0.651
161,"Poland, Rep. of",POL,2014,2.38
161,"Poland, Rep. of",POL,2015,2.013
161,"Poland, Rep. of",POL,2016,2.056
161,"Poland, Rep. of",POL,2017,1.475
161,"Poland, Rep. of",POL,2018,2.434
161,"Poland, Rep. of",POL,2019,2.652
161,"Poland, Rep. of",POL,2020,2.677
161,"Poland, Rep. of",POL,2021,1.466
161,"Poland, Rep. of",POL,2022,2.056
162,Portugal,PRT,1961,0.815
162,Portugal,PRT,1962,0.524
162,Portugal,PRT,1963,-0.086
162,Portugal,PRT,1964,0.519
162,Portugal,PRT,1965,-0.23
162,Portugal,PRT,1966,0.28
162,Portugal,PRT,1967,-0.041
162,Portugal,PRT,1968,0.033
162,Portugal,PRT,1969,-0.342
162,Portugal,PRT,1970,0.071
162,Portugal,PRT,1971,-0.87
162,Portugal,PRT,1972,-0.906
162,Portugal,PRT,1973,-0.063
162,Portugal,PRT,1974,-0.439
162,Portugal,PRT,1975,-0.09
162,Portugal,PRT,1976,-0.357
162,Portugal,PRT,1977,-0.272
162,Portugal,PRT,1978,0.167
162,Portugal,PRT,1979,0.169
162,Portugal,PRT,1980,0.282
162,Portugal,PRT,1981,0.546
162,Portugal,PRT,1982,0.56
162,Portugal,PRT,1983,0.286
162,Portugal,PRT,1984,-0.12
162,Portugal,PRT,1985,0.528
162,Portugal,PRT,1986,0.094
162,Portugal,PRT,1987,0.752
162,Portugal,PRT,1988,0.637
162,Portugal,PRT,1989,1.117
162,Portugal,PRT,1990,1.401
162,Portugal,PRT,1991,0.44
162,Portugal,PRT,1992,0.434
162,Portugal,PRT,1993,-0.199
162,Portugal,PRT,1994,0.684
162,Portugal,PRT,1995,1.663
162,Portugal,PRT,1996,0.756
162,Portugal,PRT,1997,1.601
162,Portugal,PRT,1998,1.212
162,Portugal,PRT,1999,0.634
162,Portugal,PRT,2000,0.665
162,Portugal,PRT,2001,1.165
162,Portugal,PRT,2002,0.681
162,Portugal,PRT,2003,1.458
162,Portugal,PRT,2004,1.062
162,Portugal,PRT,2005,1.032
162,Portugal,PRT,2006,1.561
162,Portugal,PRT,2007,0.775
162,Portugal,PRT,2008,0.649
162,Portugal,PRT,2009,1.423
162,Portugal,PRT,2010,1.122
162,Portugal,PRT,2011,1.615
162,Portugal,PRT,2012,0.797
162,Portugal,PRT,2013,0.941
162,Portugal,PRT,2014,1.349
162,Portugal,PRT,2015,1.405
162,Portugal,PRT,2016,1.682
162,Portugal,PRT,2017,2.109
162,Portugal,PRT,2018,0.906
162,Portugal,PRT,2019,1.291
162,Portugal,PRT,2020,1.99
162,Portugal,PRT,2021,1.251
162,Portugal,PRT,2022,2.318
163,Puerto Rico,PRI,1961,-0.011
163,Puerto Rico,PRI,1962,-0.098
163,Puerto Rico,PRI,1963,0.129
163,Puerto Rico,PRI,1964,0.106
163,Puerto Rico,PRI,1965,-0.384
163,Puerto Rico,PRI,1966,-0.044
163,Puerto Rico,PRI,1967,-0.241
163,Puerto Rico,PRI,1968,-0.252
163,Puerto Rico,PRI,1969,0.383
163,Puerto Rico,PRI,1970,0.021
163,Puerto Rico,PRI,1971,-0.325
163,Puerto Rico,PRI,1972,-0.071
163,Puerto Rico,PRI,1973,0.255
163,Puerto Rico,PRI,1974,-0.367
163,Puerto Rico,PRI,1975,-0.177
163,Puerto Rico,PRI,1976,-0.391
163,Puerto Rico,PRI,1977,0.202
163,Puerto Rico,PRI,1978,0.306
163,Puerto Rico,PRI,1979,0.092
163,Puerto Rico,PRI,1980,0.582
163,Puerto Rico,PRI,1981,0.568
163,Puerto Rico,PRI,1982,0.155
163,Puerto Rico,PRI,1983,0.543
163,Puerto Rico,PRI,1984,0.146
163,Puerto Rico,PRI,1985,-0.049
163,Puerto Rico,PRI,1986,0.105
163,Puerto Rico,PRI,1987,0.597
163,Puerto Rico,PRI,1988,0.528
163,Puerto Rico,PRI,1989,0.081
163,Puerto Rico,PRI,1990,0.522
163,Puerto Rico,PRI,1991,0.411
163,Puerto Rico,PRI,1992,0.302
163,Puerto Rico,PRI,1993,0.512
163,Puerto Rico,PRI,1994,0.71
163,Puerto Rico,PRI,1995,0.73
163,Puerto Rico,PRI,1996,0.444
163,Puerto Rico,PRI,1997,0.654
163,Puerto Rico,PRI,1998,1.243
163,Puerto Rico,PRI,1999,0.672
163,Puerto Rico,PRI,2000,0.273
163,Puerto Rico,PRI,2001,0.743
163,Puerto Rico,PRI,2002,0.893
163,Puerto Rico,PRI,2003,1.06
163,Puerto Rico,PRI,2004,0.567
163,Puerto Rico,PRI,2005,0.865
163,Puerto Rico,PRI,2006,0.821
163,Puerto Rico,PRI,2007,1.071
163,Puerto Rico,PRI,2008,0.52
163,Puerto Rico,PRI,2009,0.651
163,Puerto Rico,PRI,2010,1.177
163,Puerto Rico,PRI,2011,0.531
163,Puerto Rico,PRI,2012,0.762
163,Puerto Rico,PRI,2013,0.774
163,Puerto Rico,PRI,2014,0.869
163,Puerto Rico,PRI,2015,1.093
163,Puerto Rico,PRI,2016,1.203
163,Puerto Rico,PRI,2017,0.967
163,Puerto Rico,PRI,2018,0.848
163,Puerto Rico,PRI,2019,0.95
163,Puerto Rico,PRI,2020,1.349
163,Puerto Rico,PRI,2021,0.922
163,Puerto Rico,PRI,2022,0.848
164,Qatar,QAT,1961,-0.542
164,Qatar,QAT,1962,0.518
164,Qatar,QAT,1963,0.449
164,Qatar,QAT,1964,-0.4
164,Qatar,QAT,1965,0.386
164,Qatar,QAT,1966,0.439
164,Qatar,QAT,1967,-0.252
164,Qatar,QAT,1968,-0.536
164,Qatar,QAT,1969,0.668
164,Qatar,QAT,1970,0.267
164,Qatar,QAT,1971,-0.152
164,Qatar,QAT,1972,-0.731
164,Qatar,QAT,1973,-0.255
164,Qatar,QAT,1974,-0.336
164,Qatar,QAT,1975,-0.281
164,Qatar,QAT,1976,-0.556
164,Qatar,QAT,1977,0.274
164,Qatar,QAT,1978,0.149
164,Qatar,QAT,1979,0.765
164,Qatar,QAT,1980,0.389
164,Qatar,QAT,1981,0.417
164,Qatar,QAT,1982,-0.13
164,Qatar,QAT,1983,-0.826
164,Qatar,QAT,1984,0.039
164,Qatar,QAT,1985,0.357
164,Qatar,QAT,1986,0.51
164,Qatar,QAT,1987,0.385
164,Qatar,QAT,1988,0.494
164,Qatar,QAT,1989,-0.069
164,Qatar,QAT,1990,0.406
164,Qatar,QAT,1991,-0.151
164,Qatar,QAT,1992,-0.519
164,Qatar,QAT,1993,0.031
164,Qatar,QAT,1994,0.666
164,Qatar,QAT,1995,0.064
164,Qatar,QAT,1996,0.496
164,Qatar,QAT,1997,0.066
164,Qatar,QAT,1998,1.174
164,Qatar,QAT,1999,1.735
164,Qatar,QAT,2000,0.944
164,Qatar,QAT,2001,0.97
164,Qatar,QAT,2002,1.436
164,Qatar,QAT,2003,1.179
164,Qatar,QAT,2004,1.228
164,Qatar,QAT,2005,0.842
164,Qatar,QAT,2006,1.652
164,Qatar,QAT,2007,0.989
164,Qatar,QAT,2008,1.162
164,Qatar,QAT,2009,1.114
164,Qatar,QAT,2010,2.001
164,Qatar,QAT,2011,1.444
164,Qatar,QAT,2012,1.376
164,Qatar,QAT,2013,1.212
164,Qatar,QAT,2014,1.541
164,Qatar,QAT,2015,1.971
164,Qatar,QAT,2016,1.515
164,Qatar,QAT,2017,1.893
164,Qatar,QAT,2018,2.004
164,Qatar,QAT,2019,1.84
164,Qatar,QAT,2020,1.734
164,Qatar,QAT,2021,2.165
164,Qatar,QAT,2022,1.855
165,Romania,ROU,1961,1.075
165,Romania,ROU,1962,0.169
165,Romania,ROU,1963,-0.301
165,Romania,ROU,1964,-0.791
165,Romania,ROU,1965,-0.674
165,Romania,ROU,1966,1.053
165,Romania,ROU,1967,0.284
165,Romania,ROU,1968,0.432
165,Romania,ROU,1969,-0.589
165,Romania,ROU,1970,-0.053
165,Romania,ROU,1971,-0.021
165,Romania,ROU,1972,0.382
165,Romania,ROU,1973,-0.22
165,Romania,ROU,1974,-0.097
165,Romania,ROU,1975,0.806
165,Romania,ROU,1976,-0.806
165,Romania,ROU,1977,0.536
165,Romania,ROU,1978,-0.828
165,Romania,ROU,1979,0.156
165,Romania,ROU,1980,-0.639
165,Romania,ROU,1981,0.043
165,Romania,ROU,1982,-0.058
165,Romania,ROU,1983,0.837
165,Romania,ROU,1984,-0.129
165,Romania,ROU,1985,-1.193
165,Romania,ROU,1986,0.431
165,Romania,ROU,1987,-0.724
165,Romania,ROU,1988,0.092
165,Romania,ROU,1989,0.752
165,Romania,ROU,1990,1.1
165,Romania,ROU,1991,0.033
165,Romania,ROU,1992,0.364
165,Romania,ROU,1993,-0.428
165,Romania,ROU,1994,1.72
165,Romania,ROU,1995,0.409
165,Romania,ROU,1996,-0.424
165,Romania,ROU,1997,-0.422
165,Romania,ROU,1998,0.785
165,Romania,ROU,1999,0.62
165,Romania,ROU,2000,1.338
165,Romania,ROU,2001,1.537
165,Romania,ROU,2002,1.22
165,Romania,ROU,2003,0.145
165,Romania,ROU,2004,0.556
165,Romania,ROU,2005,0.298
165,Romania,ROU,2006,0.514
165,Romania,ROU,2007,2.126
165,Romania,ROU,2008,1.335
165,Romania,ROU,2009,1.617
165,Romania,ROU,2010,1.167
165,Romania,ROU,2011,0.497
165,Romania,ROU,2012,1.828
165,Romania,ROU,2013,1.37
165,Romania,ROU,2014,1.552
165,Romania,ROU,2015,1.799
165,Romania,ROU,2016,1.876
165,Romania,ROU,2017,1.153
165,Romania,ROU,2018,2.266
165,Romania,ROU,2019,2.241
165,Romania,ROU,2020,2.256
165,Romania,ROU,2021,1.447
165,Romania,ROU,2022,1.949
166,Russian Federation,RUS,1992,0.359
166,Russian Federation,RUS,1993,0.951
166,Russian Federation,RUS,1994,0.572
166,Russian Federation,RUS,1995,2.101
166,Russian Federation,RUS,1996,0.808
166,Russian Federation,RUS,1997,1.277
166,Russian Federation,RUS,1998,-0.035
166,Russian Federation,RUS,1999,0.413
166,Russian Federation,RUS,2000,1.319
166,Russian Federation,RUS,2001,0.813
166,Russian Federation,RUS,2002,1.589
166,Russian Federation,RUS,2003,0.992
166,Russian Federation,RUS,2004,1.397
166,Russian Federation,RUS,2005,1.702
166,Russian Federation,RUS,2006,0.551
166,Russian Federation,RUS,2007,2.49
166,Russian Federation,RUS,2008,2.223
166,Russian Federation,RUS,2009,1.192
166,Russian Federation,RUS,2010,0.88
166,Russian Federation,RUS,2011,1.704
166,Russian Federation,RUS,2012,1.933
166,Russian Federation,RUS,2013,1.166
166,Russian Federation,RUS,2014,1.753
166,Russian Federation,RUS,2015,2.246
166,Russian Federation,RUS,2016,2.459
166,Russian Federation,RUS,2017,2.127
166,Russian Federation,RUS,2018,2.043
166,Russian Federation,RUS,2019,2.178
166,Russian Federation,RUS,2020,3.691
166,Russian Federation,RUS,2021,1.643
166,Russian Federation,RUS,2022,2.261
167,Rwanda,RWA,1961,-0.019
167,Rwanda,RWA,1962,-0.291
167,Rwanda,RWA,1963,0.001
167,Rwanda,RWA,1964,-0.113
167,Rwanda,RWA,1965,-0.301
167,Rwanda,RWA,1966,0.002
167,Rwanda,RWA,1967,-0.261
167,Rwanda,RWA,1968,-0.095
167,Rwanda,RWA,1969,0.166
167,Rwanda,RWA,1970,0.192
167,Rwanda,RWA,1971,-0.251
167,Rwanda,RWA,1972,0.122
167,Rwanda,RWA,1973,0.559
167,Rwanda,RWA,1974,0.073
167,Rwanda,RWA,1982,0.437
167,Rwanda,RWA,1983,0.776
167,Rwanda,RWA,1986,0.665
167,Rwanda,RWA,1987,0.458
167,Rwanda,RWA,1988,0.268
167,Rwanda,RWA,1989,-0.022
167,Rwanda,RWA,1990,0.279
167,Rwanda,RWA,1991,-0.127
167,Rwanda,RWA,1992,0.004
167,Rwanda,RWA,1998,0.545
167,Rwanda,RWA,2001,0.258
167,Rwanda,RWA,2002,0.664
167,Rwanda,RWA,2003,0.909
167,Rwanda,RWA,2004,0.704
167,Rwanda,RWA,2007,1.25
168,Saint Helena,SHN,1961,0.144
168,Saint Helena,SHN,1962,-0.07
168,Saint Helena,SHN,1963,0.04
168,Saint Helena,SHN,1964,-0.026
168,Saint Helena,SHN,1965,-0.145
168,Saint Helena,SHN,1966,0.055
168,Saint Helena,SHN,1967,-0.306
168,Saint Helena,SHN,1968,0.195
168,Saint Helena,SHN,1969,0.045
168,Saint Helena,SHN,1970,-0.258
168,Saint Helena,SHN,1971,-0.206
168,Saint Helena,SHN,1972,0.546
168,Saint Helena,SHN,1973,-0.143
168,Saint Helena,SHN,1974,0.249
168,Saint Helena,SHN,1975,0.379
168,Saint Helena,SHN,1976,0.353
168,Saint Helena,SHN,1977,-0.046
168,Saint Helena,SHN,1978,0.093
168,Saint Helena,SHN,1979,0.032
168,Saint Helena,SHN,1980,0.279
168,Saint Helena,SHN,1981,0.105
168,Saint Helena,SHN,1982,0.107
168,Saint Helena,SHN,1983,0.454
168,Saint Helena,SHN,1984,0.678
168,Saint Helena,SHN,1985,0.398
168,Saint Helena,SHN,1986,0.789
168,Saint Helena,SHN,1987,0.327
168,Saint Helena,SHN,1988,0.527
168,Saint Helena,SHN,1989,0.2
168,Saint Helena,SHN,1990,0.752
168,Saint Helena,SHN,1991,0.643
168,Saint Helena,SHN,1992,0.245
168,Saint Helena,SHN,1993,0.736
168,Saint Helena,SHN,1994,0.986
168,Saint Helena,SHN,1995,0.658
168,Saint Helena,SHN,1996,0.451
168,Saint Helena,SHN,1997,0.895
168,Saint Helena,SHN,1998,1.22
168,Saint Helena,SHN,1999,1.39
168,Saint Helena,SHN,2000,1.465
168,Saint Helena,SHN,2001,1.074
168,Saint Helena,SHN,2002,1.167
168,Saint Helena,SHN,2003,1.385
168,Saint Helena,SHN,2004,1.43
168,Saint Helena,SHN,2005,1.321
168,Saint Helena,SHN,2006,1.595
168,Saint Helena,SHN,2007,1.021
168,Saint Helena,SHN,2008,1.099
168,Saint Helena,SHN,2009,1.668
168,Saint Helena,SHN,2010,1.135
168,Saint Helena,SHN,2011,1.447
168,Saint Helena,SHN,2012,1.255
168,Saint Helena,SHN,2013,1.218
168,Saint Helena,SHN,2014,1.322
168,Saint Helena,SHN,2015,1.902
168,Saint Helena,SHN,2016,1.647
168,Saint Helena,SHN,2017,1.37
168,Saint Helena,SHN,2018,1.609
168,Saint Helena,SHN,2019,1.645
168,Saint Helena,SHN,2020,1.407
168,Saint Helena,SHN,2021,1.747
168,Saint Helena,SHN,2022,1.686
169,Saint Pierre and Miquelon,SPM,1961,-0.04
169,Saint Pierre and Miquelon,SPM,1962,-0.121
169,Saint Pierre and Miquelon,SPM,1963,-0.19
169,Saint Pierre and Miquelon,SPM,1964,-0.529
169,Saint Pierre and Miquelon,SPM,1965,-0.51
169,Saint Pierre and Miquelon,SPM,1966,0.099
169,Saint Pierre and Miquelon,SPM,1967,0.183
169,Saint Pierre and Miquelon,SPM,1968,0.053
169,Saint Pierre and Miquelon,SPM,1969,0.562
169,Saint Pierre and Miquelon,SPM,1970,0.953
169,Saint Pierre and Miquelon,SPM,1971,0.268
169,Saint Pierre and Miquelon,SPM,1972,-1.278
169,Saint Pierre and Miquelon,SPM,1973,-0.809
169,Saint Pierre and Miquelon,SPM,1974,-0.982
169,Saint Pierre and Miquelon,SPM,1975,-0.731
169,Saint Pierre and Miquelon,SPM,1976,-0.149
169,Saint Pierre and Miquelon,SPM,1977,-0.148
169,Saint Pierre and Miquelon,SPM,1978,-0.343
169,Saint Pierre and Miquelon,SPM,1979,0.429
169,Saint Pierre and Miquelon,SPM,1980,-0.236
169,Saint Pierre and Miquelon,SPM,1981,0.971
169,Saint Pierre and Miquelon,SPM,1982,-0.502
169,Saint Pierre and Miquelon,SPM,1983,0.743
169,Saint Pierre and Miquelon,SPM,1984,0.119
169,Saint Pierre and Miquelon,SPM,1985,-1.048
169,Saint Pierre and Miquelon,SPM,1986,-0.735
169,Saint Pierre and Miquelon,SPM,1987,-0.073
169,Saint Pierre and Miquelon,SPM,1988,0.197
169,Saint Pierre and Miquelon,SPM,1989,-0.408
169,Saint Pierre and Miquelon,SPM,1990,-0.739
169,Saint Pierre and Miquelon,SPM,1991,-0.7
169,Saint Pierre and Miquelon,SPM,1992,-1.344
169,Saint Pierre and Miquelon,SPM,1993,-1.061
169,Saint Pierre and Miquelon,SPM,1994,-0.297
169,Saint Pierre and Miquelon,SPM,1995,-0.276
169,Saint Pierre and Miquelon,SPM,1996,0.114
169,Saint Pierre and Miquelon,SPM,1997,-0.37
169,Saint Pierre and Miquelon,SPM,1998,0.736
169,Saint Pierre and Miquelon,SPM,1999,1.663
169,Saint Pierre and Miquelon,SPM,2000,1.095
169,Saint Pierre and Miquelon,SPM,2001,0.522
169,Saint Pierre and Miquelon,SPM,2002,0.009
169,Saint Pierre and Miquelon,SPM,2003,0.166
169,Saint Pierre and Miquelon,SPM,2004,0.562
169,Saint Pierre and Miquelon,SPM,2005,0.898
169,Saint Pierre and Miquelon,SPM,2006,1.813
169,Saint Pierre and Miquelon,SPM,2007,0.385
169,Saint Pierre and Miquelon,SPM,2008,0.444
169,Saint Pierre and Miquelon,SPM,2009,0.69
169,Saint Pierre and Miquelon,SPM,2010,1.311
169,Saint Pierre and Miquelon,SPM,2011,1.147
169,Saint Pierre and Miquelon,SPM,2012,1.992
169,Saint Pierre and Miquelon,SPM,2013,1.292
169,Saint Pierre and Miquelon,SPM,2014,0.375
169,Saint Pierre and Miquelon,SPM,2015,0.106
169,Saint Pierre and Miquelon,SPM,2016,0.854
169,Saint Pierre and Miquelon,SPM,2017,0.36
169,Saint Pierre and Miquelon,SPM,2018,0.682
169,Saint Pierre and Miquelon,SPM,2019,0.05
169,Saint Pierre and Miquelon,SPM,2020,0.742
169,Saint Pierre and Miquelon,SPM,2021,2.32
169,Saint Pierre and Miquelon,SPM,2022,1.944
170,Samoa,WSM,1961,0.067
170,Samoa,WSM,1962,-0.012
170,Samoa,WSM,1963,0.079
170,Samoa,WSM,1964,0.085
170,Samoa,WSM,1965,-0.306
170,Samoa,WSM,1966,0.073
170,Samoa,WSM,1967,-0.297
170,Samoa,WSM,1968,-0.224
170,Samoa,WSM,1969,0.216
170,Samoa,WSM,1970,0.22
170,Samoa,WSM,1971,-0.414
170,Samoa,WSM,1972,-0.084
170,Samoa,WSM,1973,0.196
170,Samoa,WSM,1974,-0.426
170,Samoa,WSM,1975,-0.239
170,Samoa,WSM,1976,-0.364
170,Samoa,WSM,1977,-0.007
170,Samoa,WSM,1978,-0.027
170,Samoa,WSM,1979,0.129
170,Samoa,WSM,1980,0.177
170,Samoa,WSM,1981,-0.023
170,Samoa,WSM,1982,0.172
170,Samoa,WSM,1983,0.246
170,Samoa,WSM,1984,0.048
170,Samoa,WSM,1985,0.046
170,Samoa,WSM,1986,0.166
170,Samoa,WSM,1987,0.099
170,Samoa,WSM,1988,0.399
170,Samoa,WSM,1989,-0.052
170,Samoa,WSM,1990,0.377
170,Samoa,WSM,1991,0.471
170,Samoa,WSM,1992,0.3
170,Samoa,WSM,1993,-0.169
170,Samoa,WSM,1994,0.262
170,Samoa,WSM,1995,0.665
170,Samoa,WSM,1996,0.703
170,Samoa,WSM,1999,0.163
170,Samoa,WSM,2000,0.537
170,Samoa,WSM,2001,0.815
170,Samoa,WSM,2002,1.063
170,Samoa,WSM,2003,0.633
170,Samoa,WSM,2004,0.105
170,Samoa,WSM,2005,0.735
170,Samoa,WSM,2006,0.325
170,Samoa,WSM,2007,0.942
170,Samoa,WSM,2008,0.578
170,Samoa,WSM,2010,1.246
170,Samoa,WSM,2011,0.719
170,Samoa,WSM,2012,0.834
170,Samoa,WSM,2013,1.167
170,Samoa,WSM,2014,1.071
170,Samoa,WSM,2015,0.91
170,Samoa,WSM,2016,1.44
170,Samoa,WSM,2017,1.336
170,Samoa,WSM,2018,1.09
170,Samoa,WSM,2019,1.44
170,Samoa,WSM,2020,1.332
170,Samoa,WSM,2021,1.169
170,Samoa,WSM,2022,1.156
171,"San Marino, Rep. of",SMR,1961,0.925
171,"San Marino, Rep. of",SMR,1962,-0.116
171,"San Marino, Rep. of",SMR,1963,-0.388
171,"San Marino, Rep. of",SMR,1964,-0.098
171,"San Marino, Rep. of",SMR,1965,-0.406
171,"San Marino, Rep. of",SMR,1966,0.403
171,"San Marino, Rep. of",SMR,1967,0.385
171,"San Marino, Rep. of",SMR,1968,-0.028
171,"San Marino, Rep. of",SMR,1969,-0.103
171,"San Marino, Rep. of",SMR,1970,-0.096
171,"San Marino, Rep. of",SMR,1971,-0.132
171,"San Marino, Rep. of",SMR,1972,-0.043
171,"San Marino, Rep. of",SMR,1973,0.003
171,"San Marino, Rep. of",SMR,1974,-0.038
171,"San Marino, Rep. of",SMR,1975,0.254
171,"San Marino, Rep. of",SMR,1976,-0.425
171,"San Marino, Rep. of",SMR,1977,0.337
171,"San Marino, Rep. of",SMR,1978,-0.585
171,"San Marino, Rep. of",SMR,1979,0.028
171,"San Marino, Rep. of",SMR,1980,-0.454
171,"San Marino, Rep. of",SMR,1981,-0.328
171,"San Marino, Rep. of",SMR,1982,0.407
171,"San Marino, Rep. of",SMR,1983,0.426
171,"San Marino, Rep. of",SMR,1984,-0.58
171,"San Marino, Rep. of",SMR,1985,0.178
171,"San Marino, Rep. of",SMR,1986,0.338
171,"San Marino, Rep. of",SMR,1987,0.103
171,"San Marino, Rep. of",SMR,1988,0.771
171,"San Marino, Rep. of",SMR,1989,0.278
171,"San Marino, Rep. of",SMR,1990,1.001
171,"San Marino, Rep. of",SMR,1991,-0.085
171,"San Marino, Rep. of",SMR,1992,0.508
171,"San Marino, Rep. of",SMR,1993,0.546
171,"San Marino, Rep. of",SMR,1994,1.516
171,"San Marino, Rep. of",SMR,1995,0.288
171,"San Marino, Rep. of",SMR,1996,0.199
171,"San Marino, Rep. of",SMR,1997,0.919
171,"San Marino, Rep. of",SMR,1998,1.113
171,"San Marino, Rep. of",SMR,1999,0.846
171,"San Marino, Rep. of",SMR,2000,1.403
171,"San Marino, Rep. of",SMR,2001,1.684
171,"San Marino, Rep. of",SMR,2002,1.135
171,"San Marino, Rep. of",SMR,2003,1.636
171,"San Marino, Rep. of",SMR,2004,0.852
171,"San Marino, Rep. of",SMR,2005,0.408
171,"San Marino, Rep. of",SMR,2006,0.832
171,"San Marino, Rep. of",SMR,2007,1.808
171,"San Marino, Rep. of",SMR,2008,1.26
171,"San Marino, Rep. of",SMR,2009,1.362
171,"San Marino, Rep. of",SMR,2010,0.696
171,"San Marino, Rep. of",SMR,2011,1.28
171,"San Marino, Rep. of",SMR,2012,1.687
171,"San Marino, Rep. of",SMR,2013,0.992
171,"San Marino, Rep. of",SMR,2014,1.607
171,"San Marino, Rep. of",SMR,2015,1.833
171,"San Marino, Rep. of",SMR,2016,1.768
171,"San Marino, Rep. of",SMR,2017,1.7
171,"San Marino, Rep. of",SMR,2018,1.971
171,"San Marino, Rep. of",SMR,2019,1.822
171,"San Marino, Rep. of",SMR,2020,1.995
171,"San Marino, Rep. of",SMR,2021,1.529
171,"San Marino, Rep. of",SMR,2022,2.115
172,"São Tomé and Príncipe, Dem. Rep. of",STP,1961,-0.108
172,"São Tomé and Príncipe, Dem. Rep. of",STP,1962,-0.054
172,"São Tomé and Príncipe, Dem. Rep. of",STP,1963,0.249
172,"São Tomé and Príncipe, Dem. Rep. of",STP,1964,-0.148
172,"São Tomé and Príncipe, Dem. Rep. of",STP,1965,-0.11
172,"São Tomé and Príncipe, Dem. Rep. of",STP,1966,0.22
172,"São Tomé and Príncipe, Dem. Rep. of",STP,1967,-0.074
172,"São Tomé and Príncipe, Dem. Rep. of",STP,1968,-0.042
172,"São Tomé and Príncipe, Dem. Rep. of",STP,1969,0.14
172,"São Tomé and Príncipe, Dem. Rep. of",STP,1970,0.196
172,"São Tomé and Príncipe, Dem. Rep. of",STP,1971,-0.085
172,"São Tomé and Príncipe, Dem. Rep. of",STP,1972,-0.042
172,"São Tomé and Príncipe, Dem. Rep. of",STP,1973,0.466
172,"São Tomé and Príncipe, Dem. Rep. of",STP,1974,-0.097
172,"São Tomé and Príncipe, Dem. Rep. of",STP,1975,-0.115
172,"São Tomé and Príncipe, Dem. Rep. of",STP,1976,-0.351
172,"São Tomé and Príncipe, Dem. Rep. of",STP,1977,0.198
172,"São Tomé and Príncipe, Dem. Rep. of",STP,1978,0.127
172,"São Tomé and Príncipe, Dem. Rep. of",STP,1979,0.379
172,"São Tomé and Príncipe, Dem. Rep. of",STP,1980,0.248
172,"São Tomé and Príncipe, Dem. Rep. of",STP,1981,0.202
172,"São Tomé and Príncipe, Dem. Rep. of",STP,1982,-0.019
172,"São Tomé and Príncipe, Dem. Rep. of",STP,1983,0.161
172,"São Tomé and Príncipe, Dem. Rep. of",STP,1984,0.391
172,"São Tomé and Príncipe, Dem. Rep. of",STP,1985,0.093
172,"São Tomé and Príncipe, Dem. Rep. of",STP,1986,-0.098
172,"São Tomé and Príncipe, Dem. Rep. of",STP,1987,0.43
172,"São Tomé and Príncipe, Dem. Rep. of",STP,1988,0.375
172,"São Tomé and Príncipe, Dem. Rep. of",STP,1989,-0.151
172,"São Tomé and Príncipe, Dem. Rep. of",STP,1992,-0.07
172,"São Tomé and Príncipe, Dem. Rep. of",STP,1993,0.374
172,"São Tomé and Príncipe, Dem. Rep. of",STP,1994,0.274
172,"São Tomé and Príncipe, Dem. Rep. of",STP,1995,0.845
172,"São Tomé and Príncipe, Dem. Rep. of",STP,1998,1.175
172,"São Tomé and Príncipe, Dem. Rep. of",STP,1999,0.881
172,"São Tomé and Príncipe, Dem. Rep. of",STP,2000,0.408
172,"São Tomé and Príncipe, Dem. Rep. of",STP,2001,0.319
172,"São Tomé and Príncipe, Dem. Rep. of",STP,2002,0.779
172,"São Tomé and Príncipe, Dem. Rep. of",STP,2003,1.013
172,"São Tomé and Príncipe, Dem. Rep. of",STP,2004,0.835
172,"São Tomé and Príncipe, Dem. Rep. of",STP,2005,0.684
172,"São Tomé and Príncipe, Dem. Rep. of",STP,2006,0.696
172,"São Tomé and Príncipe, Dem. Rep. of",STP,2007,0.919
172,"São Tomé and Príncipe, Dem. Rep. of",STP,2008,0.644
172,"São Tomé and Príncipe, Dem. Rep. of",STP,2009,0.891
172,"São Tomé and Príncipe, Dem. Rep. of",STP,2010,1.049
172,"São Tomé and Príncipe, Dem. Rep. of",STP,2011,0.735
172,"São Tomé and Príncipe, Dem. Rep. of",STP,2012,0.802
172,"São Tomé and Príncipe, Dem. Rep. of",STP,2013,0.851
172,"São Tomé and Príncipe, Dem. Rep. of",STP,2014,0.945
172,"São Tomé and Príncipe, Dem. Rep. of",STP,2015,0.866
172,"São Tomé and Príncipe, Dem. Rep. of",STP,2016,1.56
172,"São Tomé and Príncipe, Dem. Rep. of",STP,2017,1.289
172,"São Tomé and Príncipe, Dem. Rep. of",STP,2018,1.007
172,"São Tomé and Príncipe, Dem. Rep. of",STP,2019,1.393
172,"São Tomé and Príncipe, Dem. Rep. of",STP,2020,1.624
172,"São Tomé and Príncipe, Dem. Rep. of",STP,2021,1.398
172,"São Tomé and Príncipe, Dem. Rep. of",STP,2022,1.321
173,Saudi Arabia,SAU,1961,-0.157
173,Saudi Arabia,SAU,1962,0.688
173,Saudi Arabia,SAU,1963,0.488
173,Saudi Arabia,SAU,1964,-0.47
173,Saudi Arabia,SAU,1965,0.16
173,Saudi Arabia,SAU,1966,0.65
173,Saudi Arabia,SAU,1967,-0.69
173,Saudi Arabia,SAU,1968,-0.391
173,Saudi Arabia,SAU,1969,0.529
173,Saudi Arabia,SAU,1970,0.363
173,Saudi Arabia,SAU,1971,-0.428
173,Saudi Arabia,SAU,1972,-0.559
173,Saudi Arabia,SAU,1973,-0.234
173,Saudi Arabia,SAU,1974,-0.241
173,Saudi Arabia,SAU,1975,-0.316
173,Saudi Arabia,SAU,1976,-0.405
173,Saudi Arabia,SAU,1977,0.139
173,Saudi Arabia,SAU,1978,-0.22
173,Saudi Arabia,SAU,1979,0.873
173,Saudi Arabia,SAU,1980,0.047
173,Saudi Arabia,SAU,1981,0.077
173,Saudi Arabia,SAU,1982,-0.397
173,Saudi Arabia,SAU,1983,-0.847
173,Saudi Arabia,SAU,1984,-0.309
173,Saudi Arabia,SAU,1985,-0.019
173,Saudi Arabia,SAU,1986,0.19
173,Saudi Arabia,SAU,1987,0.532
173,Saudi Arabia,SAU,1988,0.452
173,Saudi Arabia,SAU,1989,-0.112
173,Saudi Arabia,SAU,1990,0.095
173,Saudi Arabia,SAU,1991,0.376
173,Saudi Arabia,SAU,1992,-0.985
173,Saudi Arabia,SAU,1993,-0.186
173,Saudi Arabia,SAU,1994,0.655
173,Saudi Arabia,SAU,1995,0.193
173,Saudi Arabia,SAU,1996,0.58
173,Saudi Arabia,SAU,1997,0.01
173,Saudi Arabia,SAU,1998,1.035
173,Saudi Arabia,SAU,1999,1.489
173,Saudi Arabia,SAU,2000,0.787
173,Saudi Arabia,SAU,2001,0.884
173,Saudi Arabia,SAU,2002,1.092
173,Saudi Arabia,SAU,2003,0.981
173,Saudi Arabia,SAU,2004,0.975
173,Saudi Arabia,SAU,2005,0.542
173,Saudi Arabia,SAU,2006,1.202
173,Saudi Arabia,SAU,2007,0.706
173,Saudi Arabia,SAU,2008,0.906
173,Saudi Arabia,SAU,2009,1.028
173,Saudi Arabia,SAU,2010,2.18
173,Saudi Arabia,SAU,2011,0.893
173,Saudi Arabia,SAU,2012,1.241
173,Saudi Arabia,SAU,2013,1.204
173,Saudi Arabia,SAU,2014,1.249
173,Saudi Arabia,SAU,2015,1.867
173,Saudi Arabia,SAU,2016,1.533
173,Saudi Arabia,SAU,2017,1.78
173,Saudi Arabia,SAU,2018,1.887
173,Saudi Arabia,SAU,2019,1.69
173,Saudi Arabia,SAU,2020,1.488
173,Saudi Arabia,SAU,2021,2.203
173,Saudi Arabia,SAU,2022,1.745
174,Senegal,SEN,1961,-0.185
174,Senegal,SEN,1962,-0.023
174,Senegal,SEN,1963,0.082
174,Senegal,SEN,1964,-0.212
174,Senegal,SEN,1965,-0.449
174,Senegal,SEN,1966,-0.079
174,Senegal,SEN,1967,-0.433
174,Senegal,SEN,1968,-0.52
174,Senegal,SEN,1969,0.763
174,Senegal,SEN,1970,0.557
174,Senegal,SEN,1971,-0.036
174,Senegal,SEN,1972,0.38
174,Senegal,SEN,1973,0.713
174,Senegal,SEN,1974,-0.432
174,Senegal,SEN,1975,-0.235
174,Senegal,SEN,1976,-0.063
174,Senegal,SEN,1977,0.552
174,Senegal,SEN,1978,0.506
174,Senegal,SEN,1979,0.809
174,Senegal,SEN,1980,0.943
174,Senegal,SEN,1981,0.767
174,Senegal,SEN,1982,0.339
174,Senegal,SEN,1983,1.25
174,Senegal,SEN,1984,0.661
174,Senegal,SEN,1985,0.526
174,Senegal,SEN,1986,0.483
174,Senegal,SEN,1987,1.022
174,Senegal,SEN,1988,0.874
174,Senegal,SEN,1989,0.575
174,Senegal,SEN,1990,1.193
174,Senegal,SEN,1991,0.8
174,Senegal,SEN,1992,0.875
174,Senegal,SEN,1993,1.097
174,Senegal,SEN,1994,0.634
174,Senegal,SEN,1995,0.938
174,Senegal,SEN,1996,1.219
174,Senegal,SEN,1997,1.37
174,Senegal,SEN,1998,1.574
174,Senegal,SEN,1999,0.581
174,Senegal,SEN,2000,0.918
174,Senegal,SEN,2001,1.168
174,Senegal,SEN,2002,1.425
174,Senegal,SEN,2003,1.15
174,Senegal,SEN,2004,1.157
174,Senegal,SEN,2005,1.366
174,Senegal,SEN,2006,1.37
174,Senegal,SEN,2007,1.202
174,Senegal,SEN,2008,1.294
174,Senegal,SEN,2009,0.703
174,Senegal,SEN,2010,1.432
174,Senegal,SEN,2011,1.187
174,Senegal,SEN,2012,0.834
174,Senegal,SEN,2013,1.18
174,Senegal,SEN,2014,1.105
174,Senegal,SEN,2015,1.212
174,Senegal,SEN,2016,1.542
174,Senegal,SEN,2017,1.744
174,Senegal,SEN,2018,0.964
174,Senegal,SEN,2019,1.396
174,Senegal,SEN,2020,1.665
174,Senegal,SEN,2021,1.782
174,Senegal,SEN,2022,1.405
175,"Serbia, Rep. of",SRB,2006,0.555
175,"Serbia, Rep. of",SRB,2007,1.888
175,"Serbia, Rep. of",SRB,2008,1.339
175,"Serbia, Rep. of",SRB,2009,1.364
175,"Serbia, Rep. of",SRB,2010,1.161
175,"Serbia, Rep. of",SRB,2011,0.736
175,"Serbia, Rep. of",SRB,2012,1.692
175,"Serbia, Rep. of",SRB,2013,1.413
175,"Serbia, Rep. of",SRB,2014,1.596
175,"Serbia, Rep. of",SRB,2015,1.743
175,"Serbia, Rep. of",SRB,2016,1.698
175,"Serbia, Rep. of",SRB,2017,1.276
175,"Serbia, Rep. of",SRB,2018,2.317
175,"Serbia, Rep. of",SRB,2019,2.087
175,"Serbia, Rep. of",SRB,2020,1.816
175,"Serbia, Rep. of",SRB,2021,1.594
175,"Serbia, Rep. of",SRB,2022,1.938
176,Seychelles,SYC,1961,0.317
176,Seychelles,SYC,1962,0.088
176,Seychelles,SYC,1963,-0.077
176,Seychelles,SYC,1964,-0.164
176,Seychelles,SYC,1965,-0.531
176,Seychelles,SYC,1966,0.07
176,Seychelles,SYC,1967,0.032
176,Seychelles,SYC,1968,-0.148
176,Seychelles,SYC,1969,0.209
176,Seychelles,SYC,1970,0.32
176,Seychelles,SYC,1971,-0.435
176,Seychelles,SYC,1972,-0.372
176,Seychelles,SYC,1973,0.181
176,Seychelles,SYC,1974,-0.471
176,Seychelles,SYC,1975,-0.274
176,Seychelles,SYC,1976,-0.205
176,Seychelles,SYC,1977,0.236
176,Seychelles,SYC,1978,0.355
176,Seychelles,SYC,1979,0.226
176,Seychelles,SYC,1980,0.258
176,Seychelles,SYC,1981,0.17
176,Seychelles,SYC,1982,0.433
176,Seychelles,SYC,1983,0.503
176,Seychelles,SYC,1984,-0.294
176,Seychelles,SYC,1985,-0.114
176,Seychelles,SYC,1986,0.25
176,Seychelles,SYC,1987,0.505
176,Seychelles,SYC,1988,0.418
176,Seychelles,SYC,1989,-0.112
176,Seychelles,SYC,1990,0.239
176,Seychelles,SYC,1991,0.439
176,Seychelles,SYC,1992,0.179
176,Seychelles,SYC,1993,0.23
176,Seychelles,SYC,1994,0.507
176,Seychelles,SYC,1995,0.432
176,Seychelles,SYC,1996,0.114
176,Seychelles,SYC,1997,0.598
176,Seychelles,SYC,1998,0.968
176,Seychelles,SYC,1999,0.295
176,Seychelles,SYC,2000,0.406
176,Seychelles,SYC,2001,0.734
176,Seychelles,SYC,2002,0.518
176,Seychelles,SYC,2003,0.719
176,Seychelles,SYC,2004,0.304
176,Seychelles,SYC,2005,0.513
176,Seychelles,SYC,2006,0.537
176,Seychelles,SYC,2007,0.813
176,Seychelles,SYC,2008,0.5
176,Seychelles,SYC,2009,0.82
176,Seychelles,SYC,2010,1.019
176,Seychelles,SYC,2011,0.927
176,Seychelles,SYC,2012,0.922
176,Seychelles,SYC,2013,0.749
176,Seychelles,SYC,2014,0.863
176,Seychelles,SYC,2015,1.169
176,Seychelles,SYC,2016,1.1
176,Seychelles,SYC,2017,1.184
176,Seychelles,SYC,2018,0.917
176,Seychelles,SYC,2019,1.377
176,Seychelles,SYC,2020,1.434
176,Seychelles,SYC,2021,1.032
176,Seychelles,SYC,2022,0.872
177,Sierra Leone,SLE,1961,-0.101
177,Sierra Leone,SLE,1962,-0.084
177,Sierra Leone,SLE,1963,0.176
177,Sierra Leone,SLE,1964,-0.156
177,Sierra Leone,SLE,1965,-0.281
177,Sierra Leone,SLE,1966,-0.001
177,Sierra Leone,SLE,1967,-0.124
177,Sierra Leone,SLE,1968,-0.058
177,Sierra Leone,SLE,1969,0.278
177,Sierra Leone,SLE,1970,0.353
177,Sierra Leone,SLE,1971,-0.134
177,Sierra Leone,SLE,1972,0.162
177,Sierra Leone,SLE,1973,0.481
177,Sierra Leone,SLE,1974,-0.018
177,Sierra Leone,SLE,1975,-0.107
177,Sierra Leone,SLE,1976,-0.195
177,Sierra Leone,SLE,1977,0.196
177,Sierra Leone,SLE,1978,0.257
177,Sierra Leone,SLE,1979,0.572
177,Sierra Leone,SLE,1980,0.431
177,Sierra Leone,SLE,1981,0.28
177,Sierra Leone,SLE,1982,0.352
177,Sierra Leone,SLE,1983,0.571
177,Sierra Leone,SLE,1984,0.377
177,Sierra Leone,SLE,1985,0.254
177,Sierra Leone,SLE,1986,-0.12
177,Sierra Leone,SLE,1987,0.722
177,Sierra Leone,SLE,1988,0.626
177,Sierra Leone,SLE,1989,0.157
177,Sierra Leone,SLE,1990,0.5
177,Sierra Leone,SLE,1991,0.618
177,Sierra Leone,SLE,1992,0.241
177,Sierra Leone,SLE,1993,0.556
177,Sierra Leone,SLE,1994,0.465
177,Sierra Leone,SLE,1995,0.477
177,Sierra Leone,SLE,1996,0.599
177,Sierra Leone,SLE,1997,0.756
177,Sierra Leone,SLE,1998,1.037
177,Sierra Leone,SLE,1999,0.59
177,Sierra Leone,SLE,2001,0.848
177,Sierra Leone,SLE,2002,1.005
177,Sierra Leone,SLE,2003,0.814
177,Sierra Leone,SLE,2004,1.034
177,Sierra Leone,SLE,2005,1.194
177,Sierra Leone,SLE,2006,1.109
177,Sierra Leone,SLE,2007,0.795
177,Sierra Leone,SLE,2008,1.243
177,Sierra Leone,SLE,2009,0.9
177,Sierra Leone,SLE,2010,1.405
177,Sierra Leone,SLE,2011,1.134
177,Sierra Leone,SLE,2012,0.533
177,Sierra Leone,SLE,2013,1.058
177,Sierra Leone,SLE,2014,1.037
177,Sierra Leone,SLE,2015,1.16
177,Sierra Leone,SLE,2016,1.086
177,Sierra Leone,SLE,2017,1.728
177,Sierra Leone,SLE,2018,1.234
177,Sierra Leone,SLE,2019,1.561
177,Sierra Leone,SLE,2020,1.526
177,Sierra Leone,SLE,2021,1.565
177,Sierra Leone,SLE,2022,1.328
178,Singapore,SGP,1964,-0.075
178,Singapore,SGP,1965,-0.466
178,Singapore,SGP,1966,-0.007
178,Singapore,SGP,1967,-0.091
178,Singapore,SGP,1968,-0.37
178,Singapore,SGP,1969,0.344
178,Singapore,SGP,1970,0.124
178,Singapore,SGP,1971,-0.181
178,Singapore,SGP,1973,0.086
178,Singapore,SGP,1974,-0.084
178,Singapore,SGP,1975,0.004
178,Singapore,SGP,1976,0.274
178,Singapore,SGP,1978,0.206
178,Singapore,SGP,1979,0.174
178,Singapore,SGP,1980,0.285
178,Singapore,SGP,1981,0.516
178,Singapore,SGP,1982,0.195
178,Singapore,SGP,1986,-0.015
178,Singapore,SGP,1987,0.416
178,Singapore,SGP,1988,0.323
178,Singapore,SGP,1993,0.289
178,Singapore,SGP,1994,0.669
178,Singapore,SGP,1995,0.544
178,Singapore,SGP,1996,0.328
178,Singapore,SGP,1997,0.964
178,Singapore,SGP,1999,0.353
178,Singapore,SGP,2002,0.776
178,Singapore,SGP,2010,1.059
178,Singapore,SGP,2011,0.74
178,Singapore,SGP,2012,0.826
178,Singapore,SGP,2013,1.15
178,Singapore,SGP,2014,1.331
178,Singapore,SGP,2015,1.537
178,Singapore,SGP,2016,2.038
178,Singapore,SGP,2017,1.587
178,Singapore,SGP,2018,1.37
178,Singapore,SGP,2019,1.878
178,Singapore,SGP,2020,1.585
178,Singapore,SGP,2021,1.3
178,Singapore,SGP,2022,1.311
179,Slovak Rep.,SVK,1993,0.034
179,Slovak Rep.,SVK,1994,1.702
179,Slovak Rep.,SVK,1995,0.686
179,Slovak Rep.,SVK,1996,-0.418
179,Slovak Rep.,SVK,1997,-0.258
179,Slovak Rep.,SVK,1998,1.021
179,Slovak Rep.,SVK,1999,0.768
179,Slovak Rep.,SVK,2000,1.621
179,Slovak Rep.,SVK,2001,1.237
179,Slovak Rep.,SVK,2002,1.376
179,Slovak Rep.,SVK,2003,0.648
179,Slovak Rep.,SVK,2004,0.539
179,Slovak Rep.,SVK,2005,0.395
179,Slovak Rep.,SVK,2006,0.629
179,Slovak Rep.,SVK,2007,2.148
179,Slovak Rep.,SVK,2008,1.523
179,Slovak Rep.,SVK,2009,1.496
179,Slovak Rep.,SVK,2010,0.685
179,Slovak Rep.,SVK,2011,0.84
179,Slovak Rep.,SVK,2012,1.569
179,Slovak Rep.,SVK,2013,0.949
179,Slovak Rep.,SVK,2014,2.379
179,Slovak Rep.,SVK,2015,2.122
179,Slovak Rep.,SVK,2016,1.959
179,Slovak Rep.,SVK,2017,1.276
179,Slovak Rep.,SVK,2018,2.549
179,Slovak Rep.,SVK,2019,2.42
179,Slovak Rep.,SVK,2020,2.027
179,Slovak Rep.,SVK,2021,1.287
179,Slovak Rep.,SVK,2022,2.018
180,"Slovenia, Rep. of",SVN,1992,1.156
180,"Slovenia, Rep. of",SVN,1993,0.56
180,"Slovenia, Rep. of",SVN,1994,1.865
180,"Slovenia, Rep. of",SVN,1995,0.796
180,"Slovenia, Rep. of",SVN,1996,-0.12
180,"Slovenia, Rep. of",SVN,1997,0.464
180,"Slovenia, Rep. of",SVN,1998,1.359
180,"Slovenia, Rep. of",SVN,1999,0.867
180,"Slovenia, Rep. of",SVN,2000,1.782
180,"Slovenia, Rep. of",SVN,2001,1.706
180,"Slovenia, Rep. of",SVN,2002,1.498
180,"Slovenia, Rep. of",SVN,2003,1.426
180,"Slovenia, Rep. of",SVN,2004,0.726
180,"Slovenia, Rep. of",SVN,2005,0.476
180,"Slovenia, Rep. of",SVN,2006,0.86
180,"Slovenia, Rep. of",SVN,2007,2.165
180,"Slovenia, Rep. of",SVN,2008,1.574
180,"Slovenia, Rep. of",SVN,2009,1.628
180,"Slovenia, Rep. of",SVN,2010,0.769
180,"Slovenia, Rep. of",SVN,2011,1.354
180,"Slovenia, Rep. of",SVN,2012,1.931
180,"Slovenia, Rep. of",SVN,2013,1.234
180,"Slovenia, Rep. of",SVN,2014,2.431
180,"Slovenia, Rep. of",SVN,2015,2.125
180,"Slovenia, Rep. of",SVN,2016,2.046
180,"Slovenia, Rep. of",SVN,2017,1.721
180,"Slovenia, Rep. of",SVN,2018,2.412
180,"Slovenia, Rep. of",SVN,2019,2.34
180,"Slovenia, Rep. of",SVN,2020,2.228
180,"Slovenia, Rep. of",SVN,2021,1.524
180,"Slovenia, Rep. of",SVN,2022,2.435
181,Solomon Islands,SLB,1961,0.097
181,Solomon Islands,SLB,1962,0.093
181,Solomon Islands,SLB,1963,-0.075
181,Solomon Islands,SLB,1964,0.13
181,Solomon Islands,SLB,1965,-0.478
181,Solomon Islands,SLB,1966,-0.139
181,Solomon Islands,SLB,1967,-0.138
181,Solomon Islands,SLB,1968,-0.142
181,Solomon Islands,SLB,1969,0.244
181,Solomon Islands,SLB,1970,0.149
181,Solomon Islands,SLB,1971,-0.121
181,Solomon Islands,SLB,1972,-0.327
181,Solomon Islands,SLB,1973,0.206
181,Solomon Islands,SLB,1974,0.113
181,Solomon Islands,SLB,1975,0.061
181,Solomon Islands,SLB,1976,-0.055
181,Solomon Islands,SLB,1978,0.346
181,Solomon Islands,SLB,1979,0.27
181,Solomon Islands,SLB,1980,0.208
181,Solomon Islands,SLB,1981,0.475
181,Solomon Islands,SLB,1982,-0.054
181,Solomon Islands,SLB,1983,0.331
181,Solomon Islands,SLB,1984,0.272
181,Solomon Islands,SLB,1985,0.22
181,Solomon Islands,SLB,1986,0.009
181,Solomon Islands,SLB,1987,-0.016
181,Solomon Islands,SLB,1988,0.645
181,Solomon Islands,SLB,1989,0.158
181,Solomon Islands,SLB,1991,0.26
181,Solomon Islands,SLB,1992,0.492
181,Solomon Islands,SLB,1993,0.057
181,Solomon Islands,SLB,1994,0.043
181,Solomon Islands,SLB,1995,0.643
181,Solomon Islands,SLB,1996,0.402
181,Solomon Islands,SLB,1997,0.293
181,Solomon Islands,SLB,1998,0.654
181,Solomon Islands,SLB,1999,0.249
181,Solomon Islands,SLB,2000,0.563
181,Solomon Islands,SLB,2003,0.592
181,Solomon Islands,SLB,2004,0.752
181,Solomon Islands,SLB,2005,0.792
181,Solomon Islands,SLB,2006,0.549
181,Solomon Islands,SLB,2007,0.962
181,Solomon Islands,SLB,2009,0.319
181,Solomon Islands,SLB,2010,0.69
181,Solomon Islands,SLB,2011,0.797
181,Solomon Islands,SLB,2012,0.887
181,Solomon Islands,SLB,2013,0.789
181,Solomon Islands,SLB,2014,0.766
181,Solomon Islands,SLB,2015,0.674
181,Solomon Islands,SLB,2020,1.185
181,Solomon Islands,SLB,2021,0.955
181,Solomon Islands,SLB,2022,1.038
182,Somalia,SOM,1961,0.333
182,Somalia,SOM,1962,-0.028
182,Somalia,SOM,1963,-0.211
182,Somalia,SOM,1964,0.027
182,Somalia,SOM,1965,-0.388
182,Somalia,SOM,1966,0.173
182,Somalia,SOM,1967,-0.09
182,Somalia,SOM,1968,-0.591
182,Somalia,SOM,1969,0.018
182,Somalia,SOM,1970,0.079
182,Somalia,SOM,1971,-0.245
182,Somalia,SOM,1972,0.298
182,Somalia,SOM,1973,0.571
182,Somalia,SOM,1974,-0.027
182,Somalia,SOM,1975,0.128
182,Somalia,SOM,1976,0.264
182,Somalia,SOM,1977,0.493
182,Somalia,SOM,1978,0.249
182,Somalia,SOM,1979,0.07
182,Somalia,SOM,1980,0.651
182,Somalia,SOM,1981,0.121
182,Somalia,SOM,1982,0.336
182,Somalia,SOM,1983,0.454
182,Somalia,SOM,1984,-0.001
182,Somalia,SOM,1985,0.007
182,Somalia,SOM,1986,0.097
182,Somalia,SOM,1987,0.869
182,Somalia,SOM,1988,0.719
182,Somalia,SOM,1989,-0.101
182,Somalia,SOM,1990,0.108
182,Somalia,SOM,1991,0.228
182,Somalia,SOM,1992,0.531
182,Somalia,SOM,1993,0.162
182,Somalia,SOM,1994,0.499
182,Somalia,SOM,1995,0.461
182,Somalia,SOM,1996,0.619
182,Somalia,SOM,1997,0.423
182,Somalia,SOM,1998,0.617
182,Somalia,SOM,1999,0.388
182,Somalia,SOM,2000,0.421
182,Somalia,SOM,2001,0.83
182,Somalia,SOM,2002,0.82
182,Somalia,SOM,2003,1.047
182,Somalia,SOM,2004,0.465
182,Somalia,SOM,2005,1.07
182,Somalia,SOM,2006,0.845
182,Somalia,SOM,2007,0.958
182,Somalia,SOM,2008,0.677
182,Somalia,SOM,2009,1.29
182,Somalia,SOM,2010,1.091
182,Somalia,SOM,2011,1.057
182,Somalia,SOM,2012,0.976
182,Somalia,SOM,2013,1.089
182,Somalia,SOM,2014,1.121
182,Somalia,SOM,2015,1.467
182,Somalia,SOM,2016,1.267
182,Somalia,SOM,2017,1.623
182,Somalia,SOM,2018,0.709
182,Somalia,SOM,2019,1.528
182,Somalia,SOM,2020,1.724
182,Somalia,SOM,2021,1.532
182,Somalia,SOM,2022,1.449
183,South Africa,ZAF,1961,0.251
183,South Africa,ZAF,1962,0.215
183,South Africa,ZAF,1963,0.185
183,South Africa,ZAF,1964,-0.072
183,South Africa,ZAF,1965,-0.025
183,South Africa,ZAF,1966,0.246
183,South Africa,ZAF,1967,-0.073
183,South Africa,ZAF,1968,-0.376
183,South Africa,ZAF,1969,0.287
183,South Africa,ZAF,1970,0.365
183,South Africa,ZAF,1971,-0.153
183,South Africa,ZAF,1972,0.106
183,South Africa,ZAF,1973,0.35
183,South Africa,ZAF,1974,-0.245
183,South Africa,ZAF,1975,-0.132
183,South Africa,ZAF,1976,-0.504
183,South Africa,ZAF,1977,0.171
183,South Africa,ZAF,1978,0.059
183,South Africa,ZAF,1979,0.317
183,South Africa,ZAF,1980,0.237
183,South Africa,ZAF,1981,-0.328
183,South Africa,ZAF,1982,0.212
183,South Africa,ZAF,1983,0.707
183,South Africa,ZAF,1984,0.535
183,South Africa,ZAF,1985,0.663
183,South Africa,ZAF,1986,0.463
183,South Africa,ZAF,1987,0.743
183,South Africa,ZAF,1988,0.338
183,South Africa,ZAF,1989,-0.034
183,South Africa,ZAF,1990,0.324
183,South Africa,ZAF,1991,0.367
183,South Africa,ZAF,1992,0.807
183,South Africa,ZAF,1993,0.836
183,South Africa,ZAF,1994,0.208
183,South Africa,ZAF,1995,0.633
183,South Africa,ZAF,1996,-0.15
183,South Africa,ZAF,1997,0.219
183,South Africa,ZAF,1998,0.825
183,South Africa,ZAF,1999,1.096
183,South Africa,ZAF,2000,0.271
183,South Africa,ZAF,2001,0.516
183,South Africa,ZAF,2002,0.453
183,South Africa,ZAF,2003,0.791
183,South Africa,ZAF,2004,0.874
183,South Africa,ZAF,2005,1.031
183,South Africa,ZAF,2006,0.361
183,South Africa,ZAF,2007,0.721
183,South Africa,ZAF,2008,0.575
183,South Africa,ZAF,2009,0.662
183,South Africa,ZAF,2010,1.083
183,South Africa,ZAF,2011,0.446
183,South Africa,ZAF,2012,0.508
183,South Africa,ZAF,2013,0.655
183,South Africa,ZAF,2014,0.838
183,South Africa,ZAF,2015,1.3
183,South Africa,ZAF,2016,1.562
183,South Africa,ZAF,2017,1.103
183,South Africa,ZAF,2018,1.016
183,South Africa,ZAF,2019,1.811
183,South Africa,ZAF,2020,0.89
183,South Africa,ZAF,2021,0.809
183,South Africa,ZAF,2022,1.094
184,"South Sudan, Rep. of",SSD,2011,1.462
184,"South Sudan, Rep. of",SSD,2012,1.254
184,"South Sudan, Rep. of",SSD,2013,1.325
184,"South Sudan, Rep. of",SSD,2014,0.965
184,"South Sudan, Rep. of",SSD,2015,1.139
184,"South Sudan, Rep. of",SSD,2016,1.292
184,"South Sudan, Rep. of",SSD,2017,1.299
184,"South Sudan, Rep. of",SSD,2018,1.192
184,"South Sudan, Rep. of",SSD,2019,1.001
184,"South Sudan, Rep. of",SSD,2020,0.69
184,"South Sudan, Rep. of",SSD,2021,1.168
184,"South Sudan, Rep. of",SSD,2022,0.983
185,Spain,ESP,1961,0.728
185,Spain,ESP,1962,0.411
185,Spain,ESP,1963,-0.233
185,Spain,ESP,1964,0.486
185,Spain,ESP,1965,-0.2
185,Spain,ESP,1966,0.392
185,Spain,ESP,1967,0.146
185,Spain,ESP,1968,0.093
185,Spain,ESP,1969,-0.285
185,Spain,ESP,1970,0.131
185,Spain,ESP,1971,-0.741
185,Spain,ESP,1972,-0.825
185,Spain,ESP,1973,-0.164
185,Spain,ESP,1974,-0.434
185,Spain,ESP,1975,-0.091
185,Spain,ESP,1976,-0.367
185,Spain,ESP,1977,-0.16
185,Spain,ESP,1978,0.101
185,Spain,ESP,1979,0.276
185,Spain,ESP,1980,0.186
185,Spain,ESP,1981,0.344
185,Spain,ESP,1982,0.709
185,Spain,ESP,1983,0.55
185,Spain,ESP,1984,-0.163
185,Spain,ESP,1985,0.484
185,Spain,ESP,1986,0.259
185,Spain,ESP,1987,0.724
185,Spain,ESP,1988,0.796
185,Spain,ESP,1989,1.039
185,Spain,ESP,1990,1.446
185,Spain,ESP,1991,0.209
185,Spain,ESP,1992,0.305
185,Spain,ESP,1993,-0.059
185,Spain,ESP,1994,1.044
185,Spain,ESP,1995,1.444
185,Spain,ESP,1996,0.722
185,Spain,ESP,1997,1.535
185,Spain,ESP,1998,1.189
185,Spain,ESP,1999,0.814
185,Spain,ESP,2000,0.81
185,Spain,ESP,2001,1.406
185,Spain,ESP,2002,0.812
185,Spain,ESP,2003,1.598
185,Spain,ESP,2004,1.004
185,Spain,ESP,2005,0.902
185,Spain,ESP,2006,1.526
185,Spain,ESP,2007,0.835
185,Spain,ESP,2008,0.864
185,Spain,ESP,2009,1.36
185,Spain,ESP,2010,0.908
185,Spain,ESP,2011,1.613
185,Spain,ESP,2012,1.043
185,Spain,ESP,2013,0.906
185,Spain,ESP,2014,1.603
185,Spain,ESP,2015,1.533
185,Spain,ESP,2016,1.714
185,Spain,ESP,2017,2.036
185,Spain,ESP,2018,1.149
185,Spain,ESP,2019,1.534
185,Spain,ESP,2020,2.083
185,Spain,ESP,2021,1.431
185,Spain,ESP,2022,2.489
186,Sri Lanka,LKA,1961,-0.105
186,Sri Lanka,LKA,1962,-0.092
186,Sri Lanka,LKA,1963,-0.029
186,Sri Lanka,LKA,1964,0.07
186,Sri Lanka,LKA,1965,-0.145
186,Sri Lanka,LKA,1966,0.213
186,Sri Lanka,LKA,1967,-0.082
186,Sri Lanka,LKA,1968,-0.066
186,Sri Lanka,LKA,1969,0.229
186,Sri Lanka,LKA,1970,0.125
186,Sri Lanka,LKA,1971,-0.334
186,Sri Lanka,LKA,1972,-0.103
186,Sri Lanka,LKA,1973,0.413
186,Sri Lanka,LKA,1974,-0.245
186,Sri Lanka,LKA,1975,-0.183
186,Sri Lanka,LKA,1976,-0.117
186,Sri Lanka,LKA,1977,0.038
186,Sri Lanka,LKA,1978,0.091
186,Sri Lanka,LKA,1979,0.327
186,Sri Lanka,LKA,1980,0.419
186,Sri Lanka,LKA,1981,0.151
186,Sri Lanka,LKA,1982,0.137
186,Sri Lanka,LKA,1983,0.637
186,Sri Lanka,LKA,1984,-0.02
186,Sri Lanka,LKA,1985,0.077
186,Sri Lanka,LKA,1986,0.158
186,Sri Lanka,LKA,1987,0.685
186,Sri Lanka,LKA,1988,0.704
186,Sri Lanka,LKA,1989,0.219
186,Sri Lanka,LKA,1990,0.569
186,Sri Lanka,LKA,1991,0.516
186,Sri Lanka,LKA,1992,0.214
186,Sri Lanka,LKA,1993,0.217
186,Sri Lanka,LKA,1994,0.305
186,Sri Lanka,LKA,1995,0.575
186,Sri Lanka,LKA,1996,0.402
186,Sri Lanka,LKA,1997,0.559
186,Sri Lanka,LKA,1998,1.187
186,Sri Lanka,LKA,1999,0.355
186,Sri Lanka,LKA,2000,0.462
186,Sri Lanka,LKA,2001,0.698
186,Sri Lanka,LKA,2002,0.852
186,Sri Lanka,LKA,2003,0.759
186,Sri Lanka,LKA,2004,0.673
186,Sri Lanka,LKA,2005,0.722
186,Sri Lanka,LKA,2006,0.496
186,Sri Lanka,LKA,2007,0.496
186,Sri Lanka,LKA,2008,0.421
186,Sri Lanka,LKA,2009,0.783
186,Sri Lanka,LKA,2010,1.105
186,Sri Lanka,LKA,2011,0.739
186,Sri Lanka,LKA,2012,0.977
186,Sri Lanka,LKA,2013,0.862
186,Sri Lanka,LKA,2014,0.997
186,Sri Lanka,LKA,2015,1.006
186,Sri Lanka,LKA,2016,1.369
186,Sri Lanka,LKA,2017,1.095
186,Sri Lanka,LKA,2018,0.823
186,Sri Lanka,LKA,2019,1.275
186,Sri Lanka,LKA,2020,1.315
186,Sri Lanka,LKA,2021,1.034
186,Sri Lanka,LKA,2022,1.004
187,St. Kitts and Nevis,KNA,1961,0.09
187,St. Kitts and Nevis,KNA,1962,0.031
187,St. Kitts and Nevis,KNA,1963,0.288
187,St. Kitts and Nevis,KNA,1964,0.214
187,St. Kitts and Nevis,KNA,1965,-0.385
187,St. Kitts and Nevis,KNA,1966,0.097
187,St. Kitts and Nevis,KNA,1967,-0.192
187,St. Kitts and Nevis,KNA,1968,-0.225
187,St. Kitts and Nevis,KNA,1969,0.271
187,St. Kitts and Nevis,KNA,1970,0.109
187,St. Kitts and Nevis,KNA,1971,-0.233
187,St. Kitts and Nevis,KNA,1972,-0.214
187,St. Kitts and Nevis,KNA,1973,0.164
187,St. Kitts and Nevis,KNA,1974,-0.377
187,St. Kitts and Nevis,KNA,1975,-0.419
187,St. Kitts and Nevis,KNA,1976,-0.467
187,St. Kitts and Nevis,KNA,1977,0.076
187,St. Kitts and Nevis,KNA,1978,0.161
187,St. Kitts and Nevis,KNA,1979,0.16
187,St. Kitts and Nevis,KNA,1980,0.646
187,St. Kitts and Nevis,KNA,1981,0.564
187,St. Kitts and Nevis,KNA,1982,0.162
187,St. Kitts and Nevis,KNA,1983,0.489
187,St. Kitts and Nevis,KNA,1984,0.009
187,St. Kitts and Nevis,KNA,1985,-0.051
187,St. Kitts and Nevis,KNA,1986,-0.023
187,St. Kitts and Nevis,KNA,1987,0.649
187,St. Kitts and Nevis,KNA,1988,0.395
187,St. Kitts and Nevis,KNA,1989,-0.077
187,St. Kitts and Nevis,KNA,1990,0.417
187,St. Kitts and Nevis,KNA,1991,0.459
187,St. Kitts and Nevis,KNA,1992,0.445
187,St. Kitts and Nevis,KNA,1993,0.528
187,St. Kitts and Nevis,KNA,1994,0.493
187,St. Kitts and Nevis,KNA,1995,0.677
187,St. Kitts and Nevis,KNA,1996,0.377
187,St. Kitts and Nevis,KNA,1997,0.455
187,St. Kitts and Nevis,KNA,1998,1.046
187,St. Kitts and Nevis,KNA,1999,0.541
187,St. Kitts and Nevis,KNA,2000,0.335
187,St. Kitts and Nevis,KNA,2002,0.634
187,St. Kitts and Nevis,KNA,2003,0.783
187,St. Kitts and Nevis,KNA,2004,0.501
187,St. Kitts and Nevis,KNA,2005,0.843
187,St. Kitts and Nevis,KNA,2006,0.659
187,St. Kitts and Nevis,KNA,2007,0.934
187,St. Kitts and Nevis,KNA,2008,0.394
187,St. Kitts and Nevis,KNA,2009,0.498
187,St. Kitts and Nevis,KNA,2010,1.153
187,St. Kitts and Nevis,KNA,2011,0.586
187,St. Kitts and Nevis,KNA,2012,0.696
187,St. Kitts and Nevis,KNA,2013,0.783
187,St. Kitts and Nevis,KNA,2014,0.744
187,St. Kitts and Nevis,KNA,2015,1.035
187,St. Kitts and Nevis,KNA,2016,1.097
187,St. Kitts and Nevis,KNA,2017,0.958
187,St. Kitts and Nevis,KNA,2018,0.627
187,St. Kitts and Nevis,KNA,2019,0.797
187,St. Kitts and Nevis,KNA,2020,1.131
187,St. Kitts and Nevis,KNA,2021,0.862
187,St. Kitts and Nevis,KNA,2022,0.77
188,St. Lucia,LCA,1961,0.049
188,St. Lucia,LCA,1962,0.111
188,St. Lucia,LCA,1963,0.258
188,St. Lucia,LCA,1964,0.003
188,St. Lucia,LCA,1965,-0.245
188,St. Lucia,LCA,1966,0.025
188,St. Lucia,LCA,1967,-0.249
188,St. Lucia,LCA,1968,-0.201
188,St. Lucia,LCA,1969,0.436
188,St. Lucia,LCA,1970,0.216
188,St. Lucia,LCA,1971,-0.225
188,St. Lucia,LCA,1972,-0.058
188,St. Lucia,LCA,1973,0.104
188,St. Lucia,LCA,1974,-0.408
188,St. Lucia,LCA,1975,-0.417
188,St. Lucia,LCA,1976,-0.344
188,St. Lucia,LCA,1977,-0.055
188,St. Lucia,LCA,1978,0.096
188,St. Lucia,LCA,1979,0.194
188,St. Lucia,LCA,1980,0.329
188,St. Lucia,LCA,1981,0.354
188,St. Lucia,LCA,1982,0.089
188,St. Lucia,LCA,1983,0.379
188,St. Lucia,LCA,1984,-0.039
188,St. Lucia,LCA,1985,-0.228
188,St. Lucia,LCA,1986,-0.076
188,St. Lucia,LCA,1987,0.525
188,St. Lucia,LCA,1988,0.424
188,St. Lucia,LCA,1989,-0.025
188,St. Lucia,LCA,1990,0.318
188,St. Lucia,LCA,1991,0.422
188,St. Lucia,LCA,1992,0.382
188,St. Lucia,LCA,1993,0.444
188,St. Lucia,LCA,1994,0.499
188,St. Lucia,LCA,1995,0.65
188,St. Lucia,LCA,1996,0.431
188,St. Lucia,LCA,1997,0.565
188,St. Lucia,LCA,1998,1.085
188,St. Lucia,LCA,1999,0.526
188,St. Lucia,LCA,2000,0.337
188,St. Lucia,LCA,2001,0.573
188,St. Lucia,LCA,2002,0.643
188,St. Lucia,LCA,2003,0.864
188,St. Lucia,LCA,2004,0.517
188,St. Lucia,LCA,2005,0.941
188,St. Lucia,LCA,2006,0.758
188,St. Lucia,LCA,2007,0.752
188,St. Lucia,LCA,2008,0.436
188,St. Lucia,LCA,2009,0.523
188,St. Lucia,LCA,2010,1.177
188,St. Lucia,LCA,2011,0.642
188,St. Lucia,LCA,2012,0.625
188,St. Lucia,LCA,2013,0.744
188,St. Lucia,LCA,2014,0.619
188,St. Lucia,LCA,2015,0.861
188,St. Lucia,LCA,2016,0.999
188,St. Lucia,LCA,2017,0.844
188,St. Lucia,LCA,2018,0.532
188,St. Lucia,LCA,2019,0.967
188,St. Lucia,LCA,2020,1.161
188,St. Lucia,LCA,2021,0.732
188,St. Lucia,LCA,2022,0.689
189,St. Vincent and the Grenadines,VCT,1961,0.108
189,St. Vincent and the Grenadines,VCT,1962,0.063
189,St. Vincent and the Grenadines,VCT,1963,0.307
189,St. Vincent and the Grenadines,VCT,1964,-0.051
189,St. Vincent and the Grenadines,VCT,1965,-0.197
189,St. Vincent and the Grenadines,VCT,1966,0.062
189,St. Vincent and the Grenadines,VCT,1967,-0.238
189,St. Vincent and the Grenadines,VCT,1968,-0.139
189,St. Vincent and the Grenadines,VCT,1969,0.504
189,St. Vincent and the Grenadines,VCT,1970,0.297
189,St. Vincent and the Grenadines,VCT,1971,-0.301
189,St. Vincent and the Grenadines,VCT,1972,-0.117
189,St. Vincent and the Grenadines,VCT,1973,0.072
189,St. Vincent and the Grenadines,VCT,1974,-0.451
189,St. Vincent and the Grenadines,VCT,1975,-0.397
189,St. Vincent and the Grenadines,VCT,1976,-0.239
189,St. Vincent and the Grenadines,VCT,1977,-0.13
189,St. Vincent and the Grenadines,VCT,1978,0.066
189,St. Vincent and the Grenadines,VCT,1979,0.276
189,St. Vincent and the Grenadines,VCT,1980,0.211
189,St. Vincent and the Grenadines,VCT,1981,0.331
189,St. Vincent and the Grenadines,VCT,1982,0.087
189,St. Vincent and the Grenadines,VCT,1983,0.364
189,St. Vincent and the Grenadines,VCT,1984,-0.047
189,St. Vincent and the Grenadines,VCT,1985,-0.426
189,St. Vincent and the Grenadines,VCT,1986,-0.185
189,St. Vincent and the Grenadines,VCT,1987,0.444
189,St. Vincent and the Grenadines,VCT,1988,0.453
189,St. Vincent and the Grenadines,VCT,1989,-0.164
189,St. Vincent and the Grenadines,VCT,1990,0.204
189,St. Vincent and the Grenadines,VCT,1991,0.401
189,St. Vincent and the Grenadines,VCT,1992,0.394
189,St. Vincent and the Grenadines,VCT,1993,0.426
189,St. Vincent and the Grenadines,VCT,1994,0.459
189,St. Vincent and the Grenadines,VCT,1995,0.709
189,St. Vincent and the Grenadines,VCT,1996,0.469
189,St. Vincent and the Grenadines,VCT,1997,0.626
189,St. Vincent and the Grenadines,VCT,1998,1.186
189,St. Vincent and the Grenadines,VCT,1999,0.614
189,St. Vincent and the Grenadines,VCT,2000,0.459
189,St. Vincent and the Grenadines,VCT,2001,0.689
189,St. Vincent and the Grenadines,VCT,2002,0.627
189,St. Vincent and the Grenadines,VCT,2003,0.91
189,St. Vincent and the Grenadines,VCT,2004,0.438
189,St. Vincent and the Grenadines,VCT,2005,1.0
189,St. Vincent and the Grenadines,VCT,2006,0.739
189,St. Vincent and the Grenadines,VCT,2007,0.681
189,St. Vincent and the Grenadines,VCT,2008,0.505
189,St. Vincent and the Grenadines,VCT,2009,0.504
189,St. Vincent and the Grenadines,VCT,2010,1.2
189,St. Vincent and the Grenadines,VCT,2011,0.684
189,St. Vincent and the Grenadines,VCT,2012,0.581
189,St. Vincent and the Grenadines,VCT,2013,0.773
189,St. Vincent and the Grenadines,VCT,2014,0.642
189,St. Vincent and the Grenadines,VCT,2015,0.839
189,St. Vincent and the Grenadines,VCT,2016,0.949
189,St. Vincent and the Grenadines,VCT,2017,0.911
189,St. Vincent and the Grenadines,VCT,2018,0.539
189,St. Vincent and the Grenadines,VCT,2019,1.169
189,St. Vincent and the Grenadines,VCT,2020,1.229
189,St. Vincent and the Grenadines,VCT,2021,0.761
189,St. Vincent and the Grenadines,VCT,2022,0.698
190,Sudan,SDN,2011,0.881
190,Sudan,SDN,2012,1.032
190,Sudan,SDN,2013,1.147
190,Sudan,SDN,2014,0.952
190,Sudan,SDN,2015,1.502
190,Sudan,SDN,2016,1.172
190,Sudan,SDN,2017,1.21
190,Sudan,SDN,2018,1.227
190,Sudan,SDN,2019,0.881
190,Sudan,SDN,2020,0.458
190,Sudan,SDN,2021,1.241
190,Sudan,SDN,2022,0.773
191,Suriname,SUR,1961,-0.067
191,Suriname,SUR,1962,-0.046
191,Suriname,SUR,1963,-0.055
191,Suriname,SUR,1964,0.047
191,Suriname,SUR,1965,0.001
191,Suriname,SUR,1966,0.242
191,Suriname,SUR,1967,-0.092
191,Suriname,SUR,1968,-0.277
191,Suriname,SUR,1969,0.507
191,Suriname,SUR,1970,0.22
191,Suriname,SUR,1971,-0.429
191,Suriname,SUR,1972,-0.077
191,Suriname,SUR,1973,0.12
191,Suriname,SUR,1974,-0.348
191,Suriname,SUR,1975,-0.364
191,Suriname,SUR,1976,-0.05
191,Suriname,SUR,1977,0.128
191,Suriname,SUR,1978,0.073
191,Suriname,SUR,1979,0.299
191,Suriname,SUR,1980,0.28
191,Suriname,SUR,1981,0.219
191,Suriname,SUR,1982,0.228
191,Suriname,SUR,1983,0.453
191,Suriname,SUR,1984,-0.252
191,Suriname,SUR,1985,0.001
191,Suriname,SUR,1986,0.126
191,Suriname,SUR,1987,0.734
191,Suriname,SUR,1988,0.561
191,Suriname,SUR,1989,0.069
191,Suriname,SUR,1990,0.31
191,Suriname,SUR,1991,0.337
191,Suriname,SUR,1992,0.579
191,Suriname,SUR,1993,0.286
191,Suriname,SUR,1994,0.305
191,Suriname,SUR,1995,0.827
191,Suriname,SUR,1996,0.922
191,Suriname,SUR,1997,0.775
191,Suriname,SUR,1998,1.357
191,Suriname,SUR,1999,0.614
191,Suriname,SUR,2000,0.657
191,Suriname,SUR,2001,0.781
191,Suriname,SUR,2002,1.01
191,Suriname,SUR,2003,1.069
191,Suriname,SUR,2004,1.097
191,Suriname,SUR,2005,1.426
191,Suriname,SUR,2006,1.003
191,Suriname,SUR,2007,0.98
191,Suriname,SUR,2008,1.076
191,Suriname,SUR,2009,1.414
191,Suriname,SUR,2010,1.509
191,Suriname,SUR,2011,1.074
191,Suriname,SUR,2012,0.986
191,Suriname,SUR,2013,1.118
191,Suriname,SUR,2014,1.136
191,Suriname,SUR,2015,1.309
191,Suriname,SUR,2016,1.79
191,Suriname,SUR,2017,1.439
191,Suriname,SUR,2018,1.25
191,Suriname,SUR,2019,1.53
191,Suriname,SUR,2020,1.682
191,Suriname,SUR,2021,1.277
191,Suriname,SUR,2022,1.296
192,Sweden,SWE,1961,1.563
192,Sweden,SWE,1962,-0.69
192,Sweden,SWE,1963,-0.458
192,Sweden,SWE,1964,0.393
192,Sweden,SWE,1965,-0.223
192,Sweden,SWE,1966,-1.672
192,Sweden,SWE,1967,0.83
192,Sweden,SWE,1968,-0.929
192,Sweden,SWE,1969,-0.207
192,Sweden,SWE,1970,-1.098
192,Sweden,SWE,1971,0.03
192,Sweden,SWE,1972,0.791
192,Sweden,SWE,1973,1.145
192,Sweden,SWE,1974,0.935
192,Sweden,SWE,1975,1.574
192,Sweden,SWE,1976,-0.11
192,Sweden,SWE,1977,-0.466
192,Sweden,SWE,1978,-0.075
192,Sweden,SWE,1979,-1.091
192,Sweden,SWE,1980,-0.569
192,Sweden,SWE,1981,-0.228
192,Sweden,SWE,1982,-0.134
192,Sweden,SWE,1983,0.911
192,Sweden,SWE,1984,0.583
192,Sweden,SWE,1985,-1.036
192,Sweden,SWE,1986,-0.493
192,Sweden,SWE,1987,-1.201
192,Sweden,SWE,1988,0.726
192,Sweden,SWE,1989,1.998
192,Sweden,SWE,1990,1.692
192,Sweden,SWE,1991,1.025
192,Sweden,SWE,1992,1.374
192,Sweden,SWE,1993,0.806
192,Sweden,SWE,1994,0.195
192,Sweden,SWE,1995,1.263
192,Sweden,SWE,1996,-0.164
192,Sweden,SWE,1997,0.981
192,Sweden,SWE,1998,0.561
192,Sweden,SWE,1999,1.362
192,Sweden,SWE,2000,1.721
192,Sweden,SWE,2001,1.071
192,Sweden,SWE,2002,1.566
192,Sweden,SWE,2003,0.914
192,Sweden,SWE,2004,1.198
192,Sweden,SWE,2005,1.825
192,Sweden,SWE,2006,1.485
192,Sweden,SWE,2007,1.938
192,Sweden,SWE,2008,1.954
192,Sweden,SWE,2009,1.432
192,Sweden,SWE,2010,-0.279
192,Sweden,SWE,2011,1.267
192,Sweden,SWE,2012,1.313
192,Sweden,SWE,2013,0.857
192,Sweden,SWE,2014,2.704
192,Sweden,SWE,2015,2.069
192,Sweden,SWE,2016,1.841
192,Sweden,SWE,2017,1.588
192,Sweden,SWE,2018,1.844
192,Sweden,SWE,2019,1.568
192,Sweden,SWE,2020,2.943
192,Sweden,SWE,2021,1.846
192,Sweden,SWE,2022,2.11
193,Switzerland,CHE,1961,0.988
193,Switzerland,CHE,1962,-0.357
193,Switzerland,CHE,1963,-0.87
193,Switzerland,CHE,1964,0.137
193,Switzerland,CHE,1965,-0.791
193,Switzerland,CHE,1966,0.466
193,Switzerland,CHE,1967,0.554
193,Switzerland,CHE,1968,-0.062
193,Switzerland,CHE,1969,-0.079
193,Switzerland,CHE,1970,-0.486
193,Switzerland,CHE,1971,-0.069
193,Switzerland,CHE,1972,-0.061
193,Switzerland,CHE,1973,-0.056
193,Switzerland,CHE,1974,0.089
193,Switzerland,CHE,1975,0.622
193,Switzerland,CHE,1976,0.367
193,Switzerland,CHE,1977,0.172
193,Switzerland,CHE,1978,-0.362
193,Switzerland,CHE,1979,-0.063
193,Switzerland,CHE,1980,-0.194
193,Switzerland,CHE,1981,-0.016
193,Switzerland,CHE,1982,0.579
193,Switzerland,CHE,1983,0.869
193,Switzerland,CHE,1984,-0.33
193,Switzerland,CHE,1985,-0.328
193,Switzerland,CHE,1986,0.242
193,Switzerland,CHE,1987,-0.01
193,Switzerland,CHE,1988,0.916
193,Switzerland,CHE,1989,1.142
193,Switzerland,CHE,1990,1.417
193,Switzerland,CHE,1991,0.328
193,Switzerland,CHE,1992,0.969
193,Switzerland,CHE,1993,0.562
193,Switzerland,CHE,1994,1.859
193,Switzerland,CHE,1995,1.001
193,Switzerland,CHE,1996,0.029
193,Switzerland,CHE,1997,1.063
193,Switzerland,CHE,1998,1.111
193,Switzerland,CHE,1999,0.98
193,Switzerland,CHE,2000,1.42
193,Switzerland,CHE,2001,1.45
193,Switzerland,CHE,2002,1.258
193,Switzerland,CHE,2003,1.848
193,Switzerland,CHE,2004,0.974
193,Switzerland,CHE,2005,0.808
193,Switzerland,CHE,2006,1.091
193,Switzerland,CHE,2007,1.804
193,Switzerland,CHE,2008,1.195
193,Switzerland,CHE,2009,1.371
193,Switzerland,CHE,2010,0.459
193,Switzerland,CHE,2011,1.667
193,Switzerland,CHE,2012,1.512
193,Switzerland,CHE,2013,0.782
193,Switzerland,CHE,2014,2.169
193,Switzerland,CHE,2015,1.972
193,Switzerland,CHE,2016,1.859
193,Switzerland,CHE,2017,1.837
193,Switzerland,CHE,2018,2.343
193,Switzerland,CHE,2019,2.096
193,Switzerland,CHE,2020,2.514
193,Switzerland,CHE,2021,1.181
193,Switzerland,CHE,2022,2.798
194,Syrian Arab Rep.,SYR,1961,-0.025
194,Syrian Arab Rep.,SYR,1962,0.998
194,Syrian Arab Rep.,SYR,1963,0.543
194,Syrian Arab Rep.,SYR,1964,-0.709
194,Syrian Arab Rep.,SYR,1965,-0.183
194,Syrian Arab Rep.,SYR,1966,0.923
194,Syrian Arab Rep.,SYR,1967,-1.028
194,Syrian Arab Rep.,SYR,1968,-0.187
194,Syrian Arab Rep.,SYR,1969,0.154
194,Syrian Arab Rep.,SYR,1970,0.637
194,Syrian Arab Rep.,SYR,1971,-0.182
194,Syrian Arab Rep.,SYR,1972,-0.928
194,Syrian Arab Rep.,SYR,1973,-0.41
194,Syrian Arab Rep.,SYR,1974,-0.18
194,Syrian Arab Rep.,SYR,1975,-0.182
194,Syrian Arab Rep.,SYR,1976,-0.845
194,Syrian Arab Rep.,SYR,1977,0.191
194,Syrian Arab Rep.,SYR,1978,0.17
194,Syrian Arab Rep.,SYR,1979,0.921
194,Syrian Arab Rep.,SYR,1980,-0.174
194,Syrian Arab Rep.,SYR,1981,0.146
194,Syrian Arab Rep.,SYR,1982,-0.536
194,Syrian Arab Rep.,SYR,1983,-0.851
194,Syrian Arab Rep.,SYR,1984,0.004
194,Syrian Arab Rep.,SYR,1985,-0.028
194,Syrian Arab Rep.,SYR,1986,0.402
194,Syrian Arab Rep.,SYR,1987,-0.174
194,Syrian Arab Rep.,SYR,1988,-0.203
194,Syrian Arab Rep.,SYR,1989,0.366
194,Syrian Arab Rep.,SYR,1990,0.181
194,Syrian Arab Rep.,SYR,1991,0.481
194,Syrian Arab Rep.,SYR,1992,-1.12
194,Syrian Arab Rep.,SYR,1993,-0.568
194,Syrian Arab Rep.,SYR,1994,1.274
194,Syrian Arab Rep.,SYR,1995,0.153
194,Syrian Arab Rep.,SYR,1996,0.443
194,Syrian Arab Rep.,SYR,1997,-0.126
194,Syrian Arab Rep.,SYR,1998,1.147
194,Syrian Arab Rep.,SYR,1999,1.282
194,Syrian Arab Rep.,SYR,2000,0.668
194,Syrian Arab Rep.,SYR,2001,1.163
194,Syrian Arab Rep.,SYR,2002,0.872
194,Syrian Arab Rep.,SYR,2003,0.542
194,Syrian Arab Rep.,SYR,2004,0.644
194,Syrian Arab Rep.,SYR,2005,0.226
194,Syrian Arab Rep.,SYR,2006,1.017
194,Syrian Arab Rep.,SYR,2007,0.786
194,Syrian Arab Rep.,SYR,2008,1.033
194,Syrian Arab Rep.,SYR,2009,0.635
194,Syrian Arab Rep.,SYR,2010,2.475
194,Syrian Arab Rep.,SYR,2011,0.656
194,Syrian Arab Rep.,SYR,2012,1.044
194,Syrian Arab Rep.,SYR,2013,1.383
194,Syrian Arab Rep.,SYR,2014,1.213
194,Syrian Arab Rep.,SYR,2015,1.319
194,Syrian Arab Rep.,SYR,2016,1.796
194,Syrian Arab Rep.,SYR,2017,1.142
194,Syrian Arab Rep.,SYR,2018,2.389
194,Syrian Arab Rep.,SYR,2019,1.562
194,Syrian Arab Rep.,SYR,2020,1.868
194,Syrian Arab Rep.,SYR,2021,2.238
194,Syrian Arab Rep.,SYR,2022,1.535
195,Taiwan Province of China,TWN,1961,0.158
195,Taiwan Province of China,TWN,1962,-0.16
195,Taiwan Province of China,TWN,1963,-0.211
195,Taiwan Province of China,TWN,1964,0.251
195,Taiwan Province of China,TWN,1965,-0.144
195,Taiwan Province of China,TWN,1966,0.288
195,Taiwan Province of China,TWN,1967,0.088
195,Taiwan Province of China,TWN,1968,-0.935
195,Taiwan Province of China,TWN,1969,0.01
195,Taiwan Province of China,TWN,1970,-0.336
195,Taiwan Province of China,TWN,1971,-0.235
195,Taiwan Province of China,TWN,1972,-0.164
195,Taiwan Province of China,TWN,1973,0.484
195,Taiwan Province of China,TWN,1974,-0.364
195,Taiwan Province of China,TWN,1975,0.231
195,Taiwan Province of China,TWN,1976,-0.549
195,Taiwan Province of China,TWN,1977,0.223
195,Taiwan Province of China,TWN,1978,0.029
195,Taiwan Province of China,TWN,1979,0.059
195,Taiwan Province of China,TWN,1980,0.222
195,Taiwan Province of China,TWN,1981,0.118
195,Taiwan Province of China,TWN,1982,-0.139
195,Taiwan Province of China,TWN,1983,0.259
195,Taiwan Province of China,TWN,1984,-0.553
195,Taiwan Province of China,TWN,1985,-0.059
195,Taiwan Province of China,TWN,1986,-0.233
195,Taiwan Province of China,TWN,1987,0.352
195,Taiwan Province of China,TWN,1988,0.299
195,Taiwan Province of China,TWN,1989,0.062
195,Taiwan Province of China,TWN,1990,0.349
195,Taiwan Province of China,TWN,1991,0.575
195,Taiwan Province of China,TWN,1992,-0.077
195,Taiwan Province of China,TWN,1993,0.363
195,Taiwan Province of China,TWN,1994,0.398
195,Taiwan Province of China,TWN,1995,0.19
195,Taiwan Province of China,TWN,1996,0.015
195,Taiwan Province of China,TWN,1997,0.142
195,Taiwan Province of China,TWN,1998,1.2
195,Taiwan Province of China,TWN,1999,0.727
195,Taiwan Province of China,TWN,2000,0.427
195,Taiwan Province of China,TWN,2001,0.784
195,Taiwan Province of China,TWN,2002,0.922
195,Taiwan Province of China,TWN,2003,0.871
195,Taiwan Province of China,TWN,2004,0.442
195,Taiwan Province of China,TWN,2005,0.662
195,Taiwan Province of China,TWN,2006,0.72
195,Taiwan Province of China,TWN,2007,0.79
195,Taiwan Province of China,TWN,2008,0.593
195,Taiwan Province of China,TWN,2009,0.789
195,Taiwan Province of China,TWN,2010,0.535
195,Taiwan Province of China,TWN,2011,0.086
195,Taiwan Province of China,TWN,2012,0.376
195,Taiwan Province of China,TWN,2013,0.685
195,Taiwan Province of China,TWN,2014,0.704
195,Taiwan Province of China,TWN,2015,0.718
195,Taiwan Province of China,TWN,2016,1.01
195,Taiwan Province of China,TWN,2017,1.351
195,Taiwan Province of China,TWN,2018,1.108
195,Taiwan Province of China,TWN,2019,1.304
195,Taiwan Province of China,TWN,2020,1.728
195,Taiwan Province of China,TWN,2021,1.898
195,Taiwan Province of China,TWN,2022,1.383
196,"Tajikistan, Rep. of",TJK,1992,-0.259
196,"Tajikistan, Rep. of",TJK,1993,-0.156
196,"Tajikistan, Rep. of",TJK,1994,0.425
196,"Tajikistan, Rep. of",TJK,1995,0.337
196,"Tajikistan, Rep. of",TJK,1996,-0.41
196,"Tajikistan, Rep. of",TJK,1997,1.298
196,"Tajikistan, Rep. of",TJK,1998,0.765
196,"Tajikistan, Rep. of",TJK,1999,1.062
196,"Tajikistan, Rep. of",TJK,2000,0.938
196,"Tajikistan, Rep. of",TJK,2001,1.41
196,"Tajikistan, Rep. of",TJK,2002,1.206
196,"Tajikistan, Rep. of",TJK,2003,0.496
196,"Tajikistan, Rep. of",TJK,2004,1.302
196,"Tajikistan, Rep. of",TJK,2005,0.764
196,"Tajikistan, Rep. of",TJK,2006,1.568
196,"Tajikistan, Rep. of",TJK,2007,1.202
196,"Tajikistan, Rep. of",TJK,2008,0.909
196,"Tajikistan, Rep. of",TJK,2009,0.81
196,"Tajikistan, Rep. of",TJK,2010,1.342
196,"Tajikistan, Rep. of",TJK,2011,1.438
196,"Tajikistan, Rep. of",TJK,2012,-0.032
196,"Tajikistan, Rep. of",TJK,2013,1.255
196,"Tajikistan, Rep. of",TJK,2014,0.461
196,"Tajikistan, Rep. of",TJK,2015,1.301
196,"Tajikistan, Rep. of",TJK,2016,1.645
196,"Tajikistan, Rep. of",TJK,2017,1.288
196,"Tajikistan, Rep. of",TJK,2018,1.66
196,"Tajikistan, Rep. of",TJK,2019,1.325
196,"Tajikistan, Rep. of",TJK,2020,1.034
196,"Tajikistan, Rep. of",TJK,2021,0.945
196,"Tajikistan, Rep. of",TJK,2022,2.074
197,"Tanzania, United Rep. of",TZA,1961,0.334
197,"Tanzania, United Rep. of",TZA,1962,-0.26
197,"Tanzania, United Rep. of",TZA,1963,-0.27
197,"Tanzania, United Rep. of",TZA,1964,-0.397
197,"Tanzania, United Rep. of",TZA,1965,-0.242
197,"Tanzania, United Rep. of",TZA,1966,0.05
197,"Tanzania, United Rep. of",TZA,1967,0.027
197,"Tanzania, United Rep. of",TZA,1968,-0.474
197,"Tanzania, United Rep. of",TZA,1969,0.35
197,"Tanzania, United Rep. of",TZA,1970,0.193
197,"Tanzania, United Rep. of",TZA,1971,-0.286
197,"Tanzania, United Rep. of",TZA,1972,0.024
197,"Tanzania, United Rep. of",TZA,1973,0.335
197,"Tanzania, United Rep. of",TZA,1974,-0.122
197,"Tanzania, United Rep. of",TZA,1975,-0.04
197,"Tanzania, United Rep. of",TZA,1976,0.015
197,"Tanzania, United Rep. of",TZA,1977,0.352
197,"Tanzania, United Rep. of",TZA,1978,0.118
197,"Tanzania, United Rep. of",TZA,1979,-0.09
197,"Tanzania, United Rep. of",TZA,1980,0.41
197,"Tanzania, United Rep. of",TZA,1981,0.387
197,"Tanzania, United Rep. of",TZA,1982,0.437
197,"Tanzania, United Rep. of",TZA,1983,0.724
197,"Tanzania, United Rep. of",TZA,1984,0.125
197,"Tanzania, United Rep. of",TZA,1985,0.094
197,"Tanzania, United Rep. of",TZA,1986,0.174
197,"Tanzania, United Rep. of",TZA,1987,0.598
197,"Tanzania, United Rep. of",TZA,1988,0.657
197,"Tanzania, United Rep. of",TZA,1989,-0.083
197,"Tanzania, United Rep. of",TZA,1990,0.19
197,"Tanzania, United Rep. of",TZA,1991,0.332
197,"Tanzania, United Rep. of",TZA,1992,0.338
197,"Tanzania, United Rep. of",TZA,1993,0.029
197,"Tanzania, United Rep. of",TZA,1994,0.428
197,"Tanzania, United Rep. of",TZA,1995,0.347
197,"Tanzania, United Rep. of",TZA,1996,0.217
197,"Tanzania, United Rep. of",TZA,1997,0.586
197,"Tanzania, United Rep. of",TZA,1998,0.499
197,"Tanzania, United Rep. of",TZA,1999,-0.232
197,"Tanzania, United Rep. of",TZA,2000,0.53
197,"Tanzania, United Rep. of",TZA,2001,0.433
197,"Tanzania, United Rep. of",TZA,2002,0.646
197,"Tanzania, United Rep. of",TZA,2003,1.01
197,"Tanzania, United Rep. of",TZA,2004,0.899
197,"Tanzania, United Rep. of",TZA,2005,1.035
197,"Tanzania, United Rep. of",TZA,2006,0.836
197,"Tanzania, United Rep. of",TZA,2007,0.77
197,"Tanzania, United Rep. of",TZA,2008,0.462
197,"Tanzania, United Rep. of",TZA,2009,0.892
197,"Tanzania, United Rep. of",TZA,2010,1.013
197,"Tanzania, United Rep. of",TZA,2011,0.723
197,"Tanzania, United Rep. of",TZA,2012,0.82
197,"Tanzania, United Rep. of",TZA,2013,0.885
197,"Tanzania, United Rep. of",TZA,2014,0.935
197,"Tanzania, United Rep. of",TZA,2015,1.102
197,"Tanzania, United Rep. of",TZA,2016,0.995
197,"Tanzania, United Rep. of",TZA,2017,1.45
197,"Tanzania, United Rep. of",TZA,2018,1.055
197,"Tanzania, United Rep. of",TZA,2019,1.399
197,"Tanzania, United Rep. of",TZA,2020,1.091
197,"Tanzania, United Rep. of",TZA,2021,1.126
197,"Tanzania, United Rep. of",TZA,2022,0.911
198,Thailand,THA,1961,-0.176
198,Thailand,THA,1962,-0.164
198,Thailand,THA,1963,-0.328
198,Thailand,THA,1964,-0.041
198,Thailand,THA,1965,-0.228
198,Thailand,THA,1966,0.406
198,Thailand,THA,1967,-0.058
198,Thailand,THA,1968,-0.128
198,Thailand,THA,1969,0.464
198,Thailand,THA,1970,0.015
198,Thailand,THA,1971,-0.469
198,Thailand,THA,1972,0.043
198,Thailand,THA,1973,0.361
198,Thailand,THA,1974,-0.453
198,Thailand,THA,1975,0.095
198,Thailand,THA,1976,-0.501
198,Thailand,THA,1977,0.109
198,Thailand,THA,1978,0.306
198,Thailand,THA,1979,0.617
198,Thailand,THA,1980,0.536
198,Thailand,THA,1981,0.346
198,Thailand,THA,1982,0.182
198,Thailand,THA,1983,0.495
198,Thailand,THA,1984,0.158
198,Thailand,THA,1985,0.359
198,Thailand,THA,1986,0.137
198,Thailand,THA,1987,0.815
198,Thailand,THA,1988,0.354
198,Thailand,THA,1989,0.384
198,Thailand,THA,1990,0.592
198,Thailand,THA,1991,0.729
198,Thailand,THA,1992,0.455
198,Thailand,THA,1993,0.389
198,Thailand,THA,1994,0.438
198,Thailand,THA,1995,0.769
198,Thailand,THA,1996,0.319
198,Thailand,THA,1997,0.48
198,Thailand,THA,1998,1.529
198,Thailand,THA,1999,0.504
198,Thailand,THA,2000,0.14
198,Thailand,THA,2001,0.733
198,Thailand,THA,2002,0.734
198,Thailand,THA,2003,0.869
198,Thailand,THA,2004,0.625
198,Thailand,THA,2005,0.974
198,Thailand,THA,2006,0.773
198,Thailand,THA,2007,0.638
198,Thailand,THA,2008,0.496
198,Thailand,THA,2009,0.605
198,Thailand,THA,2010,1.405
198,Thailand,THA,2011,0.36
198,Thailand,THA,2012,1.023
198,Thailand,THA,2013,1.234
198,Thailand,THA,2014,0.845
198,Thailand,THA,2015,1.392
198,Thailand,THA,2016,1.659
198,Thailand,THA,2017,1.202
198,Thailand,THA,2018,0.954
198,Thailand,THA,2019,1.857
198,Thailand,THA,2020,1.596
198,Thailand,THA,2021,1.112
198,Thailand,THA,2022,1.014
199,"Timor-Leste, Dem. Rep. of",TLS,1961,-0.367
199,"Timor-Leste, Dem. Rep. of",TLS,1962,-0.014
199,"Timor-Leste, Dem. Rep. of",TLS,1963,-0.64
199,"Timor-Leste, Dem. Rep. of",TLS,1964,-0.231
199,"Timor-Leste, Dem. Rep. of",TLS,1966,0.102
199,"Timor-Leste, Dem. Rep. of",TLS,1967,-0.366
199,"Timor-Leste, Dem. Rep. of",TLS,1968,0.03
199,"Timor-Leste, Dem. Rep. of",TLS,1969,0.178
199,"Timor-Leste, Dem. Rep. of",TLS,1970,0.334
199,"Timor-Leste, Dem. Rep. of",TLS,1971,0.128
199,"Timor-Leste, Dem. Rep. of",TLS,1972,-0.17
199,"Timor-Leste, Dem. Rep. of",TLS,1973,0.67
199,"Timor-Leste, Dem. Rep. of",TLS,1974,-0.341
199,"Timor-Leste, Dem. Rep. of",TLS,1975,-0.345
199,"Timor-Leste, Dem. Rep. of",TLS,1976,-0.196
199,"Timor-Leste, Dem. Rep. of",TLS,1978,0.823
199,"Timor-Leste, Dem. Rep. of",TLS,1979,0.333
199,"Timor-Leste, Dem. Rep. of",TLS,1980,0.396
199,"Timor-Leste, Dem. Rep. of",TLS,1981,0.746
199,"Timor-Leste, Dem. Rep. of",TLS,1982,-0.385
199,"Timor-Leste, Dem. Rep. of",TLS,1983,0.391
199,"Timor-Leste, Dem. Rep. of",TLS,1984,0.138
199,"Timor-Leste, Dem. Rep. of",TLS,1985,0.54
199,"Timor-Leste, Dem. Rep. of",TLS,1986,0.368
199,"Timor-Leste, Dem. Rep. of",TLS,1990,-0.727
199,"Timor-Leste, Dem. Rep. of",TLS,1993,0.564
199,"Timor-Leste, Dem. Rep. of",TLS,1995,0.37
199,"Timor-Leste, Dem. Rep. of",TLS,1996,0.469
199,"Timor-Leste, Dem. Rep. of",TLS,1997,0.216
199,"Timor-Leste, Dem. Rep. of",TLS,1998,1.148
199,"Timor-Leste, Dem. Rep. of",TLS,1999,0.231
199,"Timor-Leste, Dem. Rep. of",TLS,2003,0.552
199,"Timor-Leste, Dem. Rep. of",TLS,2004,0.618
199,"Timor-Leste, Dem. Rep. of",TLS,2005,1.22
199,"Timor-Leste, Dem. Rep. of",TLS,2006,0.323
199,"Timor-Leste, Dem. Rep. of",TLS,2007,0.586
199,"Timor-Leste, Dem. Rep. of",TLS,2008,0.295
199,"Timor-Leste, Dem. Rep. of",TLS,2009,0.727
199,"Timor-Leste, Dem. Rep. of",TLS,2010,0.971
199,"Timor-Leste, Dem. Rep. of",TLS,2011,-0.083
199,"Timor-Leste, Dem. Rep. of",TLS,2012,0.101
199,"Timor-Leste, Dem. Rep. of",TLS,2013,0.683
199,"Timor-Leste, Dem. Rep. of",TLS,2014,0.583
199,"Timor-Leste, Dem. Rep. of",TLS,2015,0.742
199,"Timor-Leste, Dem. Rep. of",TLS,2016,1.88
199,"Timor-Leste, Dem. Rep. of",TLS,2017,1.154
199,"Timor-Leste, Dem. Rep. of",TLS,2018,0.96
199,"Timor-Leste, Dem. Rep. of",TLS,2019,1.172
199,"Timor-Leste, Dem. Rep. of",TLS,2020,1.996
199,"Timor-Leste, Dem. Rep. of",TLS,2021,1.416
199,"Timor-Leste, Dem. Rep. of",TLS,2022,1.315
200,Togo,TGO,1961,-0.066
200,Togo,TGO,1962,-0.156
200,Togo,TGO,1963,0.101
200,Togo,TGO,1964,-0.145
200,Togo,TGO,1965,-0.074
200,Togo,TGO,1966,0.121
200,Togo,TGO,1967,-0.231
200,Togo,TGO,1968,-0.142
200,Togo,TGO,1969,0.261
200,Togo,TGO,1970,0.305
200,Togo,TGO,1971,-0.193
200,Togo,TGO,1972,0.118
200,Togo,TGO,1973,0.541
200,Togo,TGO,1974,-0.027
200,Togo,TGO,1975,-0.26
200,Togo,TGO,1976,-0.295
200,Togo,TGO,1977,0.387
200,Togo,TGO,1978,-0.04
200,Togo,TGO,1979,0.447
200,Togo,TGO,1980,0.418
200,Togo,TGO,1981,0.164
200,Togo,TGO,1982,0.173
200,Togo,TGO,1983,0.677
200,Togo,TGO,1984,0.55
200,Togo,TGO,1985,0.369
200,Togo,TGO,1986,0.212
200,Togo,TGO,1987,0.964
200,Togo,TGO,1988,0.608
200,Togo,TGO,1989,0.08
200,Togo,TGO,1990,0.597
200,Togo,TGO,1991,0.245
200,Togo,TGO,1992,0.046
200,Togo,TGO,1993,0.468
200,Togo,TGO,1994,0.454
200,Togo,TGO,1995,0.493
200,Togo,TGO,1996,0.627
200,Togo,TGO,1997,0.554
200,Togo,TGO,1998,1.088
200,Togo,TGO,1999,0.575
200,Togo,TGO,2000,0.523
200,Togo,TGO,2001,0.641
200,Togo,TGO,2002,0.732
200,Togo,TGO,2003,0.973
200,Togo,TGO,2004,0.703
200,Togo,TGO,2005,0.932
200,Togo,TGO,2006,0.968
200,Togo,TGO,2007,0.847
200,Togo,TGO,2008,0.711
200,Togo,TGO,2009,0.876
200,Togo,TGO,2010,1.249
200,Togo,TGO,2011,0.866
200,Togo,TGO,2012,0.571
200,Togo,TGO,2013,0.754
200,Togo,TGO,2014,0.923
200,Togo,TGO,2015,1.096
200,Togo,TGO,2016,1.125
200,Togo,TGO,2017,1.243
200,Togo,TGO,2018,1.123
200,Togo,TGO,2019,1.273
200,Togo,TGO,2020,1.134
200,Togo,TGO,2021,1.554
200,Togo,TGO,2022,0.975
201,Tokelau,TKL,1961,-0.044
201,Tokelau,TKL,1962,0.113
201,Tokelau,TKL,1963,0.16
201,Tokelau,TKL,1964,-0.274
201,Tokelau,TKL,1965,-0.106
201,Tokelau,TKL,1966,0.017
201,Tokelau,TKL,1967,-0.325
201,Tokelau,TKL,1968,-0.238
201,Tokelau,TKL,1969,0.104
201,Tokelau,TKL,1970,-0.412
201,Tokelau,TKL,1971,-0.394
201,Tokelau,TKL,1972,0.073
201,Tokelau,TKL,1973,0.069
201,Tokelau,TKL,1974,-0.339
201,Tokelau,TKL,1975,-0.359
201,Tokelau,TKL,1976,0.12
201,Tokelau,TKL,1977,0.236
201,Tokelau,TKL,1978,0.23
201,Tokelau,TKL,1979,0.599
201,Tokelau,TKL,1980,0.452
201,Tokelau,TKL,1981,0.394
201,Tokelau,TKL,1982,0.445
201,Tokelau,TKL,1983,0.319
201,Tokelau,TKL,1984,0.248
201,Tokelau,TKL,1985,0.386
201,Tokelau,TKL,1986,0.464
201,Tokelau,TKL,1987,0.585
201,Tokelau,TKL,1988,0.196
201,Tokelau,TKL,1989,0.091
201,Tokelau,TKL,1990,0.527
201,Tokelau,TKL,1991,0.975
202,Tonga,TON,1961,0.333
202,Tonga,TON,1962,-0.183
202,Tonga,TON,1963,-0.283
202,Tonga,TON,1964,0.239
202,Tonga,TON,1965,-0.606
202,Tonga,TON,1966,-0.411
202,Tonga,TON,1967,-0.21
202,Tonga,TON,1968,0.007
202,Tonga,TON,1969,-0.203
202,Tonga,TON,1970,0.409
202,Tonga,TON,1971,0.202
202,Tonga,TON,1972,0.012
202,Tonga,TON,1973,0.451
202,Tonga,TON,1974,0.108
202,Tonga,TON,1975,0.085
202,Tonga,TON,1976,-0.161
202,Tonga,TON,1977,0.053
202,Tonga,TON,1978,0.221
202,Tonga,TON,1979,0.271
202,Tonga,TON,1980,0.238
202,Tonga,TON,1981,0.186
202,Tonga,TON,1982,0.238
202,Tonga,TON,1983,0.142
202,Tonga,TON,1984,0.376
202,Tonga,TON,1985,0.29
202,Tonga,TON,1986,0.082
202,Tonga,TON,1987,0.049
202,Tonga,TON,1988,0.857
202,Tonga,TON,1989,0.487
202,Tonga,TON,1990,0.419
202,Tonga,TON,1991,0.39
202,Tonga,TON,1992,0.268
202,Tonga,TON,1993,0.001
202,Tonga,TON,1994,0.301
202,Tonga,TON,1995,0.471
202,Tonga,TON,1996,0.282
202,Tonga,TON,1997,0.17
202,Tonga,TON,1998,0.201
202,Tonga,TON,1999,0.119
202,Tonga,TON,2000,0.272
202,Tonga,TON,2001,0.564
202,Tonga,TON,2002,0.78
202,Tonga,TON,2003,0.455
202,Tonga,TON,2004,0.632
202,Tonga,TON,2005,0.769
202,Tonga,TON,2006,0.55
202,Tonga,TON,2007,0.821
202,Tonga,TON,2008,0.292
202,Tonga,TON,2009,0.356
202,Tonga,TON,2010,0.869
202,Tonga,TON,2011,0.602
202,Tonga,TON,2012,0.671
202,Tonga,TON,2013,0.807
202,Tonga,TON,2014,0.713
202,Tonga,TON,2015,0.759
202,Tonga,TON,2016,1.284
202,Tonga,TON,2017,1.077
202,Tonga,TON,2018,1.021
202,Tonga,TON,2019,1.599
202,Tonga,TON,2020,1.398
202,Tonga,TON,2021,1.19
202,Tonga,TON,2022,0.846
203,Trinidad and Tobago,TTO,1961,0.188
203,Trinidad and Tobago,TTO,1962,-0.139
203,Trinidad and Tobago,TTO,1963,0.299
203,Trinidad and Tobago,TTO,1964,-0.068
203,Trinidad and Tobago,TTO,1965,-0.151
203,Trinidad and Tobago,TTO,1966,0.151
203,Trinidad and Tobago,TTO,1967,-0.107
203,Trinidad and Tobago,TTO,1968,-0.171
203,Trinidad and Tobago,TTO,1969,0.508
203,Trinidad and Tobago,TTO,1970,0.339
203,Trinidad and Tobago,TTO,1971,-0.343
203,Trinidad and Tobago,TTO,1972,-0.155
203,Trinidad and Tobago,TTO,1973,0.078
203,Trinidad and Tobago,TTO,1974,-0.376
203,Trinidad and Tobago,TTO,1975,-0.387
203,Trinidad and Tobago,TTO,1976,-0.266
203,Trinidad and Tobago,TTO,1977,-0.065
203,Trinidad and Tobago,TTO,1978,0.099
203,Trinidad and Tobago,TTO,1979,0.249
203,Trinidad and Tobago,TTO,1980,0.248
203,Trinidad and Tobago,TTO,1981,0.325
203,Trinidad and Tobago,TTO,1982,0.082
203,Trinidad and Tobago,TTO,1983,0.292
203,Trinidad and Tobago,TTO,1984,-0.101
203,Trinidad and Tobago,TTO,1985,-0.534
203,Trinidad and Tobago,TTO,1986,-0.336
203,Trinidad and Tobago,TTO,1987,0.422
203,Trinidad and Tobago,TTO,1988,0.303
203,Trinidad and Tobago,TTO,1989,-0.263
203,Trinidad and Tobago,TTO,1990,0.167
203,Trinidad and Tobago,TTO,1991,0.319
203,Trinidad and Tobago,TTO,1992,0.261
203,Trinidad and Tobago,TTO,1993,0.49
203,Trinidad and Tobago,TTO,1994,0.354
203,Trinidad and Tobago,TTO,1995,0.715
203,Trinidad and Tobago,TTO,1996,0.52
203,Trinidad and Tobago,TTO,1997,0.681
203,Trinidad and Tobago,TTO,1998,1.208
203,Trinidad and Tobago,TTO,1999,0.687
203,Trinidad and Tobago,TTO,2000,0.512
203,Trinidad and Tobago,TTO,2001,0.715
203,Trinidad and Tobago,TTO,2002,0.603
203,Trinidad and Tobago,TTO,2003,0.818
203,Trinidad and Tobago,TTO,2004,0.379
203,Trinidad and Tobago,TTO,2005,1.145
203,Trinidad and Tobago,TTO,2006,0.731
203,Trinidad and Tobago,TTO,2007,0.627
203,Trinidad and Tobago,TTO,2008,0.463
203,Trinidad and Tobago,TTO,2009,0.573
203,Trinidad and Tobago,TTO,2010,1.247
203,Trinidad and Tobago,TTO,2011,0.577
203,Trinidad and Tobago,TTO,2012,0.626
203,Trinidad and Tobago,TTO,2013,0.792
203,Trinidad and Tobago,TTO,2014,0.692
203,Trinidad and Tobago,TTO,2015,0.824
203,Trinidad and Tobago,TTO,2016,0.925
203,Trinidad and Tobago,TTO,2017,1.177
203,Trinidad and Tobago,TTO,2018,0.667
203,Trinidad and Tobago,TTO,2019,1.191
203,Trinidad and Tobago,TTO,2020,1.395
203,Trinidad and Tobago,TTO,2021,0.952
203,Trinidad and Tobago,TTO,2022,0.714
204,Tunisia,TUN,1961,0.274
204,Tunisia,TUN,1962,0.152
204,Tunisia,TUN,1963,-0.075
204,Tunisia,TUN,1964,0.347
204,Tunisia,TUN,1965,-0.127
204,Tunisia,TUN,1966,0.535
204,Tunisia,TUN,1967,0.023
204,Tunisia,TUN,1968,0.078
204,Tunisia,TUN,1969,0.058
204,Tunisia,TUN,1970,-0.2
204,Tunisia,TUN,1971,-0.225
204,Tunisia,TUN,1972,-0.34
204,Tunisia,TUN,1973,-0.122
204,Tunisia,TUN,1974,-0.332
204,Tunisia,TUN,1975,-0.35
204,Tunisia,TUN,1976,-0.731
204,Tunisia,TUN,1977,0.598
204,Tunisia,TUN,1978,-0.392
204,Tunisia,TUN,1979,0.426
204,Tunisia,TUN,1980,-0.197
204,Tunisia,TUN,1981,0.094
204,Tunisia,TUN,1982,0.821
204,Tunisia,TUN,1983,0.226
204,Tunisia,TUN,1984,-0.112
204,Tunisia,TUN,1985,0.407
204,Tunisia,TUN,1986,0.447
204,Tunisia,TUN,1987,0.61
204,Tunisia,TUN,1988,1.336
204,Tunisia,TUN,1989,0.481
204,Tunisia,TUN,1990,1.418
204,Tunisia,TUN,1991,-0.041
204,Tunisia,TUN,1992,0.0
204,Tunisia,TUN,1993,0.635
204,Tunisia,TUN,1994,1.328
204,Tunisia,TUN,1995,0.659
204,Tunisia,TUN,1996,0.633
204,Tunisia,TUN,1997,1.252
204,Tunisia,TUN,1998,0.987
204,Tunisia,TUN,1999,1.747
204,Tunisia,TUN,2000,1.014
204,Tunisia,TUN,2001,1.992
204,Tunisia,TUN,2002,1.25
204,Tunisia,TUN,2003,1.697
204,Tunisia,TUN,2004,0.916
204,Tunisia,TUN,2005,1.047
204,Tunisia,TUN,2006,1.271
204,Tunisia,TUN,2007,1.388
204,Tunisia,TUN,2008,1.374
204,Tunisia,TUN,2009,0.865
204,Tunisia,TUN,2010,1.752
204,Tunisia,TUN,2011,1.038
204,Tunisia,TUN,2012,1.607
204,Tunisia,TUN,2013,1.47
204,Tunisia,TUN,2014,1.879
204,Tunisia,TUN,2015,1.192
204,Tunisia,TUN,2016,1.896
204,Tunisia,TUN,2017,1.377
204,Tunisia,TUN,2018,1.507
204,Tunisia,TUN,2019,1.34
204,Tunisia,TUN,2020,2.015
204,Tunisia,TUN,2021,2.555
204,Tunisia,TUN,2022,2.291
205,Turkmenistan,TKM,1992,-0.059
205,Turkmenistan,TKM,1993,-0.157
205,Turkmenistan,TKM,1994,0.289
205,Turkmenistan,TKM,1995,1.404
205,Turkmenistan,TKM,1996,-0.032
205,Turkmenistan,TKM,1997,1.387
205,Turkmenistan,TKM,1998,0.977
205,Turkmenistan,TKM,1999,1.309
205,Turkmenistan,TKM,2000,1.302
205,Turkmenistan,TKM,2001,1.533
205,Turkmenistan,TKM,2002,1.804
205,Turkmenistan,TKM,2003,0.057
205,Turkmenistan,TKM,2004,1.652
205,Turkmenistan,TKM,2005,1.303
205,Turkmenistan,TKM,2006,1.697
205,Turkmenistan,TKM,2007,1.127
205,Turkmenistan,TKM,2008,0.731
205,Turkmenistan,TKM,2009,1.064
205,Turkmenistan,TKM,2010,1.891
205,Turkmenistan,TKM,2011,1.098
205,Turkmenistan,TKM,2012,0.78
205,Turkmenistan,TKM,2013,1.643
205,Turkmenistan,TKM,2014,0.714
205,Turkmenistan,TKM,2015,1.427
205,Turkmenistan,TKM,2016,2.02
205,Turkmenistan,TKM,2017,1.692
205,Turkmenistan,TKM,2018,1.524
205,Turkmenistan,TKM,2019,1.818
205,Turkmenistan,TKM,2020,1.528
205,Turkmenistan,TKM,2021,1.647
205,Turkmenistan,TKM,2022,2.528
206,Turks and Caicos Islands,TCA,1961,0.154
206,Turks and Caicos Islands,TCA,1962,-0.227
206,Turks and Caicos Islands,TCA,1963,0.169
206,Turks and Caicos Islands,TCA,1964,0.348
206,Turks and Caicos Islands,TCA,1965,-0.178
206,Turks and Caicos Islands,TCA,1966,-0.024
206,Turks and Caicos Islands,TCA,1967,-0.179
206,Turks and Caicos Islands,TCA,1968,-0.125
206,Turks and Caicos Islands,TCA,1969,0.316
206,Turks and Caicos Islands,TCA,1970,-0.062
206,Turks and Caicos Islands,TCA,1971,-0.162
206,Turks and Caicos Islands,TCA,1972,-0.084
206,Turks and Caicos Islands,TCA,1973,0.126
206,Turks and Caicos Islands,TCA,1974,-0.102
206,Turks and Caicos Islands,TCA,1975,0.232
206,Turks and Caicos Islands,TCA,1976,-0.35
206,Turks and Caicos Islands,TCA,1977,0.223
206,Turks and Caicos Islands,TCA,1978,0.622
206,Turks and Caicos Islands,TCA,1979,-0.005
206,Turks and Caicos Islands,TCA,1980,0.36
206,Turks and Caicos Islands,TCA,1981,0.371
206,Turks and Caicos Islands,TCA,1982,0.468
206,Turks and Caicos Islands,TCA,1983,0.636
206,Turks and Caicos Islands,TCA,1984,0.279
206,Turks and Caicos Islands,TCA,1985,0.12
206,Turks and Caicos Islands,TCA,1986,0.269
206,Turks and Caicos Islands,TCA,1987,0.81
206,Turks and Caicos Islands,TCA,1988,0.588
206,Turks and Caicos Islands,TCA,1989,0.317
206,Turks and Caicos Islands,TCA,1990,0.583
206,Turks and Caicos Islands,TCA,1996,0.592
206,Turks and Caicos Islands,TCA,1997,0.902
206,Turks and Caicos Islands,TCA,1998,1.354
206,Turks and Caicos Islands,TCA,1999,0.918
206,Turks and Caicos Islands,TCA,2000,0.592
206,Turks and Caicos Islands,TCA,2001,1.002
206,Turks and Caicos Islands,TCA,2002,0.885
206,Turks and Caicos Islands,TCA,2003,1.321
206,Turks and Caicos Islands,TCA,2004,0.86
206,Turks and Caicos Islands,TCA,2005,0.967
206,Turks and Caicos Islands,TCA,2006,1.009
206,Turks and Caicos Islands,TCA,2007,1.331
206,Turks and Caicos Islands,TCA,2008,0.649
206,Turks and Caicos Islands,TCA,2009,0.74
206,Turks and Caicos Islands,TCA,2010,1.185
206,Turks and Caicos Islands,TCA,2011,0.595
206,Turks and Caicos Islands,TCA,2012,0.777
206,Turks and Caicos Islands,TCA,2013,1.307
206,Turks and Caicos Islands,TCA,2014,1.247
206,Turks and Caicos Islands,TCA,2015,1.471
206,Turks and Caicos Islands,TCA,2016,0.831
206,Turks and Caicos Islands,TCA,2017,1.063
206,Turks and Caicos Islands,TCA,2019,1.456
206,Turks and Caicos Islands,TCA,2020,1.547
206,Turks and Caicos Islands,TCA,2021,0.94
206,Turks and Caicos Islands,TCA,2022,0.944
207,Tuvalu,TUV,1961,-0.071
207,Tuvalu,TUV,1962,0.085
207,Tuvalu,TUV,1963,-0.033
207,Tuvalu,TUV,1964,-0.028
207,Tuvalu,TUV,1965,-0.33
207,Tuvalu,TUV,1966,-0.011
207,Tuvalu,TUV,1967,-0.252
207,Tuvalu,TUV,1968,-0.268
207,Tuvalu,TUV,1969,0.186
207,Tuvalu,TUV,1970,0.058
207,Tuvalu,TUV,1971,-0.356
207,Tuvalu,TUV,1972,0.038
207,Tuvalu,TUV,1973,0.412
207,Tuvalu,TUV,1974,0.072
207,Tuvalu,TUV,1976,-0.077
207,Tuvalu,TUV,1977,-0.047
207,Tuvalu,TUV,1978,0.073
207,Tuvalu,TUV,1979,0.252
207,Tuvalu,TUV,1980,0.293
207,Tuvalu,TUV,1981,0.151
207,Tuvalu,TUV,1982,0.036
207,Tuvalu,TUV,1983,-0.063
207,Tuvalu,TUV,1984,0.094
207,Tuvalu,TUV,1985,0.188
207,Tuvalu,TUV,1986,0.427
207,Tuvalu,TUV,1987,0.005
207,Tuvalu,TUV,1988,0.089
207,Tuvalu,TUV,1989,-0.122
207,Tuvalu,TUV,1990,0.222
207,Tuvalu,TUV,1991,0.541
207,Tuvalu,TUV,1992,0.232
207,Tuvalu,TUV,1993,0.008
207,Tuvalu,TUV,1995,0.399
207,Tuvalu,TUV,1996,0.364
207,Tuvalu,TUV,1997,0.41
207,Tuvalu,TUV,1998,0.192
207,Tuvalu,TUV,1999,0.392
207,Tuvalu,TUV,2000,0.501
207,Tuvalu,TUV,2001,0.761
207,Tuvalu,TUV,2002,0.793
207,Tuvalu,TUV,2003,0.549
207,Tuvalu,TUV,2004,0.636
207,Tuvalu,TUV,2005,0.815
207,Tuvalu,TUV,2006,0.668
207,Tuvalu,TUV,2007,0.758
207,Tuvalu,TUV,2008,0.392
207,Tuvalu,TUV,2009,0.665
207,Tuvalu,TUV,2010,0.922
207,Tuvalu,TUV,2011,0.805
207,Tuvalu,TUV,2012,0.612
207,Tuvalu,TUV,2013,0.682
207,Tuvalu,TUV,2014,0.646
207,Tuvalu,TUV,2015,0.798
207,Tuvalu,TUV,2016,0.921
207,Tuvalu,TUV,2017,1.013
207,Tuvalu,TUV,2018,0.975
207,Tuvalu,TUV,2019,1.078
207,Tuvalu,TUV,2020,1.195
207,Tuvalu,TUV,2021,0.689
207,Tuvalu,TUV,2022,0.663
208,Uganda,UGA,1961,-0.032
208,Uganda,UGA,1962,-0.295
208,Uganda,UGA,1963,-0.183
208,Uganda,UGA,1964,-0.236
208,Uganda,UGA,1965,-0.117
208,Uganda,UGA,1966,-0.007
208,Uganda,UGA,1967,-0.09
208,Uganda,UGA,1968,-0.268
208,Uganda,UGA,1969,0.122
208,Uganda,UGA,1970,0.037
208,Uganda,UGA,1971,-0.158
208,Uganda,UGA,1972,0.093
208,Uganda,UGA,1973,0.374
208,Uganda,UGA,1974,-0.109
208,Uganda,UGA,1975,-0.036
208,Uganda,UGA,1976,0.07
208,Uganda,UGA,1977,0.215
208,Uganda,UGA,1978,0.156
208,Uganda,UGA,1979,0.33
208,Uganda,UGA,1980,0.626
208,Uganda,UGA,1981,0.448
208,Uganda,UGA,1982,0.385
208,Uganda,UGA,1983,0.664
208,Uganda,UGA,1984,0.279
208,Uganda,UGA,1985,0.098
208,Uganda,UGA,1986,0.237
208,Uganda,UGA,1987,0.605
208,Uganda,UGA,1988,0.433
208,Uganda,UGA,1989,-0.103
208,Uganda,UGA,1990,0.264
208,Uganda,UGA,1991,0.207
208,Uganda,UGA,1992,0.248
208,Uganda,UGA,1993,0.176
208,Uganda,UGA,1994,0.269
208,Uganda,UGA,1995,0.431
208,Uganda,UGA,1996,0.299
208,Uganda,UGA,1997,0.542
208,Uganda,UGA,1998,0.411
208,Uganda,UGA,1999,0.072
208,Uganda,UGA,2000,0.273
208,Uganda,UGA,2001,0.183
208,Uganda,UGA,2002,0.675
208,Uganda,UGA,2003,0.908
208,Uganda,UGA,2004,0.681
208,Uganda,UGA,2005,1.232
208,Uganda,UGA,2006,0.967
208,Uganda,UGA,2007,0.455
208,Uganda,UGA,2008,0.774
208,Uganda,UGA,2009,1.295
208,Uganda,UGA,2010,1.425
208,Uganda,UGA,2011,1.099
208,Uganda,UGA,2012,1.117
208,Uganda,UGA,2013,1.06
208,Uganda,UGA,2014,1.136
208,Uganda,UGA,2015,1.159
208,Uganda,UGA,2016,1.262
208,Uganda,UGA,2017,1.735
208,Uganda,UGA,2018,1.102
208,Uganda,UGA,2019,1.616
208,Uganda,UGA,2020,1.236
208,Uganda,UGA,2021,1.499
208,Uganda,UGA,2022,1.416
209,Ukraine,UKR,1992,0.476
209,Ukraine,UKR,1993,-0.724
209,Ukraine,UKR,1994,1.165
209,Ukraine,UKR,1995,0.959
209,Ukraine,UKR,1996,-0.405
209,Ukraine,UKR,1997,-0.328
209,Ukraine,UKR,1998,0.741
209,Ukraine,UKR,1999,1.169
209,Ukraine,UKR,2000,1.439
209,Ukraine,UKR,2001,1.809
209,Ukraine,UKR,2002,1.553
209,Ukraine,UKR,2003,-0.252
209,Ukraine,UKR,2004,0.93
209,Ukraine,UKR,2005,1.023
209,Ukraine,UKR,2006,0.27
209,Ukraine,UKR,2007,2.379
209,Ukraine,UKR,2008,1.621
209,Ukraine,UKR,2009,1.607
209,Ukraine,UKR,2010,1.649
209,Ukraine,UKR,2011,0.581
209,Ukraine,UKR,2012,1.957
209,Ukraine,UKR,2013,1.522
209,Ukraine,UKR,2014,1.718
209,Ukraine,UKR,2015,2.075
209,Ukraine,UKR,2016,2.114
209,Ukraine,UKR,2017,1.419
209,Ukraine,UKR,2018,2.242
209,Ukraine,UKR,2019,2.37
209,Ukraine,UKR,2020,3.026
209,Ukraine,UKR,2021,1.435
209,Ukraine,UKR,2022,1.931
210,United Arab Emirates,ARE,1961,-0.285
210,United Arab Emirates,ARE,1962,0.538
210,United Arab Emirates,ARE,1963,0.369
210,United Arab Emirates,ARE,1964,-0.287
210,United Arab Emirates,ARE,1965,0.211
210,United Arab Emirates,ARE,1966,0.276
210,United Arab Emirates,ARE,1967,-0.057
210,United Arab Emirates,ARE,1968,-0.616
210,United Arab Emirates,ARE,1969,0.574
210,United Arab Emirates,ARE,1970,0.422
210,United Arab Emirates,ARE,1971,-0.151
210,United Arab Emirates,ARE,1972,-0.801
210,United Arab Emirates,ARE,1973,-0.329
210,United Arab Emirates,ARE,1974,-0.46
210,United Arab Emirates,ARE,1975,-0.332
210,United Arab Emirates,ARE,1976,-0.562
210,United Arab Emirates,ARE,1977,0.391
210,United Arab Emirates,ARE,1978,0.037
210,United Arab Emirates,ARE,1979,0.445
210,United Arab Emirates,ARE,1980,0.372
210,United Arab Emirates,ARE,1981,0.225
210,United Arab Emirates,ARE,1982,-0.325
210,United Arab Emirates,ARE,1983,-0.697
210,United Arab Emirates,ARE,1984,-0.187
210,United Arab Emirates,ARE,1985,0.138
210,United Arab Emirates,ARE,1986,0.191
210,United Arab Emirates,ARE,1987,0.162
210,United Arab Emirates,ARE,1988,0.191
210,United Arab Emirates,ARE,1989,-0.31
210,United Arab Emirates,ARE,1990,0.241
210,United Arab Emirates,ARE,1991,-0.282
210,United Arab Emirates,ARE,1992,-0.667
210,United Arab Emirates,ARE,1993,-0.038
210,United Arab Emirates,ARE,1994,0.381
210,United Arab Emirates,ARE,1995,-0.198
210,United Arab Emirates,ARE,1996,0.306
210,United Arab Emirates,ARE,1997,-0.342
210,United Arab Emirates,ARE,1998,0.968
210,United Arab Emirates,ARE,1999,1.293
210,United Arab Emirates,ARE,2000,0.681
210,United Arab Emirates,ARE,2001,0.56
210,United Arab Emirates,ARE,2002,1.123
210,United Arab Emirates,ARE,2003,1.052
210,United Arab Emirates,ARE,2004,1.052
210,United Arab Emirates,ARE,2005,0.725
210,United Arab Emirates,ARE,2006,1.255
210,United Arab Emirates,ARE,2007,0.802
210,United Arab Emirates,ARE,2008,0.777
210,United Arab Emirates,ARE,2009,0.896
210,United Arab Emirates,ARE,2010,1.482
210,United Arab Emirates,ARE,2011,1.121
210,United Arab Emirates,ARE,2012,1.086
210,United Arab Emirates,ARE,2013,0.739
210,United Arab Emirates,ARE,2014,0.909
210,United Arab Emirates,ARE,2015,1.556
210,United Arab Emirates,ARE,2016,1.059
210,United Arab Emirates,ARE,2017,1.632
210,United Arab Emirates,ARE,2018,1.498
210,United Arab Emirates,ARE,2019,1.204
210,United Arab Emirates,ARE,2020,1.21
210,United Arab Emirates,ARE,2021,1.699
210,United Arab Emirates,ARE,2022,1.482
211,United Kingdom,GBR,1961,0.491
211,United Kingdom,GBR,1962,-0.734
211,United Kingdom,GBR,1963,-0.868
211,United Kingdom,GBR,1964,0.025
211,United Kingdom,GBR,1965,-0.575
211,United Kingdom,GBR,1966,-0.137
211,United Kingdom,GBR,1967,0.22
211,United Kingdom,GBR,1968,-0.07
211,United Kingdom,GBR,1969,-0.213
211,United Kingdom,GBR,1970,-0.076
211,United Kingdom,GBR,1971,0.254
211,United Kingdom,GBR,1972,-0.055
211,United Kingdom,GBR,1973,0.203
211,United Kingdom,GBR,1974,-0.062
211,United Kingdom,GBR,1975,0.604
211,United Kingdom,GBR,1976,0.729
211,United Kingdom,GBR,1977,-0.323
211,United Kingdom,GBR,1978,0.07
211,United Kingdom,GBR,1979,-0.781
211,United Kingdom,GBR,1980,-0.022
211,United Kingdom,GBR,1981,0.176
211,United Kingdom,GBR,1982,0.118
211,United Kingdom,GBR,1983,0.348
211,United Kingdom,GBR,1984,0.337
211,United Kingdom,GBR,1985,-0.522
211,United Kingdom,GBR,1986,-0.594
211,United Kingdom,GBR,1987,-0.283
211,United Kingdom,GBR,1988,0.307
211,United Kingdom,GBR,1989,1.145
211,United Kingdom,GBR,1990,1.016
211,United Kingdom,GBR,1991,0.21
211,United Kingdom,GBR,1992,0.522
211,United Kingdom,GBR,1993,-0.015
211,United Kingdom,GBR,1994,0.413
211,United Kingdom,GBR,1995,1.119
211,United Kingdom,GBR,1996,-0.142
211,United Kingdom,GBR,1997,0.882
211,United Kingdom,GBR,1998,0.86
211,United Kingdom,GBR,1999,1.133
211,United Kingdom,GBR,2000,0.724
211,United Kingdom,GBR,2001,0.631
211,United Kingdom,GBR,2002,1.011
211,United Kingdom,GBR,2003,1.194
211,United Kingdom,GBR,2004,1.035
211,United Kingdom,GBR,2005,1.116
211,United Kingdom,GBR,2006,1.25
211,United Kingdom,GBR,2007,1.332
211,United Kingdom,GBR,2008,0.838
211,United Kingdom,GBR,2009,0.948
211,United Kingdom,GBR,2010,-0.05
211,United Kingdom,GBR,2011,0.851
211,United Kingdom,GBR,2012,0.576
211,United Kingdom,GBR,2013,0.364
211,United Kingdom,GBR,2014,1.718
211,United Kingdom,GBR,2015,0.614
211,United Kingdom,GBR,2016,1.161
211,United Kingdom,GBR,2017,1.424
211,United Kingdom,GBR,2018,0.998
211,United Kingdom,GBR,2019,1.231
211,United Kingdom,GBR,2020,1.373
211,United Kingdom,GBR,2021,0.929
211,United Kingdom,GBR,2022,1.911
212,United States,USA,1961,0.003
212,United States,USA,1962,-0.026
212,United States,USA,1963,0.418
212,United States,USA,1964,-0.282
212,United States,USA,1965,-0.362
212,United States,USA,1966,-0.214
212,United States,USA,1967,0.076
212,United States,USA,1968,-0.073
212,United States,USA,1969,-0.267
212,United States,USA,1970,-0.03
212,United States,USA,1971,-0.415
212,United States,USA,1972,-0.252
212,United States,USA,1973,-0.013
212,United States,USA,1974,0.081
212,United States,USA,1975,-0.389
212,United States,USA,1976,-0.124
212,United States,USA,1977,0.397
212,United States,USA,1978,0.035
212,United States,USA,1979,-0.306
212,United States,USA,1980,0.412
212,United States,USA,1981,0.871
212,United States,USA,1982,-0.343
212,United States,USA,1983,0.54
212,United States,USA,1984,-0.233
212,United States,USA,1985,-0.025
212,United States,USA,1986,0.584
212,United States,USA,1987,0.913
212,United States,USA,1988,0.471
212,United States,USA,1989,0.324
212,United States,USA,1990,0.674
212,United States,USA,1991,0.527
212,United States,USA,1992,0.395
212,United States,USA,1993,0.004
212,United States,USA,1994,0.466
212,United States,USA,1995,0.63
212,United States,USA,1996,-0.011
212,United States,USA,1997,0.384
212,United States,USA,1998,1.272
212,United States,USA,1999,0.758
212,United States,USA,2000,1.0
212,United States,USA,2001,0.786
212,United States,USA,2002,0.951
212,United States,USA,2003,0.99
212,United States,USA,2004,0.863
212,United States,USA,2005,1.153
212,United States,USA,2006,1.026
212,United States,USA,2007,1.143
212,United States,USA,2008,0.212
212,United States,USA,2009,0.398
212,United States,USA,2010,0.695
212,United States,USA,2011,0.537
212,United States,USA,2012,1.448
212,United States,USA,2013,0.614
212,United States,USA,2014,0.501
212,United States,USA,2015,1.531
212,United States,USA,2016,2.224
212,United States,USA,2017,1.433
212,United States,USA,2018,1.276
212,United States,USA,2019,1.034
212,United States,USA,2020,1.324
212,United States,USA,2021,1.144
212,United States,USA,2022,1.217
213,United States Virgin Islands,VIR,1961,0.069
213,United States Virgin Islands,VIR,1962,-0.082
213,United States Virgin Islands,VIR,1963,0.172
213,United States Virgin Islands,VIR,1964,0.154
213,United States Virgin Islands,VIR,1965,-0.352
213,United States Virgin Islands,VIR,1966,-0.089
213,United States Virgin Islands,VIR,1967,-0.307
213,United States Virgin Islands,VIR,1968,-0.191
213,United States Virgin Islands,VIR,1969,0.369
213,United States Virgin Islands,VIR,1970,0.051
213,United States Virgin Islands,VIR,1971,-0.307
213,United States Virgin Islands,VIR,1972,-0.13
213,United States Virgin Islands,VIR,1973,0.189
213,United States Virgin Islands,VIR,1974,-0.362
213,United States Virgin Islands,VIR,1975,-0.24
213,United States Virgin Islands,VIR,1976,-0.387
213,United States Virgin Islands,VIR,1977,0.129
213,United States Virgin Islands,VIR,1978,0.137
213,United States Virgin Islands,VIR,1979,-0.062
213,United States Virgin Islands,VIR,1980,0.718
213,United States Virgin Islands,VIR,1981,0.514
213,United States Virgin Islands,VIR,1982,0.052
213,United States Virgin Islands,VIR,1983,0.552
213,United States Virgin Islands,VIR,1984,0.189
213,United States Virgin Islands,VIR,1985,0.041
213,United States Virgin Islands,VIR,1986,0.057
213,United States Virgin Islands,VIR,1987,0.506
213,United States Virgin Islands,VIR,1988,0.523
213,United States Virgin Islands,VIR,1989,0.073
213,United States Virgin Islands,VIR,1990,0.461
213,United States Virgin Islands,VIR,1991,0.422
213,United States Virgin Islands,VIR,1992,0.286
213,United States Virgin Islands,VIR,1993,0.535
213,United States Virgin Islands,VIR,1994,0.666
213,United States Virgin Islands,VIR,1995,0.642
213,United States Virgin Islands,VIR,1996,0.342
213,United States Virgin Islands,VIR,1997,0.493
213,United States Virgin Islands,VIR,1998,1.101
213,United States Virgin Islands,VIR,1999,0.548
213,United States Virgin Islands,VIR,2000,0.202
213,United States Virgin Islands,VIR,2001,0.616
213,United States Virgin Islands,VIR,2002,0.782
213,United States Virgin Islands,VIR,2003,0.887
213,United States Virgin Islands,VIR,2004,0.541
213,United States Virgin Islands,VIR,2005,0.821
213,United States Virgin Islands,VIR,2006,0.739
213,United States Virgin Islands,VIR,2007,0.994
213,United States Virgin Islands,VIR,2008,0.444
213,United States Virgin Islands,VIR,2009,0.637
213,United States Virgin Islands,VIR,2010,1.054
213,United States Virgin Islands,VIR,2011,0.419
213,United States Virgin Islands,VIR,2012,0.619
213,United States Virgin Islands,VIR,2013,0.755
213,United States Virgin Islands,VIR,2014,0.882
213,United States Virgin Islands,VIR,2015,1.071
213,United States Virgin Islands,VIR,2016,1.162
213,United States Virgin Islands,VIR,2017,0.964
213,United States Virgin Islands,VIR,2018,0.722
213,United States Virgin Islands,VIR,2019,0.898
213,United States Virgin Islands,VIR,2020,1.32
213,United States Virgin Islands,VIR,2021,0.922
213,United States Virgin Islands,VIR,2022,0.894
214,Uruguay,URY,1961,0.398
214,Uruguay,URY,1962,-0.473
214,Uruguay,URY,1963,0.33
214,Uruguay,URY,1964,-0.762
214,Uruguay,URY,1965,0.18
214,Uruguay,URY,1966,-0.421
214,Uruguay,URY,1967,0.019
214,Uruguay,URY,1968,0.385
214,Uruguay,URY,1969,0.149
214,Uruguay,URY,1970,0.374
214,Uruguay,URY,1971,-0.345
214,Uruguay,URY,1972,0.25
214,Uruguay,URY,1973,-0.124
214,Uruguay,URY,1974,-0.048
214,Uruguay,URY,1975,0.031
214,Uruguay,URY,1976,-0.334
214,Uruguay,URY,1977,0.502
214,Uruguay,URY,1978,0.116
214,Uruguay,URY,1979,0.128
214,Uruguay,URY,1980,0.571
214,Uruguay,URY,1981,0.5
214,Uruguay,URY,1982,0.574
214,Uruguay,URY,1983,-0.052
214,Uruguay,URY,1984,0.103
214,Uruguay,URY,1985,0.431
214,Uruguay,URY,1986,0.77
214,Uruguay,URY,1987,0.336
214,Uruguay,URY,1988,-0.504
214,Uruguay,URY,1989,0.74
214,Uruguay,URY,1990,0.575
214,Uruguay,URY,1991,0.309
214,Uruguay,URY,1992,0.146
214,Uruguay,URY,1993,0.28
214,Uruguay,URY,1994,0.45
214,Uruguay,URY,1995,0.277
214,Uruguay,URY,1996,0.478
214,Uruguay,URY,1997,1.099
214,Uruguay,URY,1998,0.102
214,Uruguay,URY,1999,0.065
214,Uruguay,URY,2000,0.333
214,Uruguay,URY,2001,1.226
214,Uruguay,URY,2002,0.61
214,Uruguay,URY,2003,0.324
214,Uruguay,URY,2004,0.458
214,Uruguay,URY,2005,0.802
214,Uruguay,URY,2006,0.586
214,Uruguay,URY,2007,0.131
214,Uruguay,URY,2008,0.719
214,Uruguay,URY,2009,0.508
214,Uruguay,URY,2010,0.261
214,Uruguay,URY,2011,0.447
214,Uruguay,URY,2012,0.836
214,Uruguay,URY,2013,0.149
214,Uruguay,URY,2014,1.162
214,Uruguay,URY,2015,1.048
214,Uruguay,URY,2016,0.301
214,Uruguay,URY,2017,1.546
214,Uruguay,URY,2018,1.196
214,Uruguay,URY,2019,0.766
214,Uruguay,URY,2020,0.89
214,Uruguay,URY,2021,0.79
214,Uruguay,URY,2022,0.382
215,"Uzbekistan, Rep. of",UZB,1992,0.15
215,"Uzbekistan, Rep. of",UZB,1993,-0.175
215,"Uzbekistan, Rep. of",UZB,1994,0.011
215,"Uzbekistan, Rep. of",UZB,1995,1.439
215,"Uzbekistan, Rep. of",UZB,1996,-0.399
215,"Uzbekistan, Rep. of",UZB,1997,1.586
215,"Uzbekistan, Rep. of",UZB,1998,0.539
215,"Uzbekistan, Rep. of",UZB,1999,1.349
215,"Uzbekistan, Rep. of",UZB,2000,1.435
215,"Uzbekistan, Rep. of",UZB,2001,1.606
215,"Uzbekistan, Rep. of",UZB,2002,1.88
215,"Uzbekistan, Rep. of",UZB,2003,0.187
215,"Uzbekistan, Rep. of",UZB,2004,1.972
215,"Uzbekistan, Rep. of",UZB,2005,1.417
215,"Uzbekistan, Rep. of",UZB,2006,1.618
215,"Uzbekistan, Rep. of",UZB,2007,1.431
215,"Uzbekistan, Rep. of",UZB,2008,0.746
215,"Uzbekistan, Rep. of",UZB,2009,1.105
215,"Uzbekistan, Rep. of",UZB,2010,1.827
215,"Uzbekistan, Rep. of",UZB,2011,1.091
215,"Uzbekistan, Rep. of",UZB,2012,0.716
215,"Uzbekistan, Rep. of",UZB,2013,1.563
215,"Uzbekistan, Rep. of",UZB,2014,0.211
215,"Uzbekistan, Rep. of",UZB,2015,1.443
215,"Uzbekistan, Rep. of",UZB,2016,2.31
215,"Uzbekistan, Rep. of",UZB,2017,1.792
215,"Uzbekistan, Rep. of",UZB,2018,1.044
215,"Uzbekistan, Rep. of",UZB,2019,1.943
215,"Uzbekistan, Rep. of",UZB,2020,1.721
215,"Uzbekistan, Rep. of",UZB,2021,1.532
215,"Uzbekistan, Rep. of",UZB,2022,2.607
216,Vanuatu,VUT,1961,0.168
216,Vanuatu,VUT,1962,0.092
216,Vanuatu,VUT,1963,-0.165
216,Vanuatu,VUT,1964,0.22
216,Vanuatu,VUT,1965,-0.569
216,Vanuatu,VUT,1966,-0.27
216,Vanuatu,VUT,1967,-0.144
216,Vanuatu,VUT,1968,-0.288
216,Vanuatu,VUT,1969,0.013
216,Vanuatu,VUT,1970,0.299
216,Vanuatu,VUT,1971,0.016
216,Vanuatu,VUT,1972,-0.321
216,Vanuatu,VUT,1973,0.558
216,Vanuatu,VUT,1974,0.378
216,Vanuatu,VUT,1975,0.239
216,Vanuatu,VUT,1976,0.041
216,Vanuatu,VUT,1977,-0.047
216,Vanuatu,VUT,1978,0.114
216,Vanuatu,VUT,1979,0.103
216,Vanuatu,VUT,1980,0.147
216,Vanuatu,VUT,1981,0.099
216,Vanuatu,VUT,1982,0.072
216,Vanuatu,VUT,1983,0.215
216,Vanuatu,VUT,1984,0.034
216,Vanuatu,VUT,1985,0.603
216,Vanuatu,VUT,1986,-0.068
216,Vanuatu,VUT,1987,-0.166
216,Vanuatu,VUT,1988,0.689
216,Vanuatu,VUT,1989,0.122
216,Vanuatu,VUT,1990,0.357
216,Vanuatu,VUT,1991,0.066
216,Vanuatu,VUT,1992,0.055
216,Vanuatu,VUT,1993,-0.281
216,Vanuatu,VUT,1994,-0.074
216,Vanuatu,VUT,1995,0.439
216,Vanuatu,VUT,1996,0.474
216,Vanuatu,VUT,1997,0.245
216,Vanuatu,VUT,1998,0.757
216,Vanuatu,VUT,1999,0.883
216,Vanuatu,VUT,2000,0.777
216,Vanuatu,VUT,2001,0.401
216,Vanuatu,VUT,2002,0.452
216,Vanuatu,VUT,2003,0.36
216,Vanuatu,VUT,2004,0.462
216,Vanuatu,VUT,2005,0.536
216,Vanuatu,VUT,2006,0.394
216,Vanuatu,VUT,2007,0.921
216,Vanuatu,VUT,2008,0.712
216,Vanuatu,VUT,2009,0.438
216,Vanuatu,VUT,2010,0.878
216,Vanuatu,VUT,2011,0.669
216,Vanuatu,VUT,2012,0.402
216,Vanuatu,VUT,2013,0.706
216,Vanuatu,VUT,2014,0.585
216,Vanuatu,VUT,2015,0.573
216,Vanuatu,VUT,2016,1.146
216,Vanuatu,VUT,2017,1.131
216,Vanuatu,VUT,2018,0.613
216,Vanuatu,VUT,2019,0.897
216,Vanuatu,VUT,2020,1.226
216,Vanuatu,VUT,2021,1.147
216,Vanuatu,VUT,2022,1.479
217,"Venezuela, Rep. Bolivariana de",VEN,1961,0.072
217,"Venezuela, Rep. Bolivariana de",VEN,1962,-0.113
217,"Venezuela, Rep. Bolivariana de",VEN,1963,-0.012
217,"Venezuela, Rep. Bolivariana de",VEN,1964,0.097
217,"Venezuela, Rep. Bolivariana de",VEN,1965,-0.096
217,"Venezuela, Rep. Bolivariana de",VEN,1966,0.189
217,"Venezuela, Rep. Bolivariana de",VEN,1967,-0.199
217,"Venezuela, Rep. Bolivariana de",VEN,1968,-0.173
217,"Venezuela, Rep. Bolivariana de",VEN,1969,0.514
217,"Venezuela, Rep. Bolivariana de",VEN,1970,0.217
217,"Venezuela, Rep. Bolivariana de",VEN,1971,-0.365
217,"Venezuela, Rep. Bolivariana de",VEN,1972,-0.029
217,"Venezuela, Rep. Bolivariana de",VEN,1973,0.313
217,"Venezuela, Rep. Bolivariana de",VEN,1974,-0.295
217,"Venezuela, Rep. Bolivariana de",VEN,1975,-0.3
217,"Venezuela, Rep. Bolivariana de",VEN,1976,-0.409
217,"Venezuela, Rep. Bolivariana de",VEN,1977,0.168
217,"Venezuela, Rep. Bolivariana de",VEN,1978,0.095
217,"Venezuela, Rep. Bolivariana de",VEN,1979,0.202
217,"Venezuela, Rep. Bolivariana de",VEN,1980,0.346
217,"Venezuela, Rep. Bolivariana de",VEN,1981,0.134
217,"Venezuela, Rep. Bolivariana de",VEN,1982,0.116
217,"Venezuela, Rep. Bolivariana de",VEN,1983,0.469
217,"Venezuela, Rep. Bolivariana de",VEN,1984,-0.107
217,"Venezuela, Rep. Bolivariana de",VEN,1985,-0.295
217,"Venezuela, Rep. Bolivariana de",VEN,1986,-0.163
217,"Venezuela, Rep. Bolivariana de",VEN,1987,0.415
217,"Venezuela, Rep. Bolivariana de",VEN,1988,0.161
217,"Venezuela, Rep. Bolivariana de",VEN,1989,-0.098
217,"Venezuela, Rep. Bolivariana de",VEN,1990,0.356
217,"Venezuela, Rep. Bolivariana de",VEN,1991,0.46
217,"Venezuela, Rep. Bolivariana de",VEN,1992,0.454
217,"Venezuela, Rep. Bolivariana de",VEN,1993,0.525
217,"Venezuela, Rep. Bolivariana de",VEN,1994,0.32
217,"Venezuela, Rep. Bolivariana de",VEN,1995,0.77
217,"Venezuela, Rep. Bolivariana de",VEN,1996,0.545
217,"Venezuela, Rep. Bolivariana de",VEN,1997,0.609
217,"Venezuela, Rep. Bolivariana de",VEN,1998,1.039
217,"Venezuela, Rep. Bolivariana de",VEN,1999,0.339
217,"Venezuela, Rep. Bolivariana de",VEN,2000,0.298
217,"Venezuela, Rep. Bolivariana de",VEN,2001,0.626
217,"Venezuela, Rep. Bolivariana de",VEN,2002,0.864
217,"Venezuela, Rep. Bolivariana de",VEN,2003,0.912
217,"Venezuela, Rep. Bolivariana de",VEN,2004,0.676
217,"Venezuela, Rep. Bolivariana de",VEN,2005,0.933
217,"Venezuela, Rep. Bolivariana de",VEN,2006,0.674
217,"Venezuela, Rep. Bolivariana de",VEN,2007,0.76
217,"Venezuela, Rep. Bolivariana de",VEN,2008,0.518
217,"Venezuela, Rep. Bolivariana de",VEN,2009,0.816
217,"Venezuela, Rep. Bolivariana de",VEN,2010,1.227
217,"Venezuela, Rep. Bolivariana de",VEN,2011,0.601
217,"Venezuela, Rep. Bolivariana de",VEN,2012,0.513
217,"Venezuela, Rep. Bolivariana de",VEN,2013,0.941
217,"Venezuela, Rep. Bolivariana de",VEN,2014,0.865
217,"Venezuela, Rep. Bolivariana de",VEN,2015,1.094
217,"Venezuela, Rep. Bolivariana de",VEN,2016,1.098
217,"Venezuela, Rep. Bolivariana de",VEN,2017,0.726
217,"Venezuela, Rep. Bolivariana de",VEN,2018,0.843
217,"Venezuela, Rep. Bolivariana de",VEN,2019,1.235
217,"Venezuela, Rep. Bolivariana de",VEN,2020,1.35
217,"Venezuela, Rep. Bolivariana de",VEN,2021,0.734
217,"Venezuela, Rep. Bolivariana de",VEN,2022,0.533
218,Vietnam,VNM,1961,0.014
218,Vietnam,VNM,1962,-0.24
218,Vietnam,VNM,1963,-0.302
218,Vietnam,VNM,1964,0.082
218,Vietnam,VNM,1965,-0.017
218,Vietnam,VNM,1966,0.488
218,Vietnam,VNM,1967,-0.129
218,Vietnam,VNM,1968,-0.304
218,Vietnam,VNM,1969,0.535
218,Vietnam,VNM,1970,-0.062
218,Vietnam,VNM,1971,-0.438
218,Vietnam,VNM,1972,-0.008
218,Vietnam,VNM,1973,0.468
218,Vietnam,VNM,1974,-0.387
218,Vietnam,VNM,1975,0.199
218,Vietnam,VNM,1976,-0.551
218,Vietnam,VNM,1977,-0.029
218,Vietnam,VNM,1978,0.112
218,Vietnam,VNM,1979,0.416
218,Vietnam,VNM,1980,0.368
218,Vietnam,VNM,1981,0.49
218,Vietnam,VNM,1982,0.196
218,Vietnam,VNM,1983,0.082
218,Vietnam,VNM,1984,-0.126
218,Vietnam,VNM,1985,-0.028
218,Vietnam,VNM,1986,0.088
218,Vietnam,VNM,1987,1.048
218,Vietnam,VNM,1988,0.181
218,Vietnam,VNM,1989,0.034
218,Vietnam,VNM,1990,0.402
218,Vietnam,VNM,1991,0.616
218,Vietnam,VNM,1992,0.101
218,Vietnam,VNM,1993,0.332
218,Vietnam,VNM,1994,0.329
218,Vietnam,VNM,1995,0.377
218,Vietnam,VNM,1996,0.001
218,Vietnam,VNM,1997,0.31
218,Vietnam,VNM,1998,1.307
218,Vietnam,VNM,1999,0.74
218,Vietnam,VNM,2000,0.129
218,Vietnam,VNM,2001,0.693
218,Vietnam,VNM,2002,0.722
218,Vietnam,VNM,2003,1.043
218,Vietnam,VNM,2004,0.385
218,Vietnam,VNM,2005,0.838
218,Vietnam,VNM,2006,0.892
218,Vietnam,VNM,2007,0.506
218,Vietnam,VNM,2008,0.199
218,Vietnam,VNM,2009,0.671
218,Vietnam,VNM,2010,1.092
218,Vietnam,VNM,2011,0.118
218,Vietnam,VNM,2012,0.736
218,Vietnam,VNM,2013,0.895
218,Vietnam,VNM,2014,0.54
218,Vietnam,VNM,2015,1.222
218,Vietnam,VNM,2016,1.191
218,Vietnam,VNM,2017,1.121
218,Vietnam,VNM,2018,0.817
218,Vietnam,VNM,2019,1.811
218,Vietnam,VNM,2020,1.477
218,Vietnam,VNM,2021,1.114
218,Vietnam,VNM,2022,1.033
219,Wallis and Futuna Islands,WLF,1961,0.323
219,Wallis and Futuna Islands,WLF,1962,-0.051
219,Wallis and Futuna Islands,WLF,1963,0.125
219,Wallis and Futuna Islands,WLF,1964,0.187
219,Wallis and Futuna Islands,WLF,1965,-0.41
219,Wallis and Futuna Islands,WLF,1966,0.048
219,Wallis and Futuna Islands,WLF,1967,-0.255
219,Wallis and Futuna Islands,WLF,1968,-0.096
219,Wallis and Futuna Islands,WLF,1969,-0.21
219,Wallis and Futuna Islands,WLF,1970,0.053
219,Wallis and Futuna Islands,WLF,1971,-0.042
219,Wallis and Futuna Islands,WLF,1972,-0.117
219,Wallis and Futuna Islands,WLF,1973,0.363
219,Wallis and Futuna Islands,WLF,1974,0.127
219,Wallis and Futuna Islands,WLF,1975,-0.022
219,Wallis and Futuna Islands,WLF,1976,-0.119
219,Wallis and Futuna Islands,WLF,1977,-0.14
219,Wallis and Futuna Islands,WLF,1978,-0.043
219,Wallis and Futuna Islands,WLF,1979,0.117
219,Wallis and Futuna Islands,WLF,1980,0.194
219,Wallis and Futuna Islands,WLF,1981,0.153
219,Wallis and Futuna Islands,WLF,1982,0.131
219,Wallis and Futuna Islands,WLF,1983,0.109
219,Wallis and Futuna Islands,WLF,1984,0.077
219,Wallis and Futuna Islands,WLF,1985,0.158
219,Wallis and Futuna Islands,WLF,1986,0.11
219,Wallis and Futuna Islands,WLF,1987,0.264
219,Wallis and Futuna Islands,WLF,1988,0.6
219,Wallis and Futuna Islands,WLF,1989,0.203
219,Wallis and Futuna Islands,WLF,1990,0.315
219,Wallis and Futuna Islands,WLF,1991,0.075
219,Wallis and Futuna Islands,WLF,1992,-0.061
219,Wallis and Futuna Islands,WLF,1993,-0.307
219,Wallis and Futuna Islands,WLF,1994,-0.148
219,Wallis and Futuna Islands,WLF,1995,0.4
219,Wallis and Futuna Islands,WLF,1996,0.336
219,Wallis and Futuna Islands,WLF,1997,0.097
219,Wallis and Futuna Islands,WLF,1998,0.369
219,Wallis and Futuna Islands,WLF,1999,0.238
219,Wallis and Futuna Islands,WLF,2000,0.425
219,Wallis and Futuna Islands,WLF,2001,0.689
219,Wallis and Futuna Islands,WLF,2002,0.827
219,Wallis and Futuna Islands,WLF,2003,0.518
219,Wallis and Futuna Islands,WLF,2004,0.64
219,Wallis and Futuna Islands,WLF,2005,0.82
219,Wallis and Futuna Islands,WLF,2006,0.607
219,Wallis and Futuna Islands,WLF,2007,0.882
219,Wallis and Futuna Islands,WLF,2008,0.331
219,Wallis and Futuna Islands,WLF,2009,0.361
219,Wallis and Futuna Islands,WLF,2010,0.93
219,Wallis and Futuna Islands,WLF,2011,0.73
219,Wallis and Futuna Islands,WLF,2012,0.701
219,Wallis and Futuna Islands,WLF,2013,0.773
219,Wallis and Futuna Islands,WLF,2014,0.686
219,Wallis and Futuna Islands,WLF,2015,0.724
219,Wallis and Futuna Islands,WLF,2016,1.267
219,Wallis and Futuna Islands,WLF,2017,1.062
219,Wallis and Futuna Islands,WLF,2018,0.92
219,Wallis and Futuna Islands,WLF,2019,1.379
219,Wallis and Futuna Islands,WLF,2020,1.274
219,Wallis and Futuna Islands,WLF,2021,1.029
219,Wallis and Futuna Islands,WLF,2022,0.951
220,West Bank and Gaza,PSE,1961,-0.11
220,West Bank and Gaza,PSE,1962,0.822
220,West Bank and Gaza,PSE,1963,0.848
220,West Bank and Gaza,PSE,1964,-0.626
220,West Bank and Gaza,PSE,1965,-0.031
220,West Bank and Gaza,PSE,1966,0.604
220,West Bank and Gaza,PSE,1967,-0.934
220,West Bank and Gaza,PSE,1968,-0.11
220,West Bank and Gaza,PSE,1969,0.23
220,West Bank and Gaza,PSE,1970,0.187
220,West Bank and Gaza,PSE,1971,-0.351
220,West Bank and Gaza,PSE,1972,-0.505
220,West Bank and Gaza,PSE,1973,-0.479
220,West Bank and Gaza,PSE,1974,-0.256
220,West Bank and Gaza,PSE,1975,-0.409
220,West Bank and Gaza,PSE,1976,-0.573
220,West Bank and Gaza,PSE,1977,0.003
220,West Bank and Gaza,PSE,1978,-0.077
220,West Bank and Gaza,PSE,1979,0.606
220,West Bank and Gaza,PSE,1980,-0.204
220,West Bank and Gaza,PSE,1981,-0.215
220,West Bank and Gaza,PSE,1982,-0.562
220,West Bank and Gaza,PSE,1983,-1.068
220,West Bank and Gaza,PSE,1984,-0.201
220,West Bank and Gaza,PSE,1985,0.017
220,West Bank and Gaza,PSE,1986,0.055
220,West Bank and Gaza,PSE,1987,-0.294
220,West Bank and Gaza,PSE,1988,0.033
220,West Bank and Gaza,PSE,1989,-0.173
220,West Bank and Gaza,PSE,1990,-0.113
220,West Bank and Gaza,PSE,1991,0.396
220,West Bank and Gaza,PSE,1992,-1.045
220,West Bank and Gaza,PSE,1993,-0.368
220,West Bank and Gaza,PSE,1994,0.8
220,West Bank and Gaza,PSE,1995,-0.166
220,West Bank and Gaza,PSE,1996,0.338
220,West Bank and Gaza,PSE,1997,-0.121
220,West Bank and Gaza,PSE,1998,0.894
220,West Bank and Gaza,PSE,1999,0.9
220,West Bank and Gaza,PSE,2000,0.249
220,West Bank and Gaza,PSE,2001,0.855
220,West Bank and Gaza,PSE,2002,0.728
220,West Bank and Gaza,PSE,2003,0.559
220,West Bank and Gaza,PSE,2004,0.554
220,West Bank and Gaza,PSE,2005,0.196
220,West Bank and Gaza,PSE,2006,0.587
220,West Bank and Gaza,PSE,2007,0.519
220,West Bank and Gaza,PSE,2008,0.722
220,West Bank and Gaza,PSE,2009,0.831
220,West Bank and Gaza,PSE,2010,2.326
220,West Bank and Gaza,PSE,2011,0.581
220,West Bank and Gaza,PSE,2012,1.043
220,West Bank and Gaza,PSE,2013,1.114
220,West Bank and Gaza,PSE,2014,0.863
220,West Bank and Gaza,PSE,2015,1.326
220,West Bank and Gaza,PSE,2016,1.615
220,West Bank and Gaza,PSE,2017,0.735
220,West Bank and Gaza,PSE,2018,2.007
220,West Bank and Gaza,PSE,2019,1.204
220,West Bank and Gaza,PSE,2020,1.455
220,West Bank and Gaza,PSE,2021,1.787
220,West Bank and Gaza,PSE,2022,1.074
221,Western Sahara,ESH,1961,0.632
221,Western Sahara,ESH,1962,0.576
221,Western Sahara,ESH,1963,0.333
221,Western Sahara,ESH,1964,0.819
221,Western Sahara,ESH,1965,-0.337
221,Western Sahara,ESH,1966,0.284
221,Western Sahara,ESH,1967,-0.026
221,Western Sahara,ESH,1968,-0.368
221,Western Sahara,ESH,1969,0.383
221,Western Sahara,ESH,1970,0.543
221,Western Sahara,ESH,1971,-0.637
221,Western Sahara,ESH,1972,-1.096
221,Western Sahara,ESH,1973,-0.014
221,Western Sahara,ESH,1974,-0.589
221,Western Sahara,ESH,1975,-0.266
221,Western Sahara,ESH,1976,-0.959
221,Western Sahara,ESH,1977,0.119
221,Western Sahara,ESH,1978,0.403
221,Western Sahara,ESH,1979,0.537
221,Western Sahara,ESH,1980,0.497
221,Western Sahara,ESH,1981,0.621
221,Western Sahara,ESH,1982,0.418
221,Western Sahara,ESH,1983,0.837
221,Western Sahara,ESH,1984,0.432
221,Western Sahara,ESH,1985,0.759
221,Western Sahara,ESH,1986,0.294
221,Western Sahara,ESH,1987,1.109
221,Western Sahara,ESH,1988,0.384
221,Western Sahara,ESH,1989,0.691
221,Western Sahara,ESH,1990,1.367
221,Western Sahara,ESH,1991,0.55
221,Western Sahara,ESH,1992,0.529
221,Western Sahara,ESH,1993,0.315
221,Western Sahara,ESH,1994,0.903
221,Western Sahara,ESH,1995,1.356
221,Western Sahara,ESH,1996,1.353
221,Western Sahara,ESH,1997,1.536
221,Western Sahara,ESH,1998,1.415
221,Western Sahara,ESH,1999,0.935
221,Western Sahara,ESH,2000,0.874
221,Western Sahara,ESH,2001,1.296
221,Western Sahara,ESH,2002,1.249
221,Western Sahara,ESH,2003,1.387
221,Western Sahara,ESH,2004,1.55
221,Western Sahara,ESH,2005,1.21
221,Western Sahara,ESH,2006,1.406
221,Western Sahara,ESH,2007,0.903
221,Western Sahara,ESH,2008,1.351
221,Western Sahara,ESH,2009,0.938
221,Western Sahara,ESH,2010,1.898
221,Western Sahara,ESH,2011,1.579
221,Western Sahara,ESH,2012,1.344
221,Western Sahara,ESH,2013,1.423
221,Western Sahara,ESH,2014,1.401
221,Western Sahara,ESH,2015,1.51
221,Western Sahara,ESH,2016,1.732
221,Western Sahara,ESH,2017,2.204
221,Western Sahara,ESH,2018,0.942
221,Western Sahara,ESH,2019,1.477
221,Western Sahara,ESH,2020,2.069
221,Western Sahara,ESH,2021,1.593
221,Western Sahara,ESH,2022,1.97
222,World,WLD,1961,0.211
222,World,WLD,1962,0.038
222,World,WLD,1963,0.168
222,World,WLD,1964,-0.246
222,World,WLD,1965,-0.223
222,World,WLD,1966,0.201
222,World,WLD,1967,-0.117
222,World,WLD,1968,-0.126
222,World,WLD,1969,-0.092
222,World,WLD,1970,0.15
222,World,WLD,1971,-0.093
222,World,WLD,1972,-0.199
222,World,WLD,1973,0.269
222,World,WLD,1974,-0.181
222,World,WLD,1975,0.088
222,World,WLD,1976,-0.314
222,World,WLD,1977,0.269
222,World,WLD,1978,0.001
222,World,WLD,1979,0.226
222,World,WLD,1980,0.332
222,World,WLD,1981,0.443
222,World,WLD,1982,0.086
222,World,WLD,1983,0.46
222,World,WLD,1984,0.127
222,World,WLD,1985,-0.031
222,World,WLD,1986,0.242
222,World,WLD,1987,0.403
222,World,WLD,1988,0.558
222,World,WLD,1989,0.331
222,World,WLD,1990,0.639
222,World,WLD,1991,0.468
222,World,WLD,1992,0.184
222,World,WLD,1993,0.348
222,World,WLD,1994,0.507
222,World,WLD,1995,0.835
222,World,WLD,1996,0.355
222,World,WLD,1997,0.656
222,World,WLD,1998,0.993
222,World,WLD,1999,0.783
222,World,WLD,2000,0.728
222,World,WLD,2001,0.834
222,World,WLD,2002,1.021
222,World,WLD,2003,0.893
222,World,WLD,2004,0.913
222,World,WLD,2005,1.095
222,World,WLD,2006,0.998
222,World,WLD,2007,1.195
222,World,WLD,2008,0.935
222,World,WLD,2009,0.957
222,World,WLD,2010,1.219
222,World,WLD,2011,0.921
222,World,WLD,2012,1.074
222,World,WLD,2013,1.016
222,World,WLD,2014,1.053
222,World,WLD,2015,1.412
222,World,WLD,2016,1.66
222,World,WLD,2017,1.429
222,World,WLD,2018,1.29
222,World,WLD,2019,1.444
222,World,WLD,2020,1.711
222,World,WLD,2021,1.447
222,World,WLD,2022,1.394
223,"Yemen, Rep. of",YEM,1961,0.029
223,"Yemen, Rep. of",YEM,1962,-0.009
223,"Yemen, Rep. of",YEM,1963,0.169
223,"Yemen, Rep. of",YEM,1964,-0.251
223,"Yemen, Rep. of",YEM,1965,-0.623
223,"Yemen, Rep. of",YEM,1966,0.089
223,"Yemen, Rep. of",YEM,1967,-0.257
223,"Yemen, Rep. of",YEM,1968,-0.252
223,"Yemen, Rep. of",YEM,1969,0.262
223,"Yemen, Rep. of",YEM,1970,0.387
223,"Yemen, Rep. of",YEM,1971,-0.205
223,"Yemen, Rep. of",YEM,1972,0.041
223,"Yemen, Rep. of",YEM,1973,0.328
223,"Yemen, Rep. of",YEM,1974,-0.114
223,"Yemen, Rep. of",YEM,1975,0.026
223,"Yemen, Rep. of",YEM,1976,-0.081
223,"Yemen, Rep. of",YEM,1977,0.394
223,"Yemen, Rep. of",YEM,1978,0.41
223,"Yemen, Rep. of",YEM,1979,0.547
223,"Yemen, Rep. of",YEM,1980,0.83
223,"Yemen, Rep. of",YEM,1981,0.04
223,"Yemen, Rep. of",YEM,1982,-0.044
223,"Yemen, Rep. of",YEM,1983,0.086
223,"Yemen, Rep. of",YEM,1984,0.273
223,"Yemen, Rep. of",YEM,1985,0.527
223,"Yemen, Rep. of",YEM,1986,-0.12
223,"Yemen, Rep. of",YEM,1987,0.012
223,"Yemen, Rep. of",YEM,1988,0.971
223,"Yemen, Rep. of",YEM,1989,0.361
223,"Yemen, Rep. of",YEM,1990,0.457
223,"Yemen, Rep. of",YEM,1997,0.107
224,Zambia,ZMB,1961,0.228
224,Zambia,ZMB,1962,-0.168
224,Zambia,ZMB,1963,-0.39
224,Zambia,ZMB,1964,-0.279
224,Zambia,ZMB,1965,-0.418
224,Zambia,ZMB,1966,0.3
224,Zambia,ZMB,1967,-0.014
224,Zambia,ZMB,1968,-0.13
224,Zambia,ZMB,1969,0.243
224,Zambia,ZMB,1970,0.351
224,Zambia,ZMB,1971,-0.249
224,Zambia,ZMB,1972,-0.139
224,Zambia,ZMB,1973,0.383
224,Zambia,ZMB,1974,-0.405
224,Zambia,ZMB,1975,-0.127
224,Zambia,ZMB,1976,-0.314
224,Zambia,ZMB,1977,0.51
224,Zambia,ZMB,1978,0.087
224,Zambia,ZMB,1979,0.249
224,Zambia,ZMB,1980,0.138
224,Zambia,ZMB,1981,-0.158
224,Zambia,ZMB,1982,0.34
224,Zambia,ZMB,1983,1.064
224,Zambia,ZMB,1984,0.575
224,Zambia,ZMB,1985,0.206
224,Zambia,ZMB,1986,0.061
224,Zambia,ZMB,1987,0.958
224,Zambia,ZMB,1988,0.627
224,Zambia,ZMB,1989,0.139
224,Zambia,ZMB,1990,0.772
224,Zambia,ZMB,1991,0.166
224,Zambia,ZMB,1992,0.544
224,Zambia,ZMB,1993,-0.117
224,Zambia,ZMB,1994,0.362
224,Zambia,ZMB,1995,0.761
224,Zambia,ZMB,1996,0.393
224,Zambia,ZMB,1997,0.339
224,Zambia,ZMB,1998,0.876
224,Zambia,ZMB,1999,0.064
224,Zambia,ZMB,2000,-0.04
224,Zambia,ZMB,2001,0.263
224,Zambia,ZMB,2002,0.711
224,Zambia,ZMB,2003,0.871
224,Zambia,ZMB,2004,0.606
224,Zambia,ZMB,2005,0.948
224,Zambia,ZMB,2006,0.623
224,Zambia,ZMB,2007,0.78
224,Zambia,ZMB,2008,0.438
224,Zambia,ZMB,2009,0.306
224,Zambia,ZMB,2010,1.21
224,Zambia,ZMB,2011,0.956
224,Zambia,ZMB,2012,0.972
224,Zambia,ZMB,2013,0.79
224,Zambia,ZMB,2014,0.917
224,Zambia,ZMB,2015,1.45
224,Zambia,ZMB,2016,1.401
224,Zambia,ZMB,2017,0.105
224,Zambia,ZMB,2018,0.648
224,Zambia,ZMB,2019,0.855
224,Zambia,ZMB,2020,0.891
224,Zambia,ZMB,2021,0.822
224,Zambia,ZMB,2022,0.686
225,Zimbabwe,ZWE,1961,0.267
225,Zimbabwe,ZWE,1962,0.237
225,Zimbabwe,ZWE,1963,-0.458
225,Zimbabwe,ZWE,1964,-0.097
225,Zimbabwe,ZWE,1965,-0.48
225,Zimbabwe,ZWE,1966,0.215
225,Zimbabwe,ZWE,1967,-0.043
225,Zimbabwe,ZWE,1968,0.093
225,Zimbabwe,ZWE,1969,0.215
225,Zimbabwe,ZWE,1970,0.421
225,Zimbabwe,ZWE,1971,-0.052
225,Zimbabwe,ZWE,1972,-0.397
225,Zimbabwe,ZWE,1973,0.601
225,Zimbabwe,ZWE,1974,-0.485
225,Zimbabwe,ZWE,1975,-0.262
225,Zimbabwe,ZWE,1976,-0.436
225,Zimbabwe,ZWE,1977,0.433
225,Zimbabwe,ZWE,1978,-0.016
225,Zimbabwe,ZWE,1979,0.189
225,Zimbabwe,ZWE,1980,-0.024
225,Zimbabwe,ZWE,1981,-0.36
225,Zimbabwe,ZWE,1982,0.17
225,Zimbabwe,ZWE,1983,1.223
225,Zimbabwe,ZWE,1984,0.483
225,Zimbabwe,ZWE,1985,0.027
225,Zimbabwe,ZWE,1986,0.025
225,Zimbabwe,ZWE,1987,1.07
225,Zimbabwe,ZWE,1988,0.447
225,Zimbabwe,ZWE,1989,0.181
225,Zimbabwe,ZWE,1990,0.567
225,Zimbabwe,ZWE,1991,0.192
225,Zimbabwe,ZWE,1992,1.01
225,Zimbabwe,ZWE,1993,0.3
225,Zimbabwe,ZWE,1994,-0.085
225,Zimbabwe,ZWE,1995,0.685
225,Zimbabwe,ZWE,1996,-0.247
225,Zimbabwe,ZWE,1997,-0.025
225,Zimbabwe,ZWE,1998,0.801
225,Zimbabwe,ZWE,1999,0.03
225,Zimbabwe,ZWE,2000,-0.417
225,Zimbabwe,ZWE,2001,0.004
225,Zimbabwe,ZWE,2002,0.487
225,Zimbabwe,ZWE,2003,0.355
225,Zimbabwe,ZWE,2004,-0.004
225,Zimbabwe,ZWE,2005,0.945
225,Zimbabwe,ZWE,2006,-0.26
225,Zimbabwe,ZWE,2007,0.127
225,Zimbabwe,ZWE,2008,0.078
225,Zimbabwe,ZWE,2009,-0.226
225,Zimbabwe,ZWE,2010,0.935
225,Zimbabwe,ZWE,2011,0.232
225,Zimbabwe,ZWE,2012,0.334
225,Zimbabwe,ZWE,2013,0.118
225,Zimbabwe,ZWE,2014,0.025
225,Zimbabwe,ZWE,2015,0.97
225,Zimbabwe,ZWE,2016,1.27
225,Zimbabwe,ZWE,2017,0.088
225,Zimbabwe,ZWE,2018,0.453
225,Zimbabwe,ZWE,2019,0.925
225,Zimbabwe,ZWE,2020,0.389
225,Zimbabwe,ZWE,2021,-0.125
225,Zimbabwe,ZWE,2022,-0.49
